--? Online Programiz Compiler Compatible Syntax Used
--! Please view Code Documentation as well
CREATE TABLE CourseInfo 
(
    CourseID INT PRIMARY KEY, -- diff divisions on same batch year may still have different course IDs
    CourseName VARCHAR(30) NOT NULL,
    Division CHAR(1) NOT NULL,
    BatchYr INT NOT NULL
);

CREATE TABLE Student 
(
    StudentID INT PRIMARY KEY,
    RollNo INT NOT NULL,
    FullName VARCHAR(50) NOT NULL,
    CourseID INT NOT NULL,
    DOB DATE NOT NULL,
    Addr VARCHAR(100),
    FOREIGN KEY (CourseID) REFERENCES CourseInfo(CourseID)
);

CREATE TABLE Subject
(
    SubjectID INT PRIMARY KEY,
    SubjectName VARCHAR(50) NOT NULL,
    CourseID INT NOT NULL,
    Yr INT,
    FOREIGN KEY (CourseID) REFERENCES CourseInfo(CourseID)
);

CREATE TABLE AttendanceServer 
(
    AttendanceID INT PRIMARY KEY,
    CourseID INT NOT NULL,
    SubjectID INT NOT NULL,
    StudentID INT NOT NULL,
    TimeOfRecord TIME NOT NULL,
    Attended INT,
    DayOfRecord DATE NOT NULL,
    FOREIGN KEY (CourseID) REFERENCES CourseInfo(CourseID),
    FOREIGN KEY (SubjectID) REFERENCES Subject(SubjectID),
    FOREIGN KEY (StudentID) REFERENCES Student(StudentID)
);

CREATE TABLE Schedule 
(
    ScheduleID INT PRIMARY KEY,
    CourseID INT NOT NULL,
    DayOfWeek VARCHAR(9),
    TimeOfRecord TIME NOT NULL,
    SubjectID INT NOT NULL,
    FOREIGN KEY (CourseID) REFERENCES CourseInfo(CourseID),
    FOREIGN KEY (SubjectID) REFERENCES Subject(SubjectID)
);


--Includes 2023-2025 batches and various Courses
INSERT INTO CourseInfo(CourseID, CourseName, Division, BatchYr)
VALUES
(1, 'Computer Science', 'A', 2024),
(2, 'Computer Science', 'B', 2024),
(3, 'Chemical Engineering', 'A', 2023),
(4, 'Chemical Engineering', 'A', 2024),
(5, 'Material Science', 'A', 2024),
(6, 'Mechanical Engineering', 'A', 2023),
(7, 'Mechanical Engineering', 'A', 2024),
(8, 'Mechanical Engineering', 'B', 2024),
(9, 'Mechanical Engineering', 'C', 2024),
(10, 'Material Science', 'A', 2023),
(11, 'Material Science', 'A', 2025),
(12, 'Philosophy', 'A', 2024),
(13, 'Philosophy', 'A', 2025),
(14, 'Biology', 'A', 2024),
(15, 'Biology', 'B', 2024);

-- Subject Inserts
INSERT INTO Subject
VALUES
-- ==============================
-- Computer Science (CourseID 1 = A, 2 = B, BatchYr 2024)
-- ==============================
(1, 'Pre-Calculus', 1, 1),
(2, 'Introduction to Programming', 1, 1),
(3, 'Calculus I', 1, 2),
(4, 'Data Structures', 1, 2),
(5, 'Algorithms', 1, 3),
(6, 'Operating Systems', 1, 3),
(7, 'Artificial Intelligence', 1, 4),
(8, 'Machine Learning', 1, 4),

(9, 'Pre-Calculus', 2, 1),
(10, 'Introduction to Programming', 2, 1),
(11, 'Calculus I', 2, 2),
(12, 'Data Structures', 2, 2),
(13, 'Algorithms', 2, 3),
(14, 'Operating Systems', 2, 3),
(15, 'Artificial Intelligence', 2, 4),
(16, 'Machine Learning', 2, 4),

-- ==============================
-- Chemical Engineering A (CourseID 3 = 2023, 4 = 2024)
-- ==============================
(17, 'General Chemistry', 3, 1),
(18, 'Engineering Mathematics I', 3, 1),
(19, 'Organic Chemistry', 3, 2),
(20, 'Inorganic Chemistry', 3, 2),
(21, 'Process Control', 3, 3),
(22, 'Separation Processes', 3, 3),
(23, 'Chemical Reaction Engineering', 3, 4),
(24, 'Environmental Engineering', 3, 4),

(25, 'General Chemistry', 4, 1),
(26, 'Engineering Mathematics I', 4, 1),
(27, 'Organic Chemistry', 4, 2),
(28, 'Inorganic Chemistry', 4, 2),
(29, 'Process Control', 4, 3),
(30, 'Separation Processes', 4, 3),
(31, 'Chemical Reaction Engineering', 4, 4),
(32, 'Environmental Engineering', 4, 4),

-- ==============================
-- Material Science (CourseID 5 = 2024, 10 = 2023, 11 = 2025)
-- ==============================
(33, 'Introduction to Materials', 10, 1),
(34, 'Engineering Mathematics II', 10, 1),
(35, 'Solid State Physics', 10, 2),
(36, 'Materials Thermodynamics', 10, 2),
(37, 'Materials Characterization', 10, 3),
(38, 'Crystallography', 10, 3),
(39, 'Nanomaterials', 10, 4),
(40, 'Composite Materials', 10, 4),

(41, 'Introduction to Materials', 5, 1),
(42, 'Engineering Mathematics II', 5, 1),
(43, 'Solid State Physics', 5, 2),
(44, 'Materials Thermodynamics', 5, 2),
(45, 'Materials Characterization', 5, 3),
(46, 'Crystallography', 5, 3),
(47, 'Nanomaterials', 5, 4),
(48, 'Composite Materials', 5, 4),

(49, 'Introduction to Materials', 11, 1),
(50, 'Engineering Mathematics II', 11, 1),
(51, 'Solid State Physics', 11, 2),
(52, 'Materials Thermodynamics', 11, 2),
(53, 'Materials Characterization', 11, 3),
(54, 'Crystallography', 11, 3),
(55, 'Nanomaterials', 11, 4),
(56, 'Composite Materials', 11, 4),

-- ==============================
-- Mechanical Engineering (CourseID 6 = 2023, 7 = A, 8 = B, 9 = C, BatchYr 2024)
-- ==============================
(57, 'Engineering Mechanics I', 6, 1),
(58, 'Engineering Drawing', 6, 1),
(59, 'Thermodynamics', 6, 2),
(60, 'Mechanics of Solids', 6, 2),
(61, 'Kinematics of Machines', 6, 3),
(62, 'Fluid Mechanics', 6, 3),
(63, 'Machine Design', 6, 4),
(64, 'Heat Transfer', 6, 4),

-- 2024 divisions A, B, C → same subjects
(65, 'Engineering Mechanics I', 7, 1),
(66, 'Engineering Drawing', 7, 1),
(67, 'Thermodynamics', 7, 2),
(68, 'Mechanics of Solids', 7, 2),
(69, 'Kinematics of Machines', 7, 3),
(70, 'Fluid Mechanics', 7, 3),
(71, 'Machine Design', 7, 4),
(72, 'Heat Transfer', 7, 4),

(73, 'Engineering Mechanics I', 8, 1),
(74, 'Engineering Drawing', 8, 1),
(75, 'Thermodynamics', 8, 2),
(76, 'Mechanics of Solids', 8, 2),
(77, 'Kinematics of Machines', 8, 3),
(78, 'Fluid Mechanics', 8, 3),
(79, 'Machine Design', 8, 4),
(80, 'Heat Transfer', 8, 4),

(81, 'Engineering Mechanics I', 9, 1),
(82, 'Engineering Drawing', 9, 1),
(83, 'Thermodynamics', 9, 2),
(84, 'Mechanics of Solids', 9, 2),
(85, 'Kinematics of Machines', 9, 3),
(86, 'Fluid Mechanics', 9, 3),
(87, 'Machine Design', 9, 4),
(88, 'Heat Transfer', 9, 4),

-- ==============================
-- Philosophy (CourseID 12 = 2024, 13 = 2025)
-- ==============================
(89, 'Introduction to Philosophy', 12, 1),
(90, 'Logic and Critical Thinking', 12, 1),
(91, 'Ethics', 12, 2),
(92, 'Philosophy of Science', 12, 2),
(93, 'Political Philosophy', 12, 3),
(94, 'Aesthetics', 12, 3),
(95, 'Philosophy of Religion', 12, 4),
(96, 'Philosophy of Language', 12, 4),

(97, 'Introduction to Philosophy', 13, 1),
(98, 'Logic and Critical Thinking', 13, 1),
(99, 'Ethics', 13, 2),
(100, 'Philosophy of Science', 13, 2),
(101, 'Political Philosophy', 13, 3),
(102, 'Aesthetics', 13, 3),
(103, 'Philosophy of Religion', 13, 4),
(104, 'Philosophy of Language', 13, 4),

-- ==============================
-- Biology (CourseID 14 = A, 15 = B, BatchYr 2024)
-- ==============================
(105, 'Cell Biology', 14, 1),
(106, 'Botany', 14, 1),
(107, 'Genetics', 14, 2),
(108, 'Biochemistry', 14, 2),
(109, 'Microbiology', 14, 3),
(110, 'Zoology', 14, 3),
(111, 'Evolutionary Biology', 14, 4),
(112, 'Molecular Biology', 14, 4),

(113, 'Cell Biology', 15, 1),
(114, 'Botany', 15, 1),
(115, 'Genetics', 15, 2),
(116, 'Biochemistry', 15, 2),
(117, 'Microbiology', 15, 3),
(118, 'Zoology', 15, 3),
(119, 'Evolutionary Biology', 15, 4),
(120, 'Molecular Biology', 15, 4);

-- Schedule Inserts
INSERT INTO Schedule VALUES
(1, 1, 'Monday', '09:00:00', 1),
(2, 1, 'Monday', '10:00:00', 2),
(3, 1, 'Monday', '12:00:00', 3),
(4, 1, 'Monday', '15:00:00', 4),
(5, 1, 'Monday', '16:00:00', 5),
(6, 1, 'Tuesday', '09:00:00', 6),
(7, 1, 'Tuesday', '10:00:00', 7),
(8, 1, 'Tuesday', '12:00:00', 8),
(9, 1, 'Tuesday', '15:00:00', 1),
(10, 1, 'Tuesday', '16:00:00', 2),
(11, 1, 'Wednesday', '09:00:00', 3),
(12, 1, 'Wednesday', '10:00:00', 4),
(13, 1, 'Wednesday', '12:00:00', 5),
(14, 1, 'Wednesday', '15:00:00', 6),
(15, 1, 'Wednesday', '16:00:00', 7),
(16, 1, 'Thursday', '09:00:00', 8),
(17, 1, 'Thursday', '10:00:00', 1),
(18, 1, 'Thursday', '12:00:00', 2),
(19, 1, 'Thursday', '15:00:00', 3),
(20, 1, 'Thursday', '16:00:00', 4),
(21, 1, 'Friday', '09:00:00', 5),
(22, 1, 'Friday', '10:00:00', 6),
(23, 1, 'Friday', '12:00:00', 7),
(24, 1, 'Friday', '15:00:00', 8),
(25, 1, 'Friday', '16:00:00', 1),
(26, 2, 'Monday', '09:00:00', 9),
(27, 2, 'Monday', '10:00:00', 10),
(28, 2, 'Monday', '12:00:00', 11),
(29, 2, 'Monday', '15:00:00', 12),
(30, 2, 'Monday', '16:00:00', 13),
(31, 2, 'Tuesday', '09:00:00', 14),
(32, 2, 'Tuesday', '10:00:00', 15),
(33, 2, 'Tuesday', '12:00:00', 16),
(34, 2, 'Tuesday', '15:00:00', 9),
(35, 2, 'Tuesday', '16:00:00', 10),
(36, 2, 'Wednesday', '09:00:00', 11),
(37, 2, 'Wednesday', '10:00:00', 12),
(38, 2, 'Wednesday', '12:00:00', 13),
(39, 2, 'Wednesday', '15:00:00', 14),
(40, 2, 'Wednesday', '16:00:00', 15),
(41, 2, 'Thursday', '09:00:00', 16),
(42, 2, 'Thursday', '10:00:00', 9),
(43, 2, 'Thursday', '12:00:00', 10),
(44, 2, 'Thursday', '15:00:00', 11),
(45, 2, 'Thursday', '16:00:00', 12),
(46, 2, 'Friday', '09:00:00', 13),
(47, 2, 'Friday', '10:00:00', 14),
(48, 2, 'Friday', '12:00:00', 15),
(49, 2, 'Friday', '15:00:00', 16),
(50, 2, 'Friday', '16:00:00', 9),
(51, 3, 'Monday', '09:00:00', 17),
(52, 3, 'Monday', '10:00:00', 18),
(53, 3, 'Monday', '12:00:00', 19),
(54, 3, 'Monday', '15:00:00', 20),
(55, 3, 'Monday', '16:00:00', 21),
(56, 3, 'Tuesday', '09:00:00', 22),
(57, 3, 'Tuesday', '10:00:00', 23),
(58, 3, 'Tuesday', '12:00:00', 24),
(59, 3, 'Tuesday', '15:00:00', 17),
(60, 3, 'Tuesday', '16:00:00', 18),
(61, 3, 'Wednesday', '09:00:00', 19),
(62, 3, 'Wednesday', '10:00:00', 20),
(63, 3, 'Wednesday', '12:00:00', 21),
(64, 3, 'Wednesday', '15:00:00', 22),
(65, 3, 'Wednesday', '16:00:00', 23),
(66, 3, 'Thursday', '09:00:00', 24),
(67, 3, 'Thursday', '10:00:00', 17),
(68, 3, 'Thursday', '12:00:00', 18),
(69, 3, 'Thursday', '15:00:00', 19),
(70, 3, 'Thursday', '16:00:00', 20),
(71, 3, 'Friday', '09:00:00', 21),
(72, 3, 'Friday', '10:00:00', 22),
(73, 3, 'Friday', '12:00:00', 23),
(74, 3, 'Friday', '15:00:00', 24),
(75, 3, 'Friday', '16:00:00', 17),
(76, 4, 'Monday', '09:00:00', 25),
(77, 4, 'Monday', '10:00:00', 26),
(78, 4, 'Monday', '12:00:00', 27),
(79, 4, 'Monday', '15:00:00', 28),
(80, 4, 'Monday', '16:00:00', 29),
(81, 4, 'Tuesday', '09:00:00', 30),
(82, 4, 'Tuesday', '10:00:00', 31),
(83, 4, 'Tuesday', '12:00:00', 32),
(84, 4, 'Tuesday', '15:00:00', 25),
(85, 4, 'Tuesday', '16:00:00', 26),
(86, 4, 'Wednesday', '09:00:00', 27),
(87, 4, 'Wednesday', '10:00:00', 28),
(88, 4, 'Wednesday', '12:00:00', 29),
(89, 4, 'Wednesday', '15:00:00', 30),
(90, 4, 'Wednesday', '16:00:00', 31),
(91, 4, 'Thursday', '09:00:00', 32),
(92, 4, 'Thursday', '10:00:00', 25),
(93, 4, 'Thursday', '12:00:00', 26),
(94, 4, 'Thursday', '15:00:00', 27),
(95, 4, 'Thursday', '16:00:00', 28),
(96, 4, 'Friday', '09:00:00', 29),
(97, 4, 'Friday', '10:00:00', 30),
(98, 4, 'Friday', '12:00:00', 31),
(99, 4, 'Friday', '15:00:00', 32),
(100, 4, 'Friday', '16:00:00', 25),
(101, 5, 'Monday', '09:00:00', 41),
(102, 5, 'Monday', '10:00:00', 42),
(103, 5, 'Monday', '12:00:00', 43),
(104, 5, 'Monday', '15:00:00', 44),
(105, 5, 'Monday', '16:00:00', 45),
(106, 5, 'Tuesday', '09:00:00', 46),
(107, 5, 'Tuesday', '10:00:00', 47),
(108, 5, 'Tuesday', '12:00:00', 48),
(109, 5, 'Tuesday', '15:00:00', 41),
(110, 5, 'Tuesday', '16:00:00', 42),
(111, 5, 'Wednesday', '09:00:00', 43),
(112, 5, 'Wednesday', '10:00:00', 44),
(113, 5, 'Wednesday', '12:00:00', 45),
(114, 5, 'Wednesday', '15:00:00', 46),
(115, 5, 'Wednesday', '16:00:00', 47),
(116, 5, 'Thursday', '09:00:00', 48),
(117, 5, 'Thursday', '10:00:00', 41),
(118, 5, 'Thursday', '12:00:00', 42),
(119, 5, 'Thursday', '15:00:00', 43),
(120, 5, 'Thursday', '16:00:00', 44),
(121, 5, 'Friday', '09:00:00', 45),
(122, 5, 'Friday', '10:00:00', 46),
(123, 5, 'Friday', '12:00:00', 47),
(124, 5, 'Friday', '15:00:00', 48),
(125, 5, 'Friday', '16:00:00', 41),
(126, 6, 'Monday', '09:00:00', 57),
(127, 6, 'Monday', '10:00:00', 58),
(128, 6, 'Monday', '12:00:00', 59),
(129, 6, 'Monday', '15:00:00', 60),
(130, 6, 'Monday', '16:00:00', 61),
(131, 6, 'Tuesday', '09:00:00', 62),
(132, 6, 'Tuesday', '10:00:00', 63),
(133, 6, 'Tuesday', '12:00:00', 64),
(134, 6, 'Tuesday', '15:00:00', 57),
(135, 6, 'Tuesday', '16:00:00', 58),
(136, 6, 'Wednesday', '09:00:00', 59),
(137, 6, 'Wednesday', '10:00:00', 60),
(138, 6, 'Wednesday', '12:00:00', 61),
(139, 6, 'Wednesday', '15:00:00', 62),
(140, 6, 'Wednesday', '16:00:00', 63),
(141, 6, 'Thursday', '09:00:00', 64),
(142, 6, 'Thursday', '10:00:00', 57),
(143, 6, 'Thursday', '12:00:00', 58),
(144, 6, 'Thursday', '15:00:00', 59),
(145, 6, 'Thursday', '16:00:00', 60),
(146, 6, 'Friday', '09:00:00', 61),
(147, 6, 'Friday', '10:00:00', 62),
(148, 6, 'Friday', '12:00:00', 63),
(149, 6, 'Friday', '15:00:00', 64),
(150, 6, 'Friday', '16:00:00', 57),
(151, 7, 'Monday', '09:00:00', 65),
(152, 7, 'Monday', '10:00:00', 66),
(153, 7, 'Monday', '12:00:00', 67),
(154, 7, 'Monday', '15:00:00', 68),
(155, 7, 'Monday', '16:00:00', 69),
(156, 7, 'Tuesday', '09:00:00', 70),
(157, 7, 'Tuesday', '10:00:00', 71),
(158, 7, 'Tuesday', '12:00:00', 72),
(159, 7, 'Tuesday', '15:00:00', 65),
(160, 7, 'Tuesday', '16:00:00', 66),
(161, 7, 'Wednesday', '09:00:00', 67),
(162, 7, 'Wednesday', '10:00:00', 68),
(163, 7, 'Wednesday', '12:00:00', 69),
(164, 7, 'Wednesday', '15:00:00', 70),
(165, 7, 'Wednesday', '16:00:00', 71),
(166, 7, 'Thursday', '09:00:00', 72),
(167, 7, 'Thursday', '10:00:00', 65),
(168, 7, 'Thursday', '12:00:00', 66),
(169, 7, 'Thursday', '15:00:00', 67),
(170, 7, 'Thursday', '16:00:00', 68),
(171, 7, 'Friday', '09:00:00', 69),
(172, 7, 'Friday', '10:00:00', 70),
(173, 7, 'Friday', '12:00:00', 71),
(174, 7, 'Friday', '15:00:00', 72),
(175, 7, 'Friday', '16:00:00', 65),
(176, 8, 'Monday', '09:00:00', 73),
(177, 8, 'Monday', '10:00:00', 74),
(178, 8, 'Monday', '12:00:00', 75),
(179, 8, 'Monday', '15:00:00', 76),
(180, 8, 'Monday', '16:00:00', 77),
(181, 8, 'Tuesday', '09:00:00', 78),
(182, 8, 'Tuesday', '10:00:00', 79),
(183, 8, 'Tuesday', '12:00:00', 80),
(184, 8, 'Tuesday', '15:00:00', 73),
(185, 8, 'Tuesday', '16:00:00', 74),
(186, 8, 'Wednesday', '09:00:00', 75),
(187, 8, 'Wednesday', '10:00:00', 76),
(188, 8, 'Wednesday', '12:00:00', 77),
(189, 8, 'Wednesday', '15:00:00', 78),
(190, 8, 'Wednesday', '16:00:00', 79),
(191, 8, 'Thursday', '09:00:00', 80),
(192, 8, 'Thursday', '10:00:00', 73),
(193, 8, 'Thursday', '12:00:00', 74),
(194, 8, 'Thursday', '15:00:00', 75),
(195, 8, 'Thursday', '16:00:00', 76),
(196, 8, 'Friday', '09:00:00', 77),
(197, 8, 'Friday', '10:00:00', 78),
(198, 8, 'Friday', '12:00:00', 79),
(199, 8, 'Friday', '15:00:00', 80),
(200, 8, 'Friday', '16:00:00', 73),
(201, 9, 'Monday', '09:00:00', 81),
(202, 9, 'Monday', '10:00:00', 82),
(203, 9, 'Monday', '12:00:00', 83),
(204, 9, 'Monday', '15:00:00', 84),
(205, 9, 'Monday', '16:00:00', 85),
(206, 9, 'Tuesday', '09:00:00', 86),
(207, 9, 'Tuesday', '10:00:00', 87),
(208, 9, 'Tuesday', '12:00:00', 88),
(209, 9, 'Tuesday', '15:00:00', 81),
(210, 9, 'Tuesday', '16:00:00', 82),
(211, 9, 'Wednesday', '09:00:00', 83),
(212, 9, 'Wednesday', '10:00:00', 84),
(213, 9, 'Wednesday', '12:00:00', 85),
(214, 9, 'Wednesday', '15:00:00', 86),
(215, 9, 'Wednesday', '16:00:00', 87),
(216, 9, 'Thursday', '09:00:00', 88),
(217, 9, 'Thursday', '10:00:00', 81),
(218, 9, 'Thursday', '12:00:00', 82),
(219, 9, 'Thursday', '15:00:00', 83),
(220, 9, 'Thursday', '16:00:00', 84),
(221, 9, 'Friday', '09:00:00', 85),
(222, 9, 'Friday', '10:00:00', 86),
(223, 9, 'Friday', '12:00:00', 87),
(224, 9, 'Friday', '15:00:00', 88),
(225, 9, 'Friday', '16:00:00', 81),
(226, 10, 'Monday', '09:00:00', 33),
(227, 10, 'Monday', '10:00:00', 34),
(228, 10, 'Monday', '12:00:00', 35),
(229, 10, 'Monday', '15:00:00', 36),
(230, 10, 'Monday', '16:00:00', 37),
(231, 10, 'Tuesday', '09:00:00', 38),
(232, 10, 'Tuesday', '10:00:00', 39),
(233, 10, 'Tuesday', '12:00:00', 40),
(234, 10, 'Tuesday', '15:00:00', 33),
(235, 10, 'Tuesday', '16:00:00', 34),
(236, 10, 'Wednesday', '09:00:00', 35),
(237, 10, 'Wednesday', '10:00:00', 36),
(238, 10, 'Wednesday', '12:00:00', 37),
(239, 10, 'Wednesday', '15:00:00', 38),
(240, 10, 'Wednesday', '16:00:00', 39),
(241, 10, 'Thursday', '09:00:00', 40),
(242, 10, 'Thursday', '10:00:00', 33),
(243, 10, 'Thursday', '12:00:00', 34),
(244, 10, 'Thursday', '15:00:00', 35),
(245, 10, 'Thursday', '16:00:00', 36),
(246, 10, 'Friday', '09:00:00', 37),
(247, 10, 'Friday', '10:00:00', 38),
(248, 10, 'Friday', '12:00:00', 39),
(249, 10, 'Friday', '15:00:00', 40),
(250, 10, 'Friday', '16:00:00', 33),
(251, 11, 'Monday', '09:00:00', 49),
(252, 11, 'Monday', '10:00:00', 50),
(253, 11, 'Monday', '12:00:00', 51),
(254, 11, 'Monday', '15:00:00', 52),
(255, 11, 'Monday', '16:00:00', 53),
(256, 11, 'Tuesday', '09:00:00', 54),
(257, 11, 'Tuesday', '10:00:00', 55),
(258, 11, 'Tuesday', '12:00:00', 56),
(259, 11, 'Tuesday', '15:00:00', 49),
(260, 11, 'Tuesday', '16:00:00', 50),
(261, 11, 'Wednesday', '09:00:00', 51),
(262, 11, 'Wednesday', '10:00:00', 52),
(263, 11, 'Wednesday', '12:00:00', 53),
(264, 11, 'Wednesday', '15:00:00', 54),
(265, 11, 'Wednesday', '16:00:00', 55),
(266, 11, 'Thursday', '09:00:00', 56),
(267, 11, 'Thursday', '10:00:00', 49),
(268, 11, 'Thursday', '12:00:00', 50),
(269, 11, 'Thursday', '15:00:00', 51),
(270, 11, 'Thursday', '16:00:00', 52),
(271, 11, 'Friday', '09:00:00', 53),
(272, 11, 'Friday', '10:00:00', 54),
(273, 11, 'Friday', '12:00:00', 55),
(274, 11, 'Friday', '15:00:00', 56),
(275, 11, 'Friday', '16:00:00', 49),
(276, 12, 'Monday', '09:00:00', 89),
(277, 12, 'Monday', '10:00:00', 90),
(278, 12, 'Monday', '12:00:00', 91),
(279, 12, 'Monday', '15:00:00', 92),
(280, 12, 'Monday', '16:00:00', 93),
(281, 12, 'Tuesday', '09:00:00', 94),
(282, 12, 'Tuesday', '10:00:00', 95),
(283, 12, 'Tuesday', '12:00:00', 96),
(284, 12, 'Tuesday', '15:00:00', 89),
(285, 12, 'Tuesday', '16:00:00', 90),
(286, 12, 'Wednesday', '09:00:00', 91),
(287, 12, 'Wednesday', '10:00:00', 92),
(288, 12, 'Wednesday', '12:00:00', 93),
(289, 12, 'Wednesday', '15:00:00', 94),
(290, 12, 'Wednesday', '16:00:00', 95),
(291, 12, 'Thursday', '09:00:00', 96),
(292, 12, 'Thursday', '10:00:00', 89),
(293, 12, 'Thursday', '12:00:00', 90),
(294, 12, 'Thursday', '15:00:00', 91),
(295, 12, 'Thursday', '16:00:00', 92),
(296, 12, 'Friday', '09:00:00', 93),
(297, 12, 'Friday', '10:00:00', 94),
(298, 12, 'Friday', '12:00:00', 95),
(299, 12, 'Friday', '15:00:00', 96),
(300, 12, 'Friday', '16:00:00', 89),
(301, 13, 'Monday', '09:00:00', 97),
(302, 13, 'Monday', '10:00:00', 98),
(303, 13, 'Monday', '12:00:00', 99),
(304, 13, 'Monday', '15:00:00', 100),
(305, 13, 'Monday', '16:00:00', 101),
(306, 13, 'Tuesday', '09:00:00', 102),
(307, 13, 'Tuesday', '10:00:00', 103),
(308, 13, 'Tuesday', '12:00:00', 104),
(309, 13, 'Tuesday', '15:00:00', 97),
(310, 13, 'Tuesday', '16:00:00', 98),
(311, 13, 'Wednesday', '09:00:00', 99),
(312, 13, 'Wednesday', '10:00:00', 100),
(313, 13, 'Wednesday', '12:00:00', 101),
(314, 13, 'Wednesday', '15:00:00', 102),
(315, 13, 'Wednesday', '16:00:00', 103),
(316, 13, 'Thursday', '09:00:00', 104),
(317, 13, 'Thursday', '10:00:00', 97),
(318, 13, 'Thursday', '12:00:00', 98),
(319, 13, 'Thursday', '15:00:00', 99),
(320, 13, 'Thursday', '16:00:00', 100),
(321, 13, 'Friday', '09:00:00', 101),
(322, 13, 'Friday', '10:00:00', 102),
(323, 13, 'Friday', '12:00:00', 103),
(324, 13, 'Friday', '15:00:00', 104),
(325, 13, 'Friday', '16:00:00', 97),
(326, 14, 'Monday', '09:00:00', 105),
(327, 14, 'Monday', '10:00:00', 106),
(328, 14, 'Monday', '12:00:00', 107),
(329, 14, 'Monday', '15:00:00', 108),
(330, 14, 'Monday', '16:00:00', 109),
(331, 14, 'Tuesday', '09:00:00', 110),
(332, 14, 'Tuesday', '10:00:00', 111),
(333, 14, 'Tuesday', '12:00:00', 112),
(334, 14, 'Tuesday', '15:00:00', 105),
(335, 14, 'Tuesday', '16:00:00', 106),
(336, 14, 'Wednesday', '09:00:00', 107),
(337, 14, 'Wednesday', '10:00:00', 108),
(338, 14, 'Wednesday', '12:00:00', 109),
(339, 14, 'Wednesday', '15:00:00', 110),
(340, 14, 'Wednesday', '16:00:00', 111),
(341, 14, 'Thursday', '09:00:00', 112),
(342, 14, 'Thursday', '10:00:00', 105),
(343, 14, 'Thursday', '12:00:00', 106),
(344, 14, 'Thursday', '15:00:00', 107),
(345, 14, 'Thursday', '16:00:00', 108),
(346, 14, 'Friday', '09:00:00', 109),
(347, 14, 'Friday', '10:00:00', 110),
(348, 14, 'Friday', '12:00:00', 111),
(349, 14, 'Friday', '15:00:00', 112),
(350, 14, 'Friday', '16:00:00', 105),
(351, 15, 'Monday', '09:00:00', 113),
(352, 15, 'Monday', '10:00:00', 114),
(353, 15, 'Monday', '12:00:00', 115),
(354, 15, 'Monday', '15:00:00', 116),
(355, 15, 'Monday', '16:00:00', 117),
(356, 15, 'Tuesday', '09:00:00', 118),
(357, 15, 'Tuesday', '10:00:00', 119),
(358, 15, 'Tuesday', '12:00:00', 120),
(359, 15, 'Tuesday', '15:00:00', 113),
(360, 15, 'Tuesday', '16:00:00', 114),
(361, 15, 'Wednesday', '09:00:00', 115),
(362, 15, 'Wednesday', '10:00:00', 116),
(363, 15, 'Wednesday', '12:00:00', 117),
(364, 15, 'Wednesday', '15:00:00', 118),
(365, 15, 'Wednesday', '16:00:00', 119),
(366, 15, 'Thursday', '09:00:00', 120),
(367, 15, 'Thursday', '10:00:00', 113),
(368, 15, 'Thursday', '12:00:00', 114),
(369, 15, 'Thursday', '15:00:00', 115),
(370, 15, 'Thursday', '16:00:00', 116),
(371, 15, 'Friday', '09:00:00', 117),
(372, 15, 'Friday', '10:00:00', 118),
(373, 15, 'Friday', '12:00:00', 119),
(374, 15, 'Friday', '15:00:00', 120),
(375, 15, 'Friday', '16:00:00', 113);

-- Student Inserts
INSERT INTO Student
VALUES
(1, 1, 'Erika Huynh', 1, '2007-04-29', '03334 Gordon Mountain Suite 167, New Holly, ME 71126'),
(2, 2, 'Brooke Perry', 1, '2000-07-17', '1491 Hall Wells Apt. 948, Lake Christopherview, NV 81514'),
(3, 3, 'Charles Simpson', 1, '2000-02-15', '46715 John Meadows Apt. 154, Carterchester, SC 37052'),
(4, 4, 'James Williams', 1, '2004-10-10', '09534 Moore Path, Chrisside, SD 71776'),
(5, 5, 'Emily West', 1, '2000-09-22', '2746 Dixon Drive, Romanbury, AZ 13148'),
(6, 6, 'Caitlin Whitaker', 1, '2004-08-25', '61432 Clarke Curve, North Danielshire, WV 19109'),
(7, 7, 'Cindy Jones', 1, '2006-02-11', 'PSC 4570, Box 4059, APO AP 79600'),
(8, 8, 'Desiree Richardson', 1, '2003-01-10', '1360 Monica Gardens Suite 616, Wayneberg, WV 79854'),
(9, 9, 'Samantha Massey', 1, '2001-11-21', '2056 David Ferry, Johnsonbury, MD 93572'),
(10, 10, 'Anthony Smith', 1, '2005-06-25', '9885 Brown Haven, West Robertfurt, PA 99617'),
(11, 11, 'Joshua Herrera Jr.', 1, '2007-05-30', '908 Nicole Field, Jacobsonport, AZ 99772'),
(12, 12, 'Joshua Vazquez', 1, '2001-01-11', '774 Nolan View Suite 464, New Brendashire, WV 80478'),
(13, 13, 'Robin Allen', 1, '2006-01-01', '135 Bailey Mission Suite 083, West Laurachester, IL 02741'),
(14, 14, 'Anna Perez', 1, '1999-09-17', '446 Arnold Crossing, South Sarah, MI 85755'),
(15, 15, 'Richard Davis', 1, '2003-04-25', '4231 Jenkins Corners Apt. 964, West Sue, MO 40614'),
(16, 16, 'Kelsey Hernandez', 1, '2003-03-24', 'PSC 5199, Box 3316, APO AA 14381'),
(17, 17, 'Tony Camacho', 1, '2007-04-13', '207 Jesse Brook, Jonesfort, PA 28049'),
(18, 18, 'Anthony Robinson', 1, '2000-09-11', '512 Cochran Corner Apt. 364, Thomasborough, MD 71801'),
(19, 19, 'Dr. Randall Griffin', 1, '2003-09-09', '58599 Clark Inlet Suite 392, Scottland, MD 82549'),
(20, 20, 'Michele Sweeney', 1, '2007-01-28', '680 Maureen Canyon, Lake Brandon, IA 36673'),
(21, 21, 'Sharon Costa', 1, '2003-08-16', '67333 Johnson Islands Suite 386, Markfort, ND 77378'),
(22, 22, 'Mary Spencer', 1, '2000-11-19', '929 Smith Cliff Apt. 325, Jonesbury, ID 44753'),
(23, 23, 'Jordan Russell', 1, '2001-12-08', '806 Alvarez Plaza, South Brett, VT 34549'),
(24, 24, 'Jeffrey Gillespie', 1, '2004-11-16', '8611 Beverly Pass Suite 572, Douglashaven, MO 99941'),
(25, 25, 'William Blanchard', 1, '2004-04-15', '18076 Daniel Plains, Stephanieside, UT 20244'),
(26, 26, 'Michael Rivera', 1, '2004-02-08', '13757 Howard Manor, Jeffreyberg, MI 39631'),
(27, 27, 'Joshua Evans', 1, '2003-07-29', '801 John Squares Apt. 042, Lindaburgh, AR 68052'),
(28, 28, 'Kelsey Roberts', 1, '2005-08-31', '2936 Robert Orchard, New Ronaldview, IN 98897'),
(29, 29, 'Ashley Fisher', 1, '2007-06-03', '731 Rhonda Plain Suite 329, South Pamelaland, KY 10379'),
(30, 30, 'Karen Garza', 1, '2001-03-12', '320 Moore Harbor, East Rebeccabury, ME 05278'),
(31, 1, 'Ashley Wallace', 2, '2000-02-03', '5024 Gibson Landing Suite 312, Nicholasshire, OR 91737'),
(32, 2, 'Alyssa Hill', 2, '2005-05-07', '486 Vanessa Gateway Suite 672, Jacobshaven, NM 98568'),
(33, 3, 'Mr. Nicholas Vasquez DVM', 2, '2001-11-07', '513 Mcgrath Turnpike Apt. 120, Lake Jenniferbury, SD 79252'),
(34, 4, 'Heather Byrd', 2, '2007-02-03', '8950 Matthew Ridge Suite 618, East Kristina, LA 54784'),
(35, 5, 'Mathew Turner', 2, '2004-03-02', '174 Lopez Mount Suite 426, South Christina, NM 98670'),
(36, 6, 'Lisa Jones', 2, '2006-02-08', '0655 Burke Pine Suite 054, Janetborough, OR 02161'),
(37, 7, 'Richard Swanson', 2, '2003-01-04', '163 Anderson Mall Apt. 382, Bartontown, DE 50507'),
(38, 8, 'Anthony Porter', 2, '1999-12-24', '413 Ronnie Parkway Apt. 178, Barryhaven, LA 25520'),
(39, 9, 'Christina Fleming', 2, '2002-11-04', '622 Sarah Summit, East Jeffrey, ME 85117'),
(40, 10, 'Kara Preston', 2, '2002-10-25', '1133 Robert Pine Suite 041, Moyerport, FL 80437'),
(41, 11, 'Robert May', 2, '2004-04-19', '655 Yang Way Apt. 515, New Jacobside, MN 27331'),
(42, 12, 'Eric Hill', 2, '2002-05-05', '7432 Adams Highway, Bellland, NM 95632'),
(43, 13, 'Julie Carter', 2, '2000-09-23', '7689 Holland Stravenue, Lake Stevenfurt, ME 30994'),
(44, 14, 'Kyle Davis', 2, '2004-06-05', '41316 Bright Curve Suite 083, West Christopherchester, CT 61737'),
(45, 15, 'Joseph Barnett', 2, '2004-01-16', '057 Chavez Glen, Mataburgh, NE 20356'),
(46, 16, 'Daniel Carroll', 2, '2003-05-08', '9785 Hall Crossroad, West Sharonshire, IN 02311'),
(47, 17, 'Wayne Aguirre', 2, '2004-04-23', '968 Dunlap Shoal, Taylorberg, WA 14185'),
(48, 18, 'Gregory Lee', 2, '2006-03-30', '901 Walters Stravenue, North Julian, CO 22022'),
(49, 19, 'Mark Jackson', 2, '2006-07-18', '174 Jeremiah Roads, New Angela, IN 83917'),
(50, 20, 'Jason Harris', 2, '2004-09-15', '5653 Coffey Lakes, Conwaytown, WV 37562'),
(51, 21, 'Robert Jackson', 2, '2004-10-29', '40655 Hall Mount, Port Jade, UT 75789'),
(52, 22, 'Alexandria Greer', 2, '2006-11-09', '06599 Joshua Wall Suite 311, Kelseyton, IN 65354'),
(53, 23, 'Jason Sexton', 2, '2001-06-24', 'USNV Johnson, FPO AE 21139'),
(54, 24, 'Jerome Wong', 2, '2005-11-15', '71410 Morrow Station, Howellville, NE 64414'),
(55, 25, 'Gregory Foster', 2, '2004-03-22', '91549 Murray Point, Jenniferfort, NY 97925'),
(56, 26, 'Marc Callahan', 2, '2005-06-05', '15264 Anderson Park, Lorrainefurt, DE 24071'),
(57, 27, 'Todd Sanchez', 2, '2001-07-29', '8634 Oconnor Village, Meadowsmouth, AL 51598'),
(58, 28, 'Lisa Garcia', 2, '2005-12-04', '0578 Kaiser Mountains Suite 650, Martinezfort, NJ 30672'),
(59, 29, 'James Vega', 2, '2004-04-24', '57324 Watkins Mall, Lake Christopher, DC 83739'),
(60, 30, 'John Myers', 2, '2001-10-09', '637 Ebony Roads, Smithview, IA 77485'),
(61, 1, 'Kimberly Melton', 3, '2006-09-09', 'Unit 8363 Box 5660, DPO AA 53517'),
(62, 2, 'Melissa Garcia', 3, '2002-02-06', '3939 Benjamin Keys, Larahaven, ID 29643'),
(63, 3, 'Lisa Love', 3, '2002-03-12', '0790 Alexandra Square Apt. 233, Aprilport, CT 08870'),
(64, 4, 'Jaime Wilson', 3, '2007-07-06', 'PSC 5658, Box 4007, APO AP 33712'),
(65, 5, 'Caleb Brooks', 3, '2007-01-01', '5204 Wilson Alley Apt. 153, Port Kaitlynshire, SD 25506'),
(66, 6, 'Shannon Murphy', 3, '2002-10-07', 'USCGC Martin, FPO AE 28311'),
(67, 7, 'Andrea Blackburn', 3, '2005-09-16', '706 Jessica Highway Apt. 614, West Williamhaven, IL 78740'),
(68, 8, 'Christopher Lewis Jr.', 3, '2001-01-15', '1904 Ingram Plaza, Crosstown, AR 58107'),
(69, 9, 'Susan Tucker', 3, '2007-07-10', 'PSC 1436, Box 6453, APO AA 24478'),
(70, 10, 'Sabrina Allen', 3, '2005-09-03', '86096 Deanna Extension, Lake Annette, NH 77340'),
(71, 11, 'Mary Juarez', 3, '2003-12-26', '1033 Christopher Mount, Lake Amberview, LA 71689'),
(72, 12, 'Adam Aguirre', 3, '2004-03-06', '949 Julie Brooks, East Timothy, NJ 28124'),
(73, 13, 'Krystal Singleton', 3, '2006-02-25', 'Unit 4181 Box 1279, DPO AA 15119'),
(74, 14, 'Megan Kennedy', 3, '2006-04-05', '627 Morgan Lights Suite 135, Mannbury, AZ 96221'),
(75, 15, 'Joshua Huang', 3, '2005-12-21', '126 Amy Mountains Apt. 354, West Daniel, CT 35194'),
(76, 16, 'Charles Mcmillan', 3, '2007-06-30', '9219 Mcintosh Garden Suite 585, Lake Robert, VT 61519'),
(77, 17, 'Donna Barry', 3, '2005-10-28', '3793 King Locks, West Brittany, VT 59103'),
(78, 18, 'Ricky Wood', 3, '2004-07-02', '2608 Teresa Flat Apt. 936, North Adrienneborough, WI 83792'),
(79, 19, 'Mark Navarro', 3, '2004-03-22', 'USNS Armstrong, FPO AP 12577'),
(80, 20, 'David Williams', 3, '2005-10-28', 'USS Gaines, FPO AA 38901'),
(81, 21, 'Joseph Bishop', 3, '2004-07-21', 'USNS Wilcox, FPO AA 24963'),
(82, 22, 'Travis Brown', 3, '2003-04-10', '00892 Barbara Parkway Apt. 581, Amyton, VT 96822'),
(83, 23, 'Karen Mckee', 3, '2000-07-15', '633 Rios Garden, New Jameston, MI 15723'),
(84, 24, 'Jeffrey Norris', 3, '2007-03-14', '8895 Hernandez Prairie, North Larry, NJ 14017'),
(85, 25, 'Caitlin Stephens', 3, '2005-02-22', 'USCGC Buchanan, FPO AA 65074'),
(86, 26, 'Jeffrey Underwood', 3, '2000-08-07', '51749 Lori Locks Suite 178, East Donnahaven, RI 82865'),
(87, 27, 'Earl Montes', 3, '2002-03-24', '4491 Bridges Locks, Washingtonmouth, NC 75684'),
(88, 28, 'Cynthia Johnson', 3, '2000-02-04', 'USNV Jones, FPO AA 88252'),
(89, 29, 'Mrs. Autumn Salazar', 3, '2007-03-24', '05304 Ashley Crescent, Adamsview, ID 35258'),
(90, 30, 'Nancy Armstrong', 3, '2003-05-18', '3481 Leah Path, North Cynthiafurt, ME 35248'),
(91, 1, 'Brittney Daniels', 4, '2003-04-04', '15460 Miguel Loop, New Benjamin, MT 16780'),
(92, 2, 'Crystal Howell', 4, '2002-12-01', '687 Timothy Terrace Apt. 260, Marthachester, HI 45510'),
(93, 3, 'Denise Hunt', 4, '2002-05-22', '94041 Rowland Streets Suite 890, New Brett, ME 79954'),
(94, 4, 'Aaron Mathis', 4, '2005-11-27', '955 Joshua Stravenue, South Gregory, MO 45907'),
(95, 5, 'Gary Alvarez', 4, '2007-02-28', '81624 Jenkins Trail Suite 278, Acevedoton, MN 24930'),
(96, 6, 'Miranda Blair', 4, '1999-11-03', '28601 Jennings Center Suite 471, South Michele, NC 39436'),
(97, 7, 'Michelle Thomas', 4, '2006-03-08', '5141 Sanchez Island Suite 717, Larsenstad, OR 02109'),
(98, 8, 'Cynthia Campbell', 4, '2002-04-11', '623 Rivera Meadows, North Caleb, AK 68160'),
(99, 9, 'Derrick Torres', 4, '2003-10-29', '8652 Melissa Ville Suite 944, Lake Stevenfort, MI 74891'),
(100, 10, 'Elizabeth Bird', 4, '2001-08-10', '8125 Jane Port Apt. 124, Waltertown, SC 67712'),
(101, 11, 'Dwayne Parker', 4, '2002-07-10', '171 Mccoy Club, Bradfordside, HI 28980'),
(102, 12, 'Randall Hayes', 4, '2003-09-10', '32160 Jordan Manors Suite 326, New Maryburgh, NM 41398'),
(103, 13, 'Michael Kent', 4, '2006-02-11', '8598 Kramer Skyway, Lewismouth, NM 59259'),
(104, 14, 'Tanya Williams', 4, '2006-05-17', '054 Ray Port, Stevensport, OH 94189'),
(105, 15, 'David Mann', 4, '2004-06-17', 'USNV Burgess, FPO AP 19221'),
(106, 16, 'Kurt Carrillo', 4, '2005-02-05', '93234 Carter Trafficway Apt. 123, New Charleston, NY 22566'),
(107, 17, 'Elizabeth Williams', 4, '2003-10-06', '2551 Moon Cliffs, Jamieside, IA 26102'),
(108, 18, 'Jennifer Mendoza', 4, '2007-08-22', '3037 Garcia Green Suite 314, Susanburgh, WV 26581'),
(109, 19, 'Robin Mcclain', 4, '2005-04-10', 'USNV Johnson, FPO AA 20227'),
(110, 20, 'Rachel Ross', 4, '2007-06-05', '4316 Hawkins Street Apt. 090, Cooperfurt, NM 79124'),
(111, 21, 'Ryan Farmer', 4, '2005-06-07', '3001 Elizabeth Street, Lake Morgan, NV 60599'),
(112, 22, 'Randall Thompson', 4, '2005-11-08', '660 Valerie Inlet, Williamsfort, TN 28979'),
(113, 23, 'Timothy Wilkins', 4, '2006-06-12', '8870 Brooks Points, Lake Raymond, MT 66228'),
(114, 24, 'Lucas Mack', 4, '2005-06-10', '910 Becker Trafficway Apt. 862, Jeffersonbury, CA 32030'),
(115, 25, 'Michael Lopez', 4, '2006-12-30', '24319 Jones Lights Suite 655, Kevinstad, NC 25912'),
(116, 26, 'Amber Shelton DVM', 4, '2004-04-22', 'PSC 9205, Box 0283, APO AE 45741'),
(117, 27, 'Carlos Clarke', 4, '2002-01-14', '377 Julia Groves, Marybury, HI 50159'),
(118, 28, 'Gabriel Clark', 4, '2001-08-20', '0790 Dennis Terrace, Jamesfurt, NE 67859'),
(119, 29, 'Taylor Harrell', 4, '2003-11-29', '470 Amber Lakes, Thomasstad, RI 57967'),
(120, 30, 'Dillon Cisneros', 4, '2006-01-10', '6163 Hoffman Ridges Suite 362, North Emily, MA 76525'),
(121, 1, 'Jason Singleton', 5, '2003-10-04', '721 Hunt Groves, South Kimberly, CT 38870'),
(122, 2, 'Nicole Skinner', 5, '2004-03-02', 'Unit 2360 Box 2877, DPO AA 40874'),
(123, 3, 'Christopher Berry', 5, '2000-08-15', '464 Kimberly Dam Apt. 037, North Danielleburgh, LA 79375'),
(124, 4, 'Alexis Rogers', 5, '2002-12-21', '6625 Benitez Way, South Justinberg, MT 12380'),
(125, 5, 'Gregory Bailey', 5, '2004-06-01', '3982 Jerry Parkways Apt. 641, New Jamesfort, IA 38163'),
(126, 6, 'Katherine Johnson', 5, '2004-03-03', 'Unit 7950 Box 7866, DPO AE 53303'),
(127, 7, 'Juan Curry', 5, '2003-03-21', 'PSC 5395, Box 4869, APO AE 37290'),
(128, 8, 'Gary Vasquez', 5, '2000-07-23', '943 Kelly Camp Apt. 338, West Glenda, TN 64489'),
(129, 9, 'Abigail Horton', 5, '2000-02-05', 'Unit 3693 Box 3070, DPO AE 77175'),
(130, 10, 'Stephanie Baker', 5, '2001-10-24', '9349 White Hollow, West Ryan, AR 96862'),
(131, 11, 'Stacy Clark', 5, '2003-10-08', '723 Amy Islands Apt. 914, Port Stephen, GA 03996'),
(132, 12, 'Caitlin Baird', 5, '2005-09-22', '8851 Aguirre Mount, Sanchezshire, VT 16039'),
(133, 13, 'Lynn Shelton', 5, '2002-01-07', '73227 Mark Key, West Bobbyville, MT 56134'),
(134, 14, 'Melissa Mcdowell', 5, '2001-12-26', '28300 Angela Haven Apt. 305, South Kyle, WA 61491'),
(135, 15, 'Angela Gordon', 5, '2003-10-20', '683 Stewart Way Apt. 868, East Matthewton, TN 56385'),
(136, 16, 'Anna Curtis', 5, '2002-10-26', '18520 Tiffany Well, South Phillip, WI 13029'),
(137, 17, 'Amanda Holt', 5, '2002-10-04', 'Unit 5483 Box 3886, DPO AE 24508'),
(138, 18, 'Jennifer Ho', 5, '2005-09-28', 'PSC 4538, Box 6333, APO AA 03125'),
(139, 19, 'Randall Holmes', 5, '1999-12-31', '7564 Andrew Park, Solomontown, AR 07630'),
(140, 20, 'Ryan Daniel', 5, '2004-03-11', '895 Javier Cliffs, Brendaside, OH 85504'),
(141, 21, 'Stacy Black', 5, '2001-05-09', '226 Huynh Crossroad Suite 678, Christopherstad, MT 01561'),
(142, 22, 'Leslie Solis', 5, '2004-01-16', '5703 Joyce Radial Suite 673, New Tiffanyville, UT 96366'),
(143, 23, 'Susan Coleman', 5, '2002-11-30', '1890 Curtis Avenue, Derekborough, LA 11637'),
(144, 24, 'Nicole Rose', 5, '2000-09-24', '7812 Oliver Plaza, Fowlerfort, CA 89697'),
(145, 25, 'Derrick Garza', 5, '2006-11-15', '624 Julia Haven, Gonzalezhaven, PA 75032'),
(146, 26, 'Patrick Powell', 5, '2004-05-24', '32969 Monroe Extension Suite 416, Andersonbury, WV 04444'),
(147, 27, 'Natalie Greer', 5, '2003-02-04', '9010 Steven Loop Suite 286, East Ana, MT 97208'),
(148, 28, 'Matthew Miller', 5, '2000-01-26', '64338 Chase Oval, Baileyport, MI 08698'),
(149, 29, 'Kevin Brown', 5, '2006-05-29', '073 Katie Burg Apt. 669, North Latashachester, CO 57518'),
(150, 30, 'Robert Medina', 5, '2005-07-03', '526 Roberts Park, Katherineborough, WA 62215'),
(151, 1, 'Holly Taylor MD', 6, '1999-10-25', '9007 Mark Crescent, Port Pamela, TN 86143'),
(152, 2, 'Peggy Long', 6, '2003-05-27', '06681 Angela Circle, North Marktown, DE 39836'),
(153, 3, 'Jacqueline Tucker', 6, '2007-07-02', '49632 Curtis Hills, Arianaburgh, OH 10285'),
(154, 4, 'Katherine Mccarthy', 6, '2000-03-06', '8350 Allison Islands, Bethton, TN 78422'),
(155, 5, 'Carolyn Jacobs', 6, '2002-02-23', '047 Shaw Plaza Apt. 118, Chenhaven, TN 83085'),
(156, 6, 'John Cooper DDS', 6, '2004-08-07', '827 Kennedy Prairie, North Kennethberg, WV 80952'),
(157, 7, 'Nathaniel Garcia', 6, '2007-08-01', '536 Jacob Viaduct Apt. 142, Lake Mindy, AK 03858'),
(158, 8, 'Yvonne Newman', 6, '2005-05-10', '95871 Robinson Run, Lake Kellychester, ND 13811'),
(159, 9, 'Gloria Allison', 6, '2006-09-25', '43712 Leslie Motorway Suite 025, Floresburgh, NC 92918'),
(160, 10, 'Sarah Nunez', 6, '1999-12-16', '72714 Sean Trail, Taylorburgh, UT 78753'),
(161, 11, 'Heather Gonzalez', 6, '1999-09-30', '655 Blackburn Trail, Stephanieview, LA 56124'),
(162, 12, 'Amy Kennedy', 6, '2004-06-14', '92231 Rodriguez Orchard Suite 512, Jaredstad, ID 31871'),
(163, 13, 'Tiffany Guzman', 6, '2007-07-16', '257 Stokes Loop, New Russellshire, KY 51986'),
(164, 14, 'Helen Smith', 6, '2006-07-10', 'PSC 2491, Box 8283, APO AP 62373'),
(165, 15, 'Jennifer Tucker', 6, '2003-12-04', '856 Bailey Keys, South Matthew, AR 62992'),
(166, 16, 'Matthew Jones', 6, '2001-07-30', '51564 Eric Prairie Suite 115, South Christineside, NV 25554'),
(167, 17, 'Michelle Soto', 6, '2000-03-20', '7264 Davis Square Apt. 935, Daniellemouth, NE 62641'),
(168, 18, 'Christina Hernandez', 6, '2001-07-07', '365 Jeffrey Burg, Anthonyville, HI 71665'),
(169, 19, 'Christina Ellis', 6, '2007-03-30', '31565 Becky Cliff Suite 977, Port Natasha, DC 62898'),
(170, 20, 'Stephanie Thomas MD', 6, '2000-06-17', '345 Megan Lights, Port Amanda, OK 86857'),
(171, 21, 'Amber Miller', 6, '2006-06-12', '2340 Jason Village, West Jorgeport, NE 49066'),
(172, 22, 'Gregory Gentry', 6, '2002-06-14', '807 Marissa Path, West Erinchester, IA 95561'),
(173, 23, 'Charlene Pace', 6, '2003-11-27', '0143 Carrillo Ramp, North Bryce, KS 66442'),
(174, 24, 'Sara Hernandez', 6, '2001-10-19', '223 Melissa Drive Apt. 436, Lopezstad, MA 86430'),
(175, 25, 'Stephanie Morales', 6, '2005-04-01', '17676 Brian Mews, East Jason, AL 82816'),
(176, 26, 'Jacqueline Sheppard', 6, '2003-09-01', '17092 Flores Springs Suite 733, Lake Paige, WY 97185'),
(177, 27, 'Seth Robbins', 6, '2003-05-23', '0883 Fuentes Dam, New Anthony, IN 56240'),
(178, 28, 'Alison Howell', 6, '2005-07-28', '765 Donald Neck Suite 681, East Teresaberg, NC 93718'),
(179, 29, 'Rebecca Rivera', 6, '2000-02-05', '6294 Moore Parkway, North Tanyamouth, NJ 53299'),
(180, 30, 'William Smith', 6, '2005-10-11', '70078 Wolfe Plain, Lindseybury, ME 70350'),
(181, 1, 'Scott Newman', 7, '2007-04-22', 'USNV Warren, FPO AA 77729'),
(182, 2, 'Miss Margaret Grant', 7, '2001-08-02', '575 Linda Station, Port Taylorchester, NE 11385'),
(183, 3, 'David Thomas', 7, '2001-04-26', '65710 Davis Rapids, Jasonberg, PA 01093'),
(184, 4, 'Philip Barnes', 7, '2000-07-14', '856 Tammy Hill, West Kelsey, AZ 95929'),
(185, 5, 'Trevor Wilkins', 7, '2007-07-20', '171 Oneill Road, Acevedoside, HI 64622'),
(186, 6, 'Steven Moreno', 7, '2000-01-21', '614 Clark Junctions Apt. 897, Port Manuel, IL 53906'),
(187, 7, 'Derek Rice', 7, '2002-01-30', '77179 Brenda Cove, Sharichester, IN 80857'),
(188, 8, 'Penny Anderson', 7, '2005-03-29', '6406 Amanda Roads Apt. 697, North Bruce, NC 55174'),
(189, 9, 'Steven Brown', 7, '2006-05-13', '281 Rivera Prairie Suite 292, East Brittanyfurt, AK 95762'),
(190, 10, 'Wendy Acevedo', 7, '2001-07-16', '00191 Meghan Oval, East Angelahaven, CA 27856'),
(191, 11, 'Leslie Hines', 7, '2005-02-06', '73040 John Pines Suite 553, Dylanville, DE 67419'),
(192, 12, 'Lori Stevens', 7, '2001-04-26', '926 John Junction Apt. 597, South Tonyfort, MT 55075'),
(193, 13, 'Joshua Davis', 7, '2000-02-12', '192 Gentry Camp Suite 400, New James, FL 56896'),
(194, 14, 'Kerry Crane', 7, '2003-04-19', '6372 Caroline Square Apt. 246, Swansonfurt, WY 02065'),
(195, 15, 'David Edwards', 7, '2007-06-13', '718 Chris Brooks, Levymouth, NE 39156'),
(196, 16, 'Christy Espinoza', 7, '2006-12-03', '57174 Arthur Key Apt. 161, Tylerland, FL 43778'),
(197, 17, 'Lisa Sherman', 7, '2001-02-07', '229 Mathis Cape, Thomashaven, NJ 43270'),
(198, 18, 'Karen Hampton', 7, '2003-03-04', '4619 Cox Greens, West Jill, NH 22099'),
(199, 19, 'Angel Johnson', 7, '2001-07-05', '901 English Fork Apt. 672, Lake James, NY 80047'),
(200, 20, 'Russell Johnson', 7, '2003-06-16', '208 Thomas Forges Apt. 788, East Andrewborough, LA 01378'),
(201, 21, 'Rebecca Ellis', 7, '2005-04-14', '48081 Becky Forge, North Courtneyburgh, AL 50031'),
(202, 22, 'Krista Mercado', 7, '2005-02-03', '516 Short Courts, Lake Raymond, TN 53132'),
(203, 23, 'Jessica Hanson', 7, '2001-04-24', 'USNS Davis, FPO AE 69293'),
(204, 24, 'Lori Lynch', 7, '2003-07-06', '19787 Campbell Walks Apt. 925, Snowbury, MO 04065'),
(205, 25, 'Heather Ford', 7, '2003-05-03', '61365 Dean Ranch Suite 295, Aaronville, NH 95490'),
(206, 26, 'Molly Lawson', 7, '2006-10-25', '93773 Michelle Shoal, Nancyfurt, NH 04818'),
(207, 27, 'Daniel Melendez', 7, '2004-02-03', '195 Frey Groves, Teresamouth, MO 17399'),
(208, 28, 'John Larsen', 7, '2001-03-25', '4943 Smith Rapids, Leefurt, MD 93691'),
(209, 29, 'Daniel Moody', 7, '2005-01-28', '40315 Stacy Plaza Suite 129, East Kim, OK 93770'),
(210, 30, 'Austin Martin', 7, '2001-05-18', '7487 Thomas Ferry, Mackberg, ND 75264'),
(211, 1, 'Tammy Reese', 8, '2007-07-12', '64939 Howard Stream Apt. 626, Johnville, WI 07912'),
(212, 2, 'Nichole Sharp', 8, '2004-01-17', '0324 Raymond Extensions Suite 854, Lake Elijahtown, VT 14887'),
(213, 3, 'Christopher Hale', 8, '2002-09-04', '1904 Kayla Station Apt. 035, New Tiffany, OR 76609'),
(214, 4, 'Daniel Aguilar', 8, '2004-10-20', '60637 Gardner Plain, North Gary, IN 60723'),
(215, 5, 'Alexander Avery', 8, '2002-11-12', 'USCGC Browning, FPO AP 71333'),
(216, 6, 'Terry Smith Jr.', 8, '2001-10-12', '016 Barajas Neck Apt. 435, East Stevenberg, FL 89167'),
(217, 7, 'Johnny Vargas', 8, '2004-12-25', '09274 Todd Ports, Andersonville, ID 63696'),
(218, 8, 'Steven Bishop', 8, '2006-03-23', '119 Maldonado Pines Suite 692, East Patricia, MT 97345'),
(219, 9, 'David Cunningham', 8, '2000-11-28', '323 Thompson Knoll Suite 798, South Nancy, VT 83374'),
(220, 10, 'Dylan Becker', 8, '2002-05-19', '792 May Dale Suite 987, Port Rebeccaland, VT 15912'),
(221, 11, 'Victoria Nash', 8, '2001-08-07', 'PSC 1206, Box 7102, APO AP 60841'),
(222, 12, 'Patricia Wilson', 8, '2000-06-28', '19139 Dana Road Apt. 723, Mortonview, MS 22855'),
(223, 13, 'James Silva', 8, '2002-10-12', '270 Stokes Path, South Natalieburgh, HI 14304'),
(224, 14, 'Carl Calderon', 8, '2004-02-17', '594 Christian Manors Apt. 970, New Jennifer, MD 17229'),
(225, 15, 'Gregory Bowen', 8, '2003-05-17', '4224 Ellis Station Suite 427, Lake Miranda, ID 65979'),
(226, 16, 'Austin Wright', 8, '2007-04-21', '17604 Randall Road, Isabelville, SD 04043'),
(227, 17, 'Frank Ortega', 8, '2002-08-08', '80985 Vaughan Avenue Suite 218, Mcmahonberg, MD 64536'),
(228, 18, 'Julie Leonard', 8, '2003-02-21', '525 Anthony Drive, Brianstad, AZ 08601'),
(229, 19, 'Aaron Jones', 8, '1999-11-03', '00834 Jeffery Ferry, Mcconnellhaven, WY 56424'),
(230, 20, 'Jake Mathews', 8, '2003-05-23', '9043 Bray Glens Suite 752, Zacharyview, AZ 15275'),
(231, 21, 'Mary Anderson', 8, '2003-09-06', '7030 Larson Viaduct, Cookville, IL 25491'),
(232, 22, 'David Williams', 8, '2002-08-02', 'Unit 8799 Box 2576, DPO AP 50333'),
(233, 23, 'Christine Jarvis', 8, '2000-06-12', '6033 Taylor Park Apt. 750, Janiceborough, NM 42326'),
(234, 24, 'Johnny Alexander', 8, '2002-12-29', '547 Deanna Flat Apt. 539, West Kimberlyville, WV 65214'),
(235, 25, 'Gregory Cannon', 8, '2001-04-03', '156 Arnold Oval Apt. 620, Huertafort, NV 48031'),
(236, 26, 'Paula Haney', 8, '2006-05-20', '20008 Kendra Roads Suite 781, Stoneport, WY 67041'),
(237, 27, 'Diana Gomez', 8, '2005-04-23', '4945 Traci Gardens Apt. 807, Davistown, NE 27283'),
(238, 28, 'Denise Thompson', 8, '2002-08-17', '642 Sandra Shoal, Samanthafort, UT 84929'),
(239, 29, 'Michael Green', 8, '2003-02-26', '4101 Huff Falls Apt. 612, Loristad, OK 37107'),
(240, 30, 'Brian Jimenez', 8, '2005-08-14', '76853 Jasmine Stravenue Apt. 124, Taylorfort, WV 62818'),
(241, 1, 'Valerie Brandt', 9, '2001-09-29', '401 Lisa Falls Apt. 514, South Tammyborough, GA 80436'),
(242, 2, 'Taylor Mercado', 9, '2001-05-31', '03192 Jones Row Suite 550, Port Stephanieside, NJ 88090'),
(243, 3, 'Christy Mercer', 9, '2001-02-01', '1196 Matthew Mission Apt. 173, Terryborough, MS 77186'),
(244, 4, 'Dakota Murray', 9, '2007-06-12', 'PSC 5229, Box 0665, APO AP 53117'),
(245, 5, 'April Sweeney', 9, '2003-09-10', 'USNS Hensley, FPO AA 44057'),
(246, 6, 'Cathy Johnson', 9, '2006-03-26', '286 Ballard Island, West Sergiochester, OH 09533'),
(247, 7, 'Sherri Chavez', 9, '2002-08-31', '591 Cindy Rue, Marissaside, PA 33833'),
(248, 8, 'Michelle Freeman', 9, '2002-07-23', '124 Rodgers Loop, Kathryntown, NM 08240'),
(249, 9, 'Earl Mayer', 9, '2006-10-03', 'PSC 7972, Box 9734, APO AA 21933'),
(250, 10, 'Isaiah Randolph', 9, '2006-09-06', '869 Kelsey Mission Suite 875, Littlemouth, TN 17025'),
(251, 11, 'Lindsey Rhodes', 9, '2002-10-22', '8173 Greer Curve Suite 123, Ericmouth, DC 96879'),
(252, 12, 'Dawn Espinoza', 9, '2000-01-28', '197 Peter Circle, Dianatown, DE 76936'),
(253, 13, 'Mark Myers', 9, '2000-12-23', '17202 Haas Village Apt. 219, Port Juliestad, KS 19641'),
(254, 14, 'Austin Decker', 9, '2001-02-12', '667 Austin Islands, North Kyle, OR 30551'),
(255, 15, 'Todd Hinton', 9, '2002-05-17', '4366 Tony Parks, South Alexandraside, ID 22524'),
(256, 16, 'Nicole Watson', 9, '2007-03-19', '67254 Flores Harbors, West Marcbury, VT 28280'),
(257, 17, 'Bernard Collins', 9, '2006-03-27', '299 Ruiz Squares, Lake Kelseytown, OR 38581'),
(258, 18, 'Pamela Hall', 9, '2007-03-26', '516 Ryan Courts, Vegaville, RI 63474'),
(259, 19, 'Jason Olson', 9, '2005-08-21', '8952 Gibbs Dale, New Bobby, TX 70424'),
(260, 20, 'Teresa Waller', 9, '2004-02-10', '56545 Tara Ports, Cummingsville, NV 19199'),
(261, 21, 'Steve Ponce', 9, '2005-04-26', '3419 Young Groves, Lake Kyle, AL 47164'),
(262, 22, 'Chad Gilmore PhD', 9, '2002-10-15', '8497 Smith Drives, Lake Michael, MT 79074'),
(263, 23, 'Marcus Knapp', 9, '2001-04-21', '132 Nicholas Ridge, Gibsonshire, NJ 28942'),
(264, 24, 'Donna Horne', 9, '2002-12-28', '996 Kathleen Key Apt. 901, South Danielport, PA 05790'),
(265, 25, 'Shawn Hawkins', 9, '2003-07-26', 'PSC 4297, Box 2818, APO AE 91682'),
(266, 26, 'Scott Martinez', 9, '2005-04-10', '469 Dawn Drive Apt. 071, Lake Garyton, MO 56923'),
(267, 27, 'Taylor Diaz', 9, '2002-07-17', '820 Joseph Hill Suite 328, Phillipstown, ND 47228'),
(268, 28, 'Donald Wood', 9, '2001-04-19', '5510 Young Mission Apt. 288, New Conniefurt, AL 50401'),
(269, 29, 'Kathleen Johnson', 9, '2000-08-16', '8324 Jennifer Prairie Suite 979, East Mark, AR 77109'),
(270, 30, 'Debra Alvarado', 9, '2004-05-16', '304 Holland Shores, New Danielle, NY 83714'),
(271, 1, 'Paul Hamilton', 10, '2003-02-08', 'Unit 9597 Box 0889, DPO AE 34070'),
(272, 2, 'Danielle Hunter', 10, '2004-07-15', '16139 Marc Road Suite 838, Molinaville, OK 97851'),
(273, 3, 'Katherine Brown', 10, '2004-07-29', '437 Burns Causeway Apt. 105, Jacksonland, IA 89075'),
(274, 4, 'Carol Gates', 10, '2002-08-28', 'PSC 5748, Box 0097, APO AP 18193'),
(275, 5, 'Erin Torres', 10, '2003-03-20', '185 Matthews Heights, Piercebury, MO 99904'),
(276, 6, 'Kiara Miller', 10, '2001-08-15', '3908 Steve Manor, West Joel, NV 42625'),
(277, 7, 'Emily Kirk', 10, '2002-07-25', 'Unit 2407 Box 4639, DPO AA 05455'),
(278, 8, 'Glenn Moore', 10, '2007-06-29', 'Unit 1305 Box 4644, DPO AP 73899'),
(279, 9, 'Kimberly Brown', 10, '2004-11-30', '62051 Palmer Motorway, Christopherhaven, IA 47821'),
(280, 10, 'Jessica Brown', 10, '2003-06-10', '108 Snow Pine, Morrisburgh, OK 69750'),
(281, 11, 'Sara Crawford', 10, '2006-02-08', '85480 Angela Glens Suite 575, North Matthew, AR 24792'),
(282, 12, 'Manuel Garcia', 10, '2004-11-16', 'USS Frye, FPO AE 99887'),
(283, 13, 'Andrew Davis', 10, '2001-10-24', '620 Melissa Shore Suite 115, Hernandezton, NV 83376'),
(284, 14, 'Matthew Baxter', 10, '2005-03-25', '1572 Karen Pines, Kinghaven, CO 13863'),
(285, 15, 'Sandra Owen', 10, '2005-02-16', '2036 Cynthia Gateway, Thomasport, MT 68946'),
(286, 16, 'Daniel Clark', 10, '2001-03-12', '6130 Courtney Ramp, West Daisy, NC 11760'),
(287, 17, 'Heather Davis', 10, '2003-09-27', '34594 Justin Lights Apt. 800, Lake Kevinside, NM 46723'),
(288, 18, 'Brianna Larson', 10, '2006-04-09', '615 Kristen Estate, Adkinsstad, OK 14894'),
(289, 19, 'Richard Reilly', 10, '2002-07-14', '7549 Scott Inlet Apt. 198, Joshuahaven, NC 55231'),
(290, 20, 'Wendy Miller', 10, '2004-04-13', '252 William Courts, Anthonyville, AZ 89721'),
(291, 21, 'Eric Miller', 10, '2000-07-20', '877 Danielle Isle, West Raymond, MS 36802'),
(292, 22, 'Ronald Mendoza', 10, '2004-06-19', '5976 Johnston Ports Apt. 552, Crystalfurt, LA 19954'),
(293, 23, 'Joshua Morris', 10, '2006-05-22', '2860 Francisco Vista, Snyderland, FL 91698'),
(294, 24, 'Joseph Taylor', 10, '2006-07-07', '8843 Crystal Hills Apt. 652, West Paulaton, WA 37064'),
(295, 25, 'Walter Santos', 10, '2005-11-25', '406 Jessica Plaza Apt. 569, Port Nathanmouth, KS 06457'),
(296, 26, 'Virginia Wallace', 10, '2002-01-20', '872 Taylor Fork, Lake Lauren, NH 20635'),
(297, 27, 'Jeffrey Welch', 10, '2002-11-02', '6618 Stone Lakes Apt. 155, South Sarah, IL 64907'),
(298, 28, 'Kevin Crosby', 10, '2001-10-27', '06909 Donna Ranch, Thomashaven, SC 90741'),
(299, 29, 'Jennifer Novak', 10, '2000-09-25', '5141 Elliott Springs, East Kenneth, WY 15834'),
(300, 30, 'William Ryan', 10, '2005-01-28', 'USCGC Powell, FPO AP 33195'),
(301, 1, 'John Hickman', 11, '2005-03-26', '0316 James Unions Apt. 043, West Tammyborough, VT 07747'),
(302, 2, 'Hector Martin', 11, '2001-04-17', '8542 Shirley Motorway, Hamiltonhaven, AK 01005'),
(303, 3, 'Lisa Barrera', 11, '2007-02-15', '41301 Melissa Land Apt. 143, Brandonport, KS 39344'),
(304, 4, 'Kenneth Patton', 11, '2001-04-24', '821 Alexis Pike Suite 813, South Marissatown, IN 58488'),
(305, 5, 'Tracy Chavez', 11, '2002-11-22', '382 Jones Wells Apt. 231, South Courtneychester, NH 50440'),
(306, 6, 'Kyle Sanchez', 11, '2007-08-17', '9074 Hayes Union Apt. 100, Guerrachester, UT 17605'),
(307, 7, 'Joseph Edwards', 11, '2003-06-18', '65486 Michael Passage Apt. 590, Lake Rebeccaville, TN 12421'),
(308, 8, 'Michael Brown', 11, '2005-09-08', '8385 Zimmerman Forge Suite 214, Perkinsberg, GA 45379'),
(309, 9, 'Peggy Bentley', 11, '2000-06-21', '9666 Kenneth Street Suite 986, Robertport, CT 21595'),
(310, 10, 'Anna Garcia', 11, '2004-06-03', '6292 Corey Well, Jenniferburgh, CA 37051'),
(311, 11, 'Tracy Alvarado', 11, '2002-02-19', '06253 Michael Plains Apt. 118, New Jenniferbury, WV 19242'),
(312, 12, 'Connie Robinson', 11, '2003-06-25', '199 Green Streets, South Kevin, UT 70441'),
(313, 13, 'Brett Smith', 11, '2005-01-14', '4525 Todd Landing Apt. 618, Munozport, MI 10008'),
(314, 14, 'Christopher Kelley', 11, '2003-03-13', '626 Villa Lights Apt. 118, Wilsonton, MN 74441'),
(315, 15, 'Patrick Moore', 11, '2007-03-11', 'Unit 9327 Box 8284, DPO AP 47645'),
(316, 16, 'Ashley Barr', 11, '2006-01-11', '87992 Ward Locks, Murphyside, ID 06884'),
(317, 17, 'Joel Wilson', 11, '2002-09-05', '7109 Stewart Fall Apt. 598, West Christine, IA 07620'),
(318, 18, 'Theresa Williams', 11, '1999-12-13', '6448 Cunningham Underpass Suite 129, South Chelseashire, DC 56603'),
(319, 19, 'Alec George', 11, '2001-03-18', '1276 Paul Meadow, West Heatherport, OR 29868'),
(320, 20, 'Jennifer Clayton', 11, '2003-06-21', '67565 Wise Fort, East Ashleyshire, OK 90480'),
(321, 21, 'Christina Perry', 11, '2000-12-17', '377 Krueger Keys, Dominiquefurt, IL 44465'),
(322, 22, 'Kathy Anderson', 11, '2004-08-01', '6989 James Locks Apt. 331, Port Robertfurt, NH 84323'),
(323, 23, 'Stephanie Floyd', 11, '2001-05-03', '4860 Dunn Oval Suite 378, West Michael, AK 93739'),
(324, 24, 'Ashley Wagner', 11, '2000-08-05', '3978 Chung Canyon Apt. 000, Ingramhaven, MN 86569'),
(325, 25, 'Lauren Hamilton', 11, '2000-06-24', '8391 Allen Branch, Mckayport, AZ 12748'),
(326, 26, 'Regina Brewer', 11, '2004-10-12', '590 Tracie Fall, West Nancy, FL 39788'),
(327, 27, 'Monica Ray', 11, '2000-05-01', '29120 Stephen Gateway, West Michaelstad, UT 87310'),
(328, 28, 'Colleen Smith', 11, '2007-08-14', '054 Kenneth Drive Apt. 750, Karenville, HI 84802'),
(329, 29, 'Mark Bennett', 11, '2007-07-05', '4274 Boyd Turnpike Suite 661, Wesleyport, MN 76665'),
(330, 30, 'Matthew James', 11, '2001-06-22', '2363 Marissa Extensions, Reyesville, OH 26809'),
(331, 1, 'Ellen Walls', 12, '2007-06-30', '9183 Jones Islands, West Charlesmouth, AR 57892'),
(332, 2, 'Jesse Lee', 12, '2001-06-05', '972 Vincent Manors, Port Rachel, TX 88460'),
(333, 3, 'Jon Wyatt', 12, '2004-06-28', '0829 Andrew Lane, Jamesfort, CA 89798'),
(334, 4, 'Dr. Alexandra Anderson MD', 12, '2002-01-01', '80943 Bowman Crest, Edwinland, WI 02803'),
(335, 5, 'Timothy Flynn', 12, '2004-12-31', '9361 Brown Creek, Lisaberg, IN 05152'),
(336, 6, 'Derek Deleon', 12, '2003-03-01', '7654 Shannon Green, Chavezbury, AK 77785'),
(337, 7, 'Edward Nguyen', 12, '2004-09-23', '22701 Eric Streets Apt. 199, Nancyshire, CT 61202'),
(338, 8, 'Jeremy Lewis', 12, '2002-03-04', '850 Jessica Loop, West Michael, NY 71996'),
(339, 9, 'Priscilla Love', 12, '2000-10-08', '418 Adams Hill Suite 142, Marcmouth, MD 57820'),
(340, 10, 'Karen Garcia', 12, '1999-12-19', '3485 Chang Circle, Taylorchester, CO 33696'),
(341, 11, 'Richard Gill', 12, '2006-05-23', 'USNS Phillips, FPO AE 62607'),
(342, 12, 'Joy Walker', 12, '2004-08-18', '4809 Richard Road, West Ianmouth, SD 17826'),
(343, 13, 'Cindy Thompson', 12, '2007-05-27', '939 Lori Valley Apt. 450, New Danielstad, ID 42572'),
(344, 14, 'Amanda Guzman', 12, '2002-01-18', '40849 Mackenzie Hill, Ballchester, VA 84805'),
(345, 15, 'Dr. Mark Owen', 12, '2006-03-28', '5467 Lawson Roads, South Tara, NM 80101'),
(346, 16, 'Michele Arroyo MD', 12, '2005-10-08', '1621 Banks Burgs, North Holly, MO 34113'),
(347, 17, 'Jessica Graves', 12, '2004-03-09', '327 Williams Meadow, North Alex, NM 64605'),
(348, 18, 'Christopher Adams', 12, '2002-07-11', '77090 Smith Summit, South Michelletown, TX 65037'),
(349, 19, 'Elizabeth Costa', 12, '2005-04-25', '03974 William Field Suite 795, Adamberg, WY 24275'),
(350, 20, 'Evelyn Tucker', 12, '2000-04-26', '680 Deleon Mountains Apt. 175, South Michael, MN 06201'),
(351, 21, 'Margaret Young', 12, '2003-05-19', '71414 Christine Prairie, Michaelville, AR 62659'),
(352, 22, 'Michelle Hall', 12, '2000-06-06', 'USNS Guerrero, FPO AP 79964'),
(353, 23, 'Edward Crawford', 12, '2002-04-15', '619 Hammond Point Suite 222, South Molly, MA 33425'),
(354, 24, 'Stephanie Ortega', 12, '2006-04-06', '595 Kevin Loaf, East Raymond, VT 33316'),
(355, 25, 'Jack Johnson', 12, '2001-07-23', '773 Reynolds Avenue Suite 094, Brittanyview, MN 07635'),
(356, 26, 'Erika Cowan', 12, '1999-10-15', '08781 Liu Court, Port Crystal, ME 73538'),
(357, 27, 'Stacy Anderson', 12, '2007-01-03', '153 Christopher Rest Suite 398, North Brettland, SD 15455'),
(358, 28, 'Cameron Cook', 12, '2000-01-14', '4828 Brock Ways, Sarahborough, IL 49146'),
(359, 29, 'Harold Anderson', 12, '2002-09-20', 'Unit 9262 Box 9995, DPO AE 64398'),
(360, 30, 'Michael Vasquez', 12, '2000-08-12', 'PSC 9487, Box 6782, APO AP 18978'),
(361, 1, 'Brandon Johnson', 13, '2006-06-08', '35900 Welch Heights Suite 843, Hollandside, NE 71303'),
(362, 2, 'Janet Wilson', 13, '2002-02-15', 'PSC 6746, Box 8007, APO AE 24364'),
(363, 3, 'Cheryl Turner', 13, '1999-12-24', '60365 Rhonda Greens Suite 435, Mariashire, NM 34946'),
(364, 4, 'Miss Abigail Romero', 13, '2003-08-20', 'PSC 8401, Box 1248, APO AE 43711'),
(365, 5, 'Chelsea Zamora', 13, '2005-01-20', '4794 Patricia Crest Apt. 724, Stonefurt, GA 98993'),
(366, 6, 'Anthony Durham', 13, '2005-05-16', '6362 Mccormick Green, Kimville, MS 91572'),
(367, 7, 'Sara Marshall', 13, '2004-12-11', '7062 David Shores Suite 250, East David, CA 86084'),
(368, 8, 'Andre Greene', 13, '2005-10-22', '86847 Snow Club, Kellyland, WA 06753'),
(369, 9, 'Kenneth Cook', 13, '2000-04-17', '048 Steve Pike Suite 061, Markville, AL 09678'),
(370, 10, 'Paul Beck', 13, '2003-01-14', '69699 Durham Station Apt. 963, Ericmouth, ND 34592'),
(371, 11, 'Derrick Rhodes', 13, '2000-09-12', '5010 Chapman Center, East Charles, WY 76843'),
(372, 12, 'Barry Cardenas', 13, '2000-08-02', '243 Miller Lodge, North Brandonchester, MD 60886'),
(373, 13, 'Stephen Bryant', 13, '2003-08-30', '5484 Michael Plaza Suite 827, Lake Deborah, RI 12000'),
(374, 14, 'Kelly Lawrence', 13, '2002-05-27', '1130 Butler Locks, East Christopherfort, MO 90989'),
(375, 15, 'Marvin Cruz', 13, '2002-11-01', '7450 White Locks, Port Jennifer, AR 02224'),
(376, 16, 'Elizabeth Marks', 13, '2003-04-19', 'USCGC Salinas, FPO AE 64541'),
(377, 17, 'Wendy Ellis', 13, '2003-03-22', '491 Green Courts, West Jonathan, RI 65446'),
(378, 18, 'Keith Lowe', 13, '2007-01-16', '3440 Erica Ferry Apt. 754, East Andrew, ME 39860'),
(379, 19, 'Kelly King', 13, '2005-09-14', '3070 Mackenzie Mountains, New Kennethville, IA 59891'),
(380, 20, 'Stefanie Schmidt', 13, '2005-02-07', '8231 Sarah Lakes Suite 312, Sallyside, IN 68462'),
(381, 21, 'James Ferguson', 13, '2001-08-14', '7581 Cynthia Passage Suite 015, Jerrychester, NM 08120'),
(382, 22, 'Holly Johnson', 13, '2007-08-25', '629 Amanda Underpass Suite 396, New Ryan, OR 45039'),
(383, 23, 'Stephanie Wang', 13, '2003-05-24', '83366 Carrie Mountain Apt. 484, Vaughanchester, MA 25207'),
(384, 24, 'Sabrina Ramirez', 13, '2000-03-26', '11540 Elizabeth Avenue, Richardsfurt, IN 83320'),
(385, 25, 'Cheryl Curtis', 13, '2001-06-04', '16266 Jill Meadows Suite 626, Morganbury, NE 46560'),
(386, 26, 'Andrea Douglas', 13, '2000-05-31', '125 Ashley Grove Apt. 722, Port Joannaton, MA 50915'),
(387, 27, 'William Dickerson', 13, '2006-09-06', '73311 James Vista, Rhodesview, AK 71241'),
(388, 28, 'Stephanie Brady', 13, '2004-12-24', '7040 Oscar Parks, Mccormickview, VT 42474'),
(389, 29, 'Jason Cooley', 13, '2005-01-08', '991 Miles Plaza Apt. 747, Kyleshire, DC 08752'),
(390, 30, 'Austin Waters', 13, '2006-05-05', '8703 Mcguire Squares Suite 986, East Whitneyville, AZ 24763'),
(391, 1, 'Amy Flores', 14, '2004-12-31', '1901 Thornton Shoal, South Meghan, ND 22956'),
(392, 2, 'Maria Ellison', 14, '2000-09-25', '91584 Huerta Locks, Richardsside, NC 26031'),
(393, 3, 'Christian Mcdaniel', 14, '2001-11-10', '754 Brown Valley, Wendymouth, VT 51272'),
(394, 4, 'Audrey Adams', 14, '2001-09-11', '8870 Love Parks Suite 347, Port Anthony, NV 72106'),
(395, 5, 'Robert Cruz', 14, '2006-06-26', '2839 Lowery Divide Apt. 755, Morrisshire, RI 65974'),
(396, 6, 'Felicia Walters', 14, '2000-06-25', '4695 Lin Gateway, West James, MA 02681'),
(397, 7, 'Patricia Morris', 14, '1999-10-23', '56824 David Brook Apt. 674, Kristinland, MS 65678'),
(398, 8, 'Stephen Nelson', 14, '1999-12-19', '8257 Boyle Gardens, Kellerchester, WY 60437'),
(399, 9, 'John Bray', 14, '1999-12-19', '1401 Lane Springs, Davidstad, TX 65706'),
(400, 10, 'Wendy Moore', 14, '2000-12-09', '60471 Kaufman Stravenue, Michelleberg, WV 91841'),
(401, 11, 'Nancy Myers', 14, '2000-05-14', '0819 Shannon Wall Suite 877, New Jessicaside, AZ 32736'),
(402, 12, 'Brandon Porter', 14, '2006-02-01', '9110 Johnson Fords, Hodgestad, WV 28907'),
(403, 13, 'Jamie Brewer', 14, '2001-06-24', '9791 Angela Trail Suite 078, West Wesley, TX 21243'),
(404, 14, 'Megan Murillo', 14, '2006-02-26', 'Unit 3104 Box 0661, DPO AE 97497'),
(405, 15, 'Jesse Sullivan', 14, '2005-09-07', '35829 Powell Wall, South Elizabethport, ND 87306'),
(406, 16, 'Calvin Sullivan', 14, '2000-03-13', '259 Smith Mews Suite 209, East Vanessa, ID 04161'),
(407, 17, 'Michelle Morgan', 14, '2002-04-10', '120 Barrett Row, Caseberg, MT 23339'),
(408, 18, 'Sally Dodson', 14, '2005-07-30', '19043 Yolanda Spurs Apt. 398, New James, MN 48318'),
(409, 19, 'Darlene Willis', 14, '2003-09-25', '381 King Fords Apt. 706, North Steve, AR 95228'),
(410, 20, 'Emily Frazier', 14, '2004-10-04', '95042 Eric Circles Suite 786, Jonesville, NV 20577'),
(411, 21, 'Mark Mccoy', 14, '2003-03-04', '1225 Kyle Vista Apt. 906, Port Charlesland, ME 56507'),
(412, 22, 'Ryan Anderson', 14, '2002-05-09', '0943 Hahn Place Suite 226, South Kenneth, AK 91734'),
(413, 23, 'Stacy Richards', 14, '2002-01-10', '32700 Mckinney Mission, Alvarezfort, HI 42306'),
(414, 24, 'Zachary Wilson', 14, '2002-08-30', '88671 William Village Apt. 623, West Sarah, DC 09213'),
(415, 25, 'Monique Zuniga', 14, '2004-02-28', '1714 Douglas Spurs Suite 325, Powelltown, NV 79608'),
(416, 26, 'Tina Shelton', 14, '2004-03-30', '14570 Frank Springs, Rebeccaton, FL 56391'),
(417, 27, 'Michael Rocha', 14, '2001-02-07', '6128 Herman Gateway Suite 314, Jonathonmouth, NM 83365'),
(418, 28, 'Luis Jones', 14, '2001-01-21', '20091 Ryan Pike Suite 751, Lake Brittneyhaven, ND 31930'),
(419, 29, 'Leslie Harris', 14, '2006-05-12', '8442 Wilson Lodge, Pageshire, MO 93531'),
(420, 30, 'Denise Thompson', 14, '2001-02-25', '64231 Roberts Summit, Lake Troy, ME 65963'),
(421, 1, 'Christine Petty', 15, '2005-04-28', '1518 Gay Place Suite 792, East Sarah, NE 98695'),
(422, 2, 'Stephen Fox', 15, '2006-08-12', '75216 Lawrence Underpass, Nealfort, WY 76702'),
(423, 3, 'Bobby Benson', 15, '2004-09-16', '108 Kristen Trace, Coleburgh, OH 56209'),
(424, 4, 'Tonya Paul', 15, '2001-06-14', '88375 Burns Mountains, Martinezmouth, MT 53282'),
(425, 5, 'Theodore Hernandez', 15, '2002-02-20', '854 Mary Crest, East Kimberlyville, ME 56752'),
(426, 6, 'Christopher Dennis', 15, '2001-04-26', '9901 Alejandro Unions, North Jon, IA 56232'),
(427, 7, 'Joe Carter', 15, '2002-08-04', '15304 Wells Drives Apt. 295, Robertsonville, MA 17428'),
(428, 8, 'John Marshall', 15, '2006-05-02', '463 Norris Underpass Apt. 109, Chenfurt, VA 68469'),
(429, 9, 'Melanie Myers', 15, '2002-05-11', '699 Carrillo Drive Suite 535, Bensonville, MA 19098'),
(430, 10, 'Laura Giles', 15, '2006-03-14', '78980 Cruz Haven, North Cynthiastad, ID 53875'),
(431, 11, 'Erin Martin', 15, '2002-04-11', '85733 Ann Lights Suite 251, West Kerrybury, SD 88940'),
(432, 12, 'Melissa Fox', 15, '2002-02-18', '3983 Stephanie Plains Suite 035, Wangview, VT 11755'),
(433, 13, 'Patricia Wood', 15, '2002-06-08', '403 Desiree Track, South Elizabethport, IN 51629'),
(434, 14, 'Andrew Ramirez', 15, '2002-12-25', '89309 Kirsten Points, Jonathanstad, ID 19324'),
(435, 15, 'Matthew Jones', 15, '2001-07-27', '9751 Maynard Common Suite 296, Rachelberg, NY 62955'),
(436, 16, 'Louis Barker', 15, '2000-05-11', '126 Castillo Streets, Whitneystad, NH 38241'),
(437, 17, 'Scott Ramos', 15, '2003-02-03', '341 Kevin Drive, Laurabury, MO 68485'),
(438, 18, 'Aaron Lawrence', 15, '2003-06-19', '11291 Cox Fork Apt. 640, Michellemouth, WY 43636'),
(439, 19, 'Mr. Kevin Mitchell', 15, '2005-11-20', '9661 Martinez Locks Apt. 027, Ramseyside, NJ 75549'),
(440, 20, 'Angela Blanchard', 15, '2004-11-24', '60786 Hoffman Loaf, Fergusonstad, NM 73285'),
(441, 21, 'Riley Rowe', 15, '2001-01-12', '645 Turner Stream, Lake Cynthiatown, NJ 44136'),
(442, 22, 'David Walters', 15, '2000-03-07', '66544 Sullivan Lake, New Nancy, WY 45454'),
(443, 23, 'Heather Martinez', 15, '2004-08-24', '7804 Ann Port Suite 396, Stoutport, NM 03698'),
(444, 24, 'Lawrence Day', 15, '2002-09-02', '095 Moore Knoll Apt. 834, West Donnaland, TX 22948'),
(445, 25, 'Rhonda Kane', 15, '2000-12-11', '8627 Wyatt Drive, New Tinafurt, VA 39604'),
(446, 26, 'Jesse Jones', 15, '2001-03-18', 'PSC 4262, Box 7916, APO AP 24589'),
(447, 27, 'Brianna Sanchez', 15, '2002-02-10', '507 Dana Plaza Suite 398, Rogershaven, IN 52080'),
(448, 28, 'Susan Davis', 15, '2004-01-10', '5008 Anderson Crescent, Hillfort, OK 21481'),
(449, 29, 'Jason Cannon', 15, '2000-10-22', '241 Alex Villages Apt. 515, East Isaacbury, DC 37612'),
(450, 30, 'David Ross', 15, '2004-08-23', 'Unit 0238 Box 5886, DPO AP 41531');

-- Attendance Inserts
INSERT INTO AttendanceServer
VALUES
(1, 10, 33, 277, '16:00:00', 1, '2025-09-05'),
(2, 13, 97, 385, '09:00:00', 1, '2025-09-01'),
(3, 3, 20, 80, '15:00:00', 1, '2025-09-01'),
(4, 1, 3, 7, '09:00:00', 1, '2025-09-03'),
(5, 12, 89, 353, '15:00:00', 1, '2025-09-02'),
(6, 10, 39, 298, '10:00:00', 1, '2025-09-02'),
(7, 1, 7, 7, '10:00:00', 0, '2025-09-02'),
(8, 12, 89, 360, '09:00:00', 1, '2025-09-01'),
(9, 14, 105, 408, '16:00:00', 1, '2025-09-05'),
(10, 15, 114, 446, '12:00:00', 1, '2025-09-04'),
(11, 10, 35, 285, '12:00:00', 1, '2025-09-01'),
(12, 5, 47, 135, '12:00:00', 1, '2025-09-05'),
(13, 2, 16, 43, '09:00:00', 1, '2025-09-04'),
(14, 4, 27, 101, '12:00:00', 1, '2025-09-01'),
(15, 4, 26, 99, '10:00:00', 1, '2025-09-01'),
(16, 11, 50, 306, '10:00:00', 1, '2025-09-01'),
(17, 9, 82, 253, '16:00:00', 1, '2025-09-02'),
(18, 11, 56, 302, '12:00:00', 1, '2025-09-02'),
(19, 11, 56, 330, '09:00:00', 1, '2025-09-04'),
(20, 6, 64, 174, '15:00:00', 1, '2025-09-05'),
(21, 3, 21, 75, '16:00:00', 1, '2025-09-01'),
(22, 2, 14, 46, '10:00:00', 1, '2025-09-05'),
(23, 7, 65, 198, '15:00:00', 1, '2025-09-02'),
(24, 11, 49, 328, '16:00:00', 1, '2025-09-05'),
(25, 15, 114, 439, '12:00:00', 1, '2025-09-04'),
(26, 1, 4, 4, '16:00:00', 1, '2025-09-04'),
(27, 10, 38, 282, '09:00:00', 1, '2025-09-02'),
(28, 5, 48, 130, '09:00:00', 1, '2025-09-04'),
(29, 5, 46, 145, '10:00:00', 1, '2025-09-05'),
(30, 1, 4, 28, '10:00:00', 1, '2025-09-03'),
(31, 1, 4, 17, '15:00:00', 1, '2025-09-01'),
(32, 3, 24, 66, '12:00:00', 0, '2025-09-02'),
(33, 2, 16, 55, '09:00:00', 1, '2025-09-04'),
(34, 8, 75, 235, '09:00:00', 1, '2025-09-03'),
(35, 1, 4, 23, '10:00:00', 1, '2025-09-03'),
(36, 2, 10, 58, '16:00:00', 1, '2025-09-02'),
(37, 9, 88, 258, '12:00:00', 1, '2025-09-02'),
(38, 7, 70, 205, '15:00:00', 1, '2025-09-03'),
(39, 12, 89, 355, '09:00:00', 1, '2025-09-01'),
(40, 11, 49, 320, '09:00:00', 1, '2025-09-01'),
(41, 12, 93, 345, '12:00:00', 1, '2025-09-03'),
(42, 11, 51, 325, '12:00:00', 1, '2025-09-01'),
(43, 10, 36, 272, '10:00:00', 1, '2025-09-03'),
(44, 8, 77, 236, '12:00:00', 1, '2025-09-03'),
(45, 6, 57, 172, '16:00:00', 1, '2025-09-05'),
(46, 14, 106, 404, '16:00:00', 1, '2025-09-02'),
(47, 5, 44, 142, '15:00:00', 1, '2025-09-01'),
(48, 6, 64, 178, '09:00:00', 1, '2025-09-04'),
(49, 14, 106, 416, '12:00:00', 1, '2025-09-04'),
(50, 14, 108, 396, '15:00:00', 1, '2025-09-01'),
(51, 12, 92, 352, '10:00:00', 0, '2025-09-03'),
(52, 9, 84, 242, '15:00:00', 1, '2025-09-01'),
(53, 1, 6, 15, '10:00:00', 1, '2025-09-05'),
(54, 3, 19, 64, '09:00:00', 1, '2025-09-03'),
(55, 9, 88, 250, '15:00:00', 1, '2025-09-05'),
(56, 8, 79, 234, '12:00:00', 1, '2025-09-05'),
(57, 10, 37, 286, '12:00:00', 1, '2025-09-03'),
(58, 4, 29, 100, '09:00:00', 1, '2025-09-05'),
(59, 7, 70, 181, '09:00:00', 1, '2025-09-02'),
(60, 8, 75, 240, '12:00:00', 1, '2025-09-01'),
(61, 6, 57, 151, '09:00:00', 1, '2025-09-01'),
(62, 13, 102, 365, '10:00:00', 1, '2025-09-05'),
(63, 10, 34, 284, '16:00:00', 1, '2025-09-02'),
(64, 2, 14, 32, '15:00:00', 0, '2025-09-03'),
(65, 9, 84, 258, '15:00:00', 1, '2025-09-01'),
(66, 11, 56, 305, '12:00:00', 1, '2025-09-02'),
(67, 12, 89, 335, '09:00:00', 0, '2025-09-01'),
(68, 12, 93, 348, '12:00:00', 1, '2025-09-03'),
(69, 1, 4, 25, '10:00:00', 1, '2025-09-03'),
(70, 5, 42, 139, '12:00:00', 1, '2025-09-04'),
(71, 10, 39, 276, '12:00:00', 1, '2025-09-05'),
(72, 10, 39, 278, '16:00:00', 1, '2025-09-03'),
(73, 3, 17, 85, '15:00:00', 1, '2025-09-02'),
(74, 11, 53, 306, '12:00:00', 1, '2025-09-03'),
(75, 9, 87, 241, '16:00:00', 1, '2025-09-03'),
(76, 8, 74, 223, '16:00:00', 1, '2025-09-02'),
(77, 14, 110, 391, '10:00:00', 1, '2025-09-05'),
(78, 15, 118, 445, '09:00:00', 1, '2025-09-02'),
(79, 11, 56, 328, '15:00:00', 1, '2025-09-05'),
(80, 8, 76, 240, '15:00:00', 0, '2025-09-01'),
(81, 7, 71, 201, '12:00:00', 1, '2025-09-05'),
(82, 10, 38, 294, '10:00:00', 1, '2025-09-05'),
(83, 4, 25, 104, '15:00:00', 1, '2025-09-02'),
(84, 14, 105, 412, '10:00:00', 1, '2025-09-04'),
(85, 12, 89, 351, '15:00:00', 1, '2025-09-02'),
(86, 3, 18, 68, '16:00:00', 1, '2025-09-02'),
(87, 6, 58, 164, '12:00:00', 1, '2025-09-04'),
(88, 12, 93, 337, '12:00:00', 1, '2025-09-03'),
(89, 15, 120, 433, '12:00:00', 1, '2025-09-02'),
(90, 10, 33, 286, '16:00:00', 1, '2025-09-05'),
(91, 1, 1, 6, '16:00:00', 0, '2025-09-05'),
(92, 9, 82, 269, '16:00:00', 1, '2025-09-02'),
(93, 6, 61, 154, '12:00:00', 1, '2025-09-03'),
(94, 7, 65, 197, '09:00:00', 1, '2025-09-01'),
(95, 11, 54, 303, '09:00:00', 1, '2025-09-02'),
(96, 4, 27, 106, '12:00:00', 1, '2025-09-01'),
(97, 5, 45, 129, '12:00:00', 1, '2025-09-03'),
(98, 14, 111, 393, '16:00:00', 1, '2025-09-03'),
(99, 15, 119, 427, '10:00:00', 0, '2025-09-02'),
(100, 8, 74, 215, '10:00:00', 1, '2025-09-01'),
(101, 9, 86, 247, '09:00:00', 1, '2025-09-02'),
(102, 2, 9, 53, '16:00:00', 1, '2025-09-05'),
(103, 5, 44, 146, '10:00:00', 1, '2025-09-03'),
(104, 9, 87, 244, '10:00:00', 1, '2025-09-02'),
(105, 12, 95, 359, '12:00:00', 1, '2025-09-05'),
(106, 10, 34, 290, '12:00:00', 1, '2025-09-04'),
(107, 14, 108, 393, '10:00:00', 1, '2025-09-03'),
(108, 11, 54, 303, '10:00:00', 1, '2025-09-05'),
(109, 6, 64, 168, '09:00:00', 1, '2025-09-04'),
(110, 1, 1, 1, '15:00:00', 1, '2025-09-02'),
(111, 14, 106, 410, '16:00:00', 1, '2025-09-02'),
(112, 1, 7, 8, '10:00:00', 1, '2025-09-02'),
(113, 12, 90, 351, '16:00:00', 0, '2025-09-02'),
(114, 2, 14, 48, '10:00:00', 1, '2025-09-05'),
(115, 14, 108, 401, '16:00:00', 1, '2025-09-04'),
(116, 14, 105, 405, '15:00:00', 1, '2025-09-02'),
(117, 4, 25, 98, '16:00:00', 1, '2025-09-05'),
(118, 2, 11, 60, '15:00:00', 1, '2025-09-04'),
(119, 4, 32, 111, '15:00:00', 1, '2025-09-05'),
(120, 14, 110, 394, '15:00:00', 1, '2025-09-03'),
(121, 10, 37, 291, '12:00:00', 1, '2025-09-03'),
(122, 9, 82, 264, '16:00:00', 1, '2025-09-02'),
(123, 1, 6, 17, '09:00:00', 1, '2025-09-02'),
(124, 11, 51, 309, '15:00:00', 1, '2025-09-04'),
(125, 9, 84, 256, '16:00:00', 1, '2025-09-04'),
(126, 10, 37, 290, '16:00:00', 1, '2025-09-01'),
(127, 6, 57, 172, '09:00:00', 1, '2025-09-01'),
(128, 12, 93, 357, '16:00:00', 1, '2025-09-01'),
(129, 2, 9, 45, '15:00:00', 1, '2025-09-02'),
(130, 9, 87, 261, '12:00:00', 1, '2025-09-05'),
(131, 3, 24, 72, '12:00:00', 1, '2025-09-02'),
(132, 2, 16, 47, '09:00:00', 1, '2025-09-04'),
(133, 6, 61, 172, '09:00:00', 1, '2025-09-05'),
(134, 7, 69, 201, '16:00:00', 1, '2025-09-01'),
(135, 13, 99, 365, '09:00:00', 1, '2025-09-03'),
(136, 12, 94, 343, '15:00:00', 1, '2025-09-03'),
(137, 6, 61, 164, '09:00:00', 1, '2025-09-05'),
(138, 7, 72, 199, '09:00:00', 1, '2025-09-04'),
(139, 13, 99, 390, '15:00:00', 1, '2025-09-04'),
(140, 13, 104, 370, '12:00:00', 1, '2025-09-02'),
(141, 1, 7, 5, '12:00:00', 1, '2025-09-05'),
(142, 2, 10, 39, '10:00:00', 1, '2025-09-01'),
(143, 13, 99, 377, '12:00:00', 1, '2025-09-01'),
(144, 14, 107, 398, '15:00:00', 1, '2025-09-04'),
(145, 15, 118, 442, '09:00:00', 1, '2025-09-02'),
(146, 11, 53, 302, '09:00:00', 1, '2025-09-05'),
(147, 8, 75, 234, '09:00:00', 1, '2025-09-03'),
(148, 13, 97, 388, '09:00:00', 1, '2025-09-01'),
(149, 3, 19, 69, '09:00:00', 1, '2025-09-03'),
(150, 3, 18, 74, '12:00:00', 1, '2025-09-04'),
(151, 3, 23, 72, '10:00:00', 1, '2025-09-02'),
(152, 5, 42, 144, '12:00:00', 1, '2025-09-04'),
(153, 1, 2, 24, '10:00:00', 1, '2025-09-01'),
(154, 14, 105, 416, '15:00:00', 1, '2025-09-02'),
(155, 10, 35, 282, '15:00:00', 1, '2025-09-04'),
(156, 5, 48, 138, '12:00:00', 1, '2025-09-02'),
(157, 11, 50, 308, '12:00:00', 1, '2025-09-04'),
(158, 12, 92, 334, '15:00:00', 1, '2025-09-01'),
(159, 9, 86, 255, '10:00:00', 1, '2025-09-05'),
(160, 3, 21, 90, '12:00:00', 0, '2025-09-03'),
(161, 10, 40, 299, '15:00:00', 0, '2025-09-05'),
(162, 14, 105, 414, '16:00:00', 1, '2025-09-05'),
(163, 7, 71, 198, '12:00:00', 1, '2025-09-05'),
(164, 7, 65, 199, '15:00:00', 1, '2025-09-02'),
(165, 15, 117, 442, '09:00:00', 1, '2025-09-05'),
(166, 11, 55, 307, '16:00:00', 1, '2025-09-03'),
(167, 3, 17, 67, '15:00:00', 1, '2025-09-02'),
(168, 14, 108, 408, '16:00:00', 1, '2025-09-04'),
(169, 13, 100, 380, '16:00:00', 1, '2025-09-04'),
(170, 1, 1, 10, '09:00:00', 1, '2025-09-01'),
(171, 6, 63, 154, '12:00:00', 0, '2025-09-05'),
(172, 6, 61, 151, '12:00:00', 1, '2025-09-03'),
(173, 9, 81, 266, '10:00:00', 1, '2025-09-04'),
(174, 3, 17, 80, '09:00:00', 1, '2025-09-01'),
(175, 13, 98, 363, '10:00:00', 1, '2025-09-01'),
(176, 10, 38, 278, '15:00:00', 1, '2025-09-03'),
(177, 4, 29, 119, '12:00:00', 1, '2025-09-03'),
(178, 12, 94, 354, '09:00:00', 1, '2025-09-02'),
(179, 7, 66, 200, '10:00:00', 1, '2025-09-01'),
(180, 12, 95, 347, '10:00:00', 1, '2025-09-02'),
(181, 2, 9, 56, '16:00:00', 0, '2025-09-05'),
(182, 9, 84, 241, '15:00:00', 1, '2025-09-01'),
(183, 10, 34, 294, '10:00:00', 1, '2025-09-01'),
(184, 9, 88, 253, '09:00:00', 1, '2025-09-04'),
(185, 8, 75, 234, '12:00:00', 1, '2025-09-01'),
(186, 14, 112, 418, '09:00:00', 0, '2025-09-04'),
(187, 14, 108, 411, '15:00:00', 1, '2025-09-01'),
(188, 15, 113, 424, '09:00:00', 1, '2025-09-01'),
(189, 13, 101, 370, '09:00:00', 1, '2025-09-05'),
(190, 7, 68, 198, '16:00:00', 1, '2025-09-04'),
(191, 1, 5, 8, '09:00:00', 1, '2025-09-05'),
(192, 4, 30, 96, '09:00:00', 1, '2025-09-02'),
(193, 14, 106, 413, '16:00:00', 1, '2025-09-02'),
(194, 13, 99, 366, '15:00:00', 1, '2025-09-04'),
(195, 7, 70, 189, '10:00:00', 1, '2025-09-05'),
(196, 2, 9, 33, '10:00:00', 1, '2025-09-04'),
(197, 9, 86, 261, '09:00:00', 1, '2025-09-02'),
(198, 14, 108, 406, '16:00:00', 0, '2025-09-04'),
(199, 7, 66, 206, '16:00:00', 1, '2025-09-02'),
(200, 5, 43, 128, '09:00:00', 1, '2025-09-03'),
(201, 14, 109, 418, '12:00:00', 1, '2025-09-03'),
(202, 14, 110, 415, '10:00:00', 1, '2025-09-05'),
(203, 15, 113, 427, '16:00:00', 1, '2025-09-05'),
(204, 11, 54, 329, '15:00:00', 1, '2025-09-03'),
(205, 3, 20, 68, '16:00:00', 1, '2025-09-04'),
(206, 12, 90, 350, '12:00:00', 1, '2025-09-04'),
(207, 5, 41, 138, '10:00:00', 1, '2025-09-04'),
(208, 14, 106, 393, '10:00:00', 1, '2025-09-01'),
(209, 13, 102, 372, '09:00:00', 1, '2025-09-02'),
(210, 10, 40, 292, '12:00:00', 1, '2025-09-02'),
(211, 7, 69, 210, '16:00:00', 1, '2025-09-01'),
(212, 7, 71, 200, '16:00:00', 1, '2025-09-03'),
(213, 3, 18, 75, '10:00:00', 1, '2025-09-01'),
(214, 5, 46, 129, '10:00:00', 1, '2025-09-05'),
(215, 1, 7, 16, '12:00:00', 1, '2025-09-05'),
(216, 11, 54, 321, '09:00:00', 1, '2025-09-02'),
(217, 5, 46, 132, '10:00:00', 1, '2025-09-05'),
(218, 10, 38, 279, '09:00:00', 1, '2025-09-02'),
(219, 1, 4, 28, '15:00:00', 1, '2025-09-01'),
(220, 8, 76, 234, '15:00:00', 1, '2025-09-01'),
(221, 9, 81, 260, '16:00:00', 1, '2025-09-05'),
(222, 7, 67, 185, '12:00:00', 1, '2025-09-01'),
(223, 11, 54, 301, '09:00:00', 1, '2025-09-02'),
(224, 8, 74, 235, '10:00:00', 1, '2025-09-01'),
(225, 4, 27, 95, '12:00:00', 1, '2025-09-01'),
(226, 7, 67, 194, '09:00:00', 1, '2025-09-03'),
(227, 8, 76, 231, '15:00:00', 1, '2025-09-01'),
(228, 12, 96, 354, '09:00:00', 1, '2025-09-04'),
(229, 11, 50, 330, '16:00:00', 1, '2025-09-02'),
(230, 1, 5, 3, '12:00:00', 1, '2025-09-03'),
(231, 14, 109, 401, '09:00:00', 1, '2025-09-05'),
(232, 9, 88, 244, '09:00:00', 0, '2025-09-04'),
(233, 9, 88, 241, '12:00:00', 1, '2025-09-02'),
(234, 14, 108, 405, '16:00:00', 1, '2025-09-04'),
(235, 15, 115, 428, '12:00:00', 0, '2025-09-01'),
(236, 3, 22, 86, '10:00:00', 1, '2025-09-05'),
(237, 3, 17, 81, '16:00:00', 1, '2025-09-05'),
(238, 7, 67, 185, '15:00:00', 1, '2025-09-04'),
(239, 12, 96, 352, '12:00:00', 1, '2025-09-02'),
(240, 7, 67, 190, '15:00:00', 0, '2025-09-04'),
(241, 15, 117, 430, '12:00:00', 1, '2025-09-03'),
(242, 6, 57, 180, '15:00:00', 1, '2025-09-02'),
(243, 11, 50, 316, '10:00:00', 1, '2025-09-01'),
(244, 11, 51, 329, '12:00:00', 1, '2025-09-01'),
(245, 12, 89, 357, '16:00:00', 1, '2025-09-05'),
(246, 3, 24, 73, '09:00:00', 1, '2025-09-04'),
(247, 9, 86, 255, '15:00:00', 1, '2025-09-03'),
(248, 2, 9, 40, '10:00:00', 1, '2025-09-04'),
(249, 15, 119, 436, '16:00:00', 1, '2025-09-03'),
(250, 7, 72, 182, '09:00:00', 1, '2025-09-04'),
(251, 6, 61, 168, '16:00:00', 1, '2025-09-01'),
(252, 12, 94, 357, '10:00:00', 1, '2025-09-05'),
(253, 11, 55, 328, '12:00:00', 1, '2025-09-05'),
(254, 11, 52, 323, '15:00:00', 0, '2025-09-01'),
(255, 7, 68, 184, '15:00:00', 1, '2025-09-01'),
(256, 14, 111, 417, '16:00:00', 1, '2025-09-03'),
(257, 8, 75, 220, '09:00:00', 1, '2025-09-03'),
(258, 12, 93, 351, '16:00:00', 1, '2025-09-01'),
(259, 13, 102, 384, '09:00:00', 1, '2025-09-02'),
(260, 6, 58, 170, '16:00:00', 1, '2025-09-02'),
(261, 6, 57, 177, '15:00:00', 0, '2025-09-02'),
(262, 14, 106, 417, '12:00:00', 1, '2025-09-04'),
(263, 5, 48, 121, '09:00:00', 1, '2025-09-04'),
(264, 1, 7, 17, '10:00:00', 1, '2025-09-02'),
(265, 15, 113, 438, '16:00:00', 1, '2025-09-05'),
(266, 6, 62, 157, '09:00:00', 0, '2025-09-02'),
(267, 1, 5, 4, '12:00:00', 1, '2025-09-03'),
(268, 6, 58, 170, '12:00:00', 1, '2025-09-04'),
(269, 13, 103, 373, '10:00:00', 1, '2025-09-02'),
(270, 9, 82, 246, '10:00:00', 1, '2025-09-01'),
(271, 4, 26, 91, '12:00:00', 1, '2025-09-04'),
(272, 1, 5, 17, '09:00:00', 1, '2025-09-05'),
(273, 11, 52, 315, '15:00:00', 0, '2025-09-01'),
(274, 6, 59, 169, '12:00:00', 1, '2025-09-01'),
(275, 12, 94, 335, '10:00:00', 1, '2025-09-05'),
(276, 15, 120, 427, '09:00:00', 0, '2025-09-04'),
(277, 2, 12, 32, '15:00:00', 1, '2025-09-01'),
(278, 11, 49, 329, '09:00:00', 1, '2025-09-01'),
(279, 11, 50, 303, '16:00:00', 1, '2025-09-02'),
(280, 4, 30, 115, '09:00:00', 1, '2025-09-02'),
(281, 15, 116, 449, '10:00:00', 1, '2025-09-03'),
(282, 9, 88, 247, '09:00:00', 1, '2025-09-04'),
(283, 8, 74, 237, '12:00:00', 0, '2025-09-04'),
(284, 9, 87, 263, '10:00:00', 1, '2025-09-02'),
(285, 14, 111, 391, '16:00:00', 1, '2025-09-03'),
(286, 7, 67, 181, '12:00:00', 1, '2025-09-01'),
(287, 3, 18, 88, '16:00:00', 1, '2025-09-02'),
(288, 12, 92, 360, '10:00:00', 0, '2025-09-03'),
(289, 1, 2, 6, '10:00:00', 1, '2025-09-01'),
(290, 13, 102, 367, '15:00:00', 1, '2025-09-03'),
(291, 14, 106, 416, '16:00:00', 1, '2025-09-02'),
(292, 5, 43, 135, '15:00:00', 1, '2025-09-04'),
(293, 2, 11, 54, '09:00:00', 1, '2025-09-03'),
(294, 2, 9, 31, '10:00:00', 0, '2025-09-04'),
(295, 1, 8, 16, '15:00:00', 1, '2025-09-05'),
(296, 13, 102, 375, '10:00:00', 1, '2025-09-05'),
(297, 9, 88, 264, '09:00:00', 1, '2025-09-04'),
(298, 2, 10, 47, '16:00:00', 1, '2025-09-02'),
(299, 6, 57, 172, '15:00:00', 1, '2025-09-02'),
(300, 3, 21, 62, '12:00:00', 1, '2025-09-03'),
(301, 9, 81, 267, '15:00:00', 1, '2025-09-02'),
(302, 7, 66, 209, '10:00:00', 1, '2025-09-01'),
(303, 4, 30, 100, '10:00:00', 1, '2025-09-05'),
(304, 15, 113, 424, '10:00:00', 1, '2025-09-04'),
(305, 7, 68, 189, '15:00:00', 1, '2025-09-01'),
(306, 5, 44, 129, '10:00:00', 1, '2025-09-03'),
(307, 7, 66, 187, '10:00:00', 1, '2025-09-01'),
(308, 6, 59, 162, '12:00:00', 1, '2025-09-01'),
(309, 4, 25, 92, '16:00:00', 1, '2025-09-05'),
(310, 8, 80, 222, '09:00:00', 1, '2025-09-04'),
(311, 10, 36, 289, '16:00:00', 1, '2025-09-04'),
(312, 14, 112, 392, '09:00:00', 1, '2025-09-04'),
(313, 3, 22, 90, '09:00:00', 1, '2025-09-02'),
(314, 7, 66, 182, '10:00:00', 1, '2025-09-01'),
(315, 11, 50, 311, '12:00:00', 0, '2025-09-04'),
(316, 9, 84, 263, '15:00:00', 1, '2025-09-01'),
(317, 6, 63, 165, '10:00:00', 1, '2025-09-02'),
(318, 8, 75, 223, '12:00:00', 1, '2025-09-01'),
(319, 5, 41, 150, '16:00:00', 1, '2025-09-05'),
(320, 8, 75, 214, '12:00:00', 1, '2025-09-01'),
(321, 11, 49, 314, '15:00:00', 1, '2025-09-02'),
(322, 15, 115, 436, '09:00:00', 1, '2025-09-03'),
(323, 14, 105, 405, '09:00:00', 0, '2025-09-01'),
(324, 3, 22, 64, '10:00:00', 1, '2025-09-05'),
(325, 12, 90, 344, '16:00:00', 1, '2025-09-02'),
(326, 4, 30, 96, '10:00:00', 1, '2025-09-05'),
(327, 5, 41, 141, '16:00:00', 1, '2025-09-05'),
(328, 5, 42, 142, '10:00:00', 1, '2025-09-01'),
(329, 8, 80, 218, '15:00:00', 1, '2025-09-05'),
(330, 9, 85, 264, '16:00:00', 1, '2025-09-01'),
(331, 1, 3, 29, '15:00:00', 1, '2025-09-04'),
(332, 12, 89, 331, '16:00:00', 0, '2025-09-05'),
(333, 4, 32, 113, '15:00:00', 1, '2025-09-05'),
(334, 2, 16, 51, '15:00:00', 1, '2025-09-05'),
(335, 13, 104, 376, '09:00:00', 1, '2025-09-04'),
(336, 5, 45, 144, '12:00:00', 1, '2025-09-03'),
(337, 14, 112, 403, '12:00:00', 1, '2025-09-02'),
(338, 8, 79, 227, '10:00:00', 1, '2025-09-02'),
(339, 5, 44, 138, '10:00:00', 1, '2025-09-03'),
(340, 12, 94, 341, '09:00:00', 1, '2025-09-02'),
(341, 15, 118, 422, '09:00:00', 1, '2025-09-02'),
(342, 14, 108, 395, '10:00:00', 1, '2025-09-03'),
(343, 15, 114, 435, '10:00:00', 1, '2025-09-01'),
(344, 11, 55, 316, '12:00:00', 1, '2025-09-05'),
(345, 3, 22, 86, '15:00:00', 1, '2025-09-03'),
(346, 5, 44, 142, '16:00:00', 1, '2025-09-04'),
(347, 5, 45, 141, '12:00:00', 1, '2025-09-03'),
(348, 8, 77, 229, '16:00:00', 1, '2025-09-01'),
(349, 2, 9, 33, '09:00:00', 1, '2025-09-01'),
(350, 6, 64, 159, '09:00:00', 1, '2025-09-04'),
(351, 8, 73, 218, '16:00:00', 0, '2025-09-05'),
(352, 2, 15, 45, '12:00:00', 1, '2025-09-05'),
(353, 11, 53, 319, '16:00:00', 1, '2025-09-01'),
(354, 9, 81, 241, '09:00:00', 1, '2025-09-01'),
(355, 14, 107, 409, '15:00:00', 0, '2025-09-04'),
(356, 9, 87, 253, '10:00:00', 1, '2025-09-02'),
(357, 11, 49, 309, '10:00:00', 1, '2025-09-04'),
(358, 14, 109, 400, '09:00:00', 1, '2025-09-05'),
(359, 15, 115, 431, '12:00:00', 1, '2025-09-01'),
(360, 9, 83, 259, '09:00:00', 1, '2025-09-03'),
(361, 8, 75, 228, '12:00:00', 1, '2025-09-01'),
(362, 12, 89, 343, '15:00:00', 0, '2025-09-02'),
(363, 11, 52, 325, '10:00:00', 1, '2025-09-03'),
(364, 2, 11, 50, '09:00:00', 1, '2025-09-03'),
(365, 3, 23, 65, '10:00:00', 1, '2025-09-02'),
(366, 3, 20, 70, '16:00:00', 1, '2025-09-04'),
(367, 15, 113, 441, '10:00:00', 1, '2025-09-04'),
(368, 4, 27, 97, '09:00:00', 1, '2025-09-03'),
(369, 7, 65, 182, '16:00:00', 1, '2025-09-05'),
(370, 12, 95, 335, '12:00:00', 1, '2025-09-05'),
(371, 13, 99, 387, '15:00:00', 1, '2025-09-04'),
(372, 1, 5, 9, '16:00:00', 0, '2025-09-01'),
(373, 1, 7, 27, '12:00:00', 1, '2025-09-05'),
(374, 3, 22, 76, '15:00:00', 1, '2025-09-03'),
(375, 13, 103, 369, '12:00:00', 1, '2025-09-05'),
(376, 12, 90, 348, '10:00:00', 1, '2025-09-01'),
(377, 15, 116, 431, '15:00:00', 1, '2025-09-01'),
(378, 15, 120, 435, '15:00:00', 1, '2025-09-05'),
(379, 13, 100, 362, '15:00:00', 1, '2025-09-01'),
(380, 12, 92, 344, '15:00:00', 1, '2025-09-01'),
(381, 15, 117, 430, '09:00:00', 0, '2025-09-05'),
(382, 2, 10, 57, '16:00:00', 1, '2025-09-02'),
(383, 15, 113, 443, '15:00:00', 1, '2025-09-02'),
(384, 1, 6, 27, '15:00:00', 1, '2025-09-03'),
(385, 7, 69, 190, '09:00:00', 1, '2025-09-05'),
(386, 9, 86, 241, '09:00:00', 1, '2025-09-02'),
(387, 8, 77, 218, '12:00:00', 1, '2025-09-03'),
(388, 8, 79, 216, '10:00:00', 1, '2025-09-02'),
(389, 10, 38, 282, '10:00:00', 0, '2025-09-05'),
(390, 14, 106, 396, '16:00:00', 1, '2025-09-02'),
(391, 11, 49, 301, '10:00:00', 1, '2025-09-04'),
(392, 9, 81, 265, '10:00:00', 1, '2025-09-04'),
(393, 13, 104, 365, '12:00:00', 1, '2025-09-02'),
(394, 6, 59, 173, '12:00:00', 1, '2025-09-01'),
(395, 11, 49, 313, '09:00:00', 1, '2025-09-01'),
(396, 10, 38, 283, '10:00:00', 1, '2025-09-05'),
(397, 14, 110, 413, '10:00:00', 1, '2025-09-05'),
(398, 1, 4, 4, '10:00:00', 1, '2025-09-03'),
(399, 5, 45, 123, '16:00:00', 1, '2025-09-01'),
(400, 1, 2, 29, '10:00:00', 1, '2025-09-01'),
(401, 7, 69, 185, '12:00:00', 1, '2025-09-03'),
(402, 15, 114, 434, '10:00:00', 1, '2025-09-01'),
(403, 10, 39, 299, '12:00:00', 1, '2025-09-05'),
(404, 14, 105, 392, '15:00:00', 1, '2025-09-02'),
(405, 3, 17, 68, '15:00:00', 1, '2025-09-02'),
(406, 4, 25, 100, '10:00:00', 1, '2025-09-04'),
(407, 1, 6, 9, '10:00:00', 1, '2025-09-05'),
(408, 2, 11, 48, '15:00:00', 1, '2025-09-04'),
(409, 2, 14, 40, '10:00:00', 1, '2025-09-05'),
(410, 2, 9, 39, '09:00:00', 1, '2025-09-01'),
(411, 14, 105, 396, '16:00:00', 1, '2025-09-05'),
(412, 9, 82, 243, '10:00:00', 1, '2025-09-01'),
(413, 2, 15, 43, '10:00:00', 1, '2025-09-02'),
(414, 15, 114, 449, '12:00:00', 1, '2025-09-04'),
(415, 4, 29, 111, '16:00:00', 1, '2025-09-01'),
(416, 11, 52, 320, '10:00:00', 1, '2025-09-03'),
(417, 4, 32, 94, '15:00:00', 1, '2025-09-05'),
(418, 1, 6, 23, '10:00:00', 1, '2025-09-05'),
(419, 2, 14, 57, '09:00:00', 1, '2025-09-02'),
(420, 2, 12, 52, '16:00:00', 1, '2025-09-04'),
(421, 14, 109, 409, '16:00:00', 1, '2025-09-01'),
(422, 5, 43, 146, '12:00:00', 1, '2025-09-01'),
(423, 4, 30, 101, '15:00:00', 1, '2025-09-03'),
(424, 10, 39, 275, '16:00:00', 1, '2025-09-03'),
(425, 5, 42, 144, '10:00:00', 1, '2025-09-01'),
(426, 10, 35, 283, '09:00:00', 1, '2025-09-03'),
(427, 8, 74, 232, '16:00:00', 1, '2025-09-02'),
(428, 13, 103, 369, '10:00:00', 1, '2025-09-02'),
(429, 12, 90, 335, '10:00:00', 1, '2025-09-01'),
(430, 9, 86, 245, '15:00:00', 1, '2025-09-03'),
(431, 2, 13, 54, '09:00:00', 1, '2025-09-05'),
(432, 14, 109, 410, '09:00:00', 1, '2025-09-05'),
(433, 8, 80, 239, '15:00:00', 1, '2025-09-05'),
(434, 2, 10, 43, '16:00:00', 1, '2025-09-02'),
(435, 11, 50, 309, '16:00:00', 1, '2025-09-02'),
(436, 3, 17, 83, '15:00:00', 0, '2025-09-02'),
(437, 5, 47, 141, '10:00:00', 1, '2025-09-02'),
(438, 1, 8, 6, '09:00:00', 1, '2025-09-04'),
(439, 3, 20, 77, '15:00:00', 1, '2025-09-01'),
(440, 5, 48, 149, '12:00:00', 1, '2025-09-02'),
(441, 7, 68, 193, '10:00:00', 1, '2025-09-03'),
(442, 15, 119, 446, '16:00:00', 1, '2025-09-03'),
(443, 13, 102, 376, '09:00:00', 1, '2025-09-02'),
(444, 15, 117, 426, '09:00:00', 1, '2025-09-05'),
(445, 3, 23, 89, '10:00:00', 1, '2025-09-02'),
(446, 12, 93, 332, '16:00:00', 1, '2025-09-01'),
(447, 12, 94, 358, '15:00:00', 1, '2025-09-03'),
(448, 5, 42, 125, '10:00:00', 1, '2025-09-01'),
(449, 7, 66, 182, '12:00:00', 0, '2025-09-04'),
(450, 10, 39, 285, '10:00:00', 1, '2025-09-02'),
(451, 7, 65, 210, '15:00:00', 1, '2025-09-02'),
(452, 6, 57, 162, '10:00:00', 1, '2025-09-04'),
(453, 9, 83, 269, '09:00:00', 0, '2025-09-03'),
(454, 4, 28, 111, '10:00:00', 1, '2025-09-03'),
(455, 10, 34, 279, '16:00:00', 1, '2025-09-02'),
(456, 10, 39, 293, '10:00:00', 1, '2025-09-02'),
(457, 3, 19, 88, '12:00:00', 1, '2025-09-01'),
(458, 7, 70, 195, '09:00:00', 1, '2025-09-02'),
(459, 14, 109, 409, '12:00:00', 1, '2025-09-03'),
(460, 6, 63, 159, '16:00:00', 1, '2025-09-03'),
(461, 1, 5, 5, '12:00:00', 1, '2025-09-03'),
(462, 8, 75, 238, '12:00:00', 1, '2025-09-01'),
(463, 1, 5, 14, '12:00:00', 1, '2025-09-03'),
(464, 9, 84, 264, '10:00:00', 1, '2025-09-03'),
(465, 11, 53, 311, '09:00:00', 1, '2025-09-05'),
(466, 11, 51, 307, '15:00:00', 1, '2025-09-04'),
(467, 14, 110, 399, '15:00:00', 1, '2025-09-03'),
(468, 15, 120, 432, '15:00:00', 1, '2025-09-05'),
(469, 7, 67, 206, '09:00:00', 0, '2025-09-03'),
(470, 4, 25, 93, '09:00:00', 1, '2025-09-01'),
(471, 13, 99, 390, '12:00:00', 1, '2025-09-01'),
(472, 14, 112, 410, '12:00:00', 1, '2025-09-02'),
(473, 5, 48, 136, '12:00:00', 1, '2025-09-02'),
(474, 4, 31, 93, '12:00:00', 1, '2025-09-05'),
(475, 14, 106, 420, '16:00:00', 1, '2025-09-02'),
(476, 5, 41, 147, '09:00:00', 1, '2025-09-01'),
(477, 12, 93, 337, '16:00:00', 1, '2025-09-01'),
(478, 6, 61, 175, '09:00:00', 1, '2025-09-05'),
(479, 3, 18, 70, '12:00:00', 1, '2025-09-04'),
(480, 8, 78, 234, '15:00:00', 1, '2025-09-03'),
(481, 5, 44, 130, '10:00:00', 1, '2025-09-03'),
(482, 3, 19, 70, '15:00:00', 1, '2025-09-04'),
(483, 7, 70, 183, '10:00:00', 1, '2025-09-05'),
(484, 11, 52, 310, '16:00:00', 1, '2025-09-04'),
(485, 13, 100, 365, '15:00:00', 1, '2025-09-01'),
(486, 13, 99, 372, '09:00:00', 1, '2025-09-03'),
(487, 3, 17, 87, '16:00:00', 0, '2025-09-05'),
(488, 6, 57, 175, '15:00:00', 1, '2025-09-02'),
(489, 13, 98, 364, '16:00:00', 1, '2025-09-02'),
(490, 5, 45, 128, '16:00:00', 1, '2025-09-01'),
(491, 3, 19, 65, '15:00:00', 1, '2025-09-04'),
(492, 1, 1, 28, '09:00:00', 1, '2025-09-01'),
(493, 12, 91, 359, '15:00:00', 1, '2025-09-04'),
(494, 14, 108, 392, '16:00:00', 1, '2025-09-04'),
(495, 7, 72, 199, '12:00:00', 1, '2025-09-02'),
(496, 10, 38, 298, '15:00:00', 1, '2025-09-03'),
(497, 3, 24, 77, '09:00:00', 0, '2025-09-04'),
(498, 8, 76, 217, '15:00:00', 1, '2025-09-01'),
(499, 7, 67, 190, '09:00:00', 1, '2025-09-03'),
(500, 9, 85, 250, '09:00:00', 1, '2025-09-05'),
(501, 5, 44, 134, '10:00:00', 1, '2025-09-03'),
(502, 14, 108, 392, '15:00:00', 1, '2025-09-01'),
(503, 3, 23, 61, '16:00:00', 1, '2025-09-03'),
(504, 11, 49, 329, '10:00:00', 1, '2025-09-04'),
(505, 4, 30, 118, '15:00:00', 1, '2025-09-03'),
(506, 15, 118, 422, '15:00:00', 1, '2025-09-03'),
(507, 6, 62, 155, '15:00:00', 1, '2025-09-03'),
(508, 14, 111, 413, '16:00:00', 1, '2025-09-03'),
(509, 3, 20, 75, '10:00:00', 1, '2025-09-03'),
(510, 1, 7, 24, '12:00:00', 1, '2025-09-05'),
(511, 14, 109, 406, '16:00:00', 1, '2025-09-01'),
(512, 6, 58, 174, '16:00:00', 1, '2025-09-02'),
(513, 1, 4, 19, '16:00:00', 1, '2025-09-04'),
(514, 12, 93, 332, '12:00:00', 1, '2025-09-03'),
(515, 5, 46, 122, '09:00:00', 1, '2025-09-02'),
(516, 8, 78, 215, '10:00:00', 1, '2025-09-05'),
(517, 3, 21, 85, '09:00:00', 1, '2025-09-05'),
(518, 3, 23, 71, '16:00:00', 1, '2025-09-03'),
(519, 15, 116, 444, '10:00:00', 1, '2025-09-03'),
(520, 15, 116, 428, '16:00:00', 1, '2025-09-04'),
(521, 1, 1, 7, '09:00:00', 1, '2025-09-01'),
(522, 4, 27, 119, '09:00:00', 1, '2025-09-03'),
(523, 2, 12, 51, '10:00:00', 1, '2025-09-03'),
(524, 8, 74, 234, '16:00:00', 1, '2025-09-02'),
(525, 2, 12, 54, '16:00:00', 1, '2025-09-04'),
(526, 4, 30, 113, '10:00:00', 1, '2025-09-05'),
(527, 7, 70, 190, '10:00:00', 1, '2025-09-05'),
(528, 6, 59, 180, '09:00:00', 1, '2025-09-03'),
(529, 6, 59, 179, '15:00:00', 1, '2025-09-04'),
(530, 4, 25, 99, '10:00:00', 1, '2025-09-04'),
(531, 4, 25, 105, '10:00:00', 1, '2025-09-04'),
(532, 9, 87, 262, '10:00:00', 1, '2025-09-02'),
(533, 11, 52, 306, '16:00:00', 1, '2025-09-04'),
(534, 7, 67, 193, '15:00:00', 1, '2025-09-04'),
(535, 4, 32, 111, '12:00:00', 1, '2025-09-02'),
(536, 10, 34, 280, '10:00:00', 1, '2025-09-01'),
(537, 1, 7, 30, '16:00:00', 1, '2025-09-03'),
(538, 12, 89, 346, '10:00:00', 0, '2025-09-04'),
(539, 10, 37, 291, '09:00:00', 1, '2025-09-05'),
(540, 8, 80, 216, '15:00:00', 1, '2025-09-05'),
(541, 7, 70, 182, '15:00:00', 1, '2025-09-03'),
(542, 11, 50, 301, '10:00:00', 1, '2025-09-01'),
(543, 11, 49, 309, '15:00:00', 1, '2025-09-02'),
(544, 4, 31, 106, '16:00:00', 1, '2025-09-03'),
(545, 10, 40, 291, '12:00:00', 1, '2025-09-02'),
(546, 7, 65, 203, '15:00:00', 1, '2025-09-02'),
(547, 2, 14, 45, '09:00:00', 0, '2025-09-02'),
(548, 3, 20, 71, '15:00:00', 1, '2025-09-01'),
(549, 6, 57, 158, '09:00:00', 1, '2025-09-01'),
(550, 12, 89, 352, '15:00:00', 0, '2025-09-02'),
(551, 7, 68, 195, '16:00:00', 1, '2025-09-04'),
(552, 7, 72, 206, '15:00:00', 1, '2025-09-05'),
(553, 8, 77, 234, '16:00:00', 1, '2025-09-01'),
(554, 5, 43, 142, '15:00:00', 0, '2025-09-04'),
(555, 1, 1, 11, '10:00:00', 1, '2025-09-04'),
(556, 9, 88, 269, '15:00:00', 1, '2025-09-05'),
(557, 3, 17, 72, '16:00:00', 1, '2025-09-05'),
(558, 7, 71, 186, '10:00:00', 1, '2025-09-02'),
(559, 12, 95, 352, '16:00:00', 1, '2025-09-03'),
(560, 9, 84, 270, '16:00:00', 1, '2025-09-04'),
(561, 14, 110, 398, '15:00:00', 1, '2025-09-03'),
(562, 12, 89, 338, '15:00:00', 1, '2025-09-02'),
(563, 2, 14, 48, '09:00:00', 1, '2025-09-02'),
(564, 1, 4, 1, '15:00:00', 0, '2025-09-01'),
(565, 12, 92, 337, '15:00:00', 1, '2025-09-01'),
(566, 2, 10, 36, '12:00:00', 1, '2025-09-04'),
(567, 9, 82, 256, '16:00:00', 1, '2025-09-02'),
(568, 5, 47, 122, '10:00:00', 1, '2025-09-02'),
(569, 12, 90, 357, '12:00:00', 1, '2025-09-04'),
(570, 6, 59, 172, '15:00:00', 1, '2025-09-04'),
(571, 6, 59, 163, '12:00:00', 1, '2025-09-01'),
(572, 1, 1, 13, '16:00:00', 1, '2025-09-05'),
(573, 13, 103, 363, '10:00:00', 1, '2025-09-02'),
(574, 14, 106, 399, '10:00:00', 1, '2025-09-01'),
(575, 5, 44, 129, '16:00:00', 1, '2025-09-04'),
(576, 15, 115, 445, '12:00:00', 1, '2025-09-01'),
(577, 6, 59, 173, '15:00:00', 1, '2025-09-04'),
(578, 14, 112, 393, '09:00:00', 0, '2025-09-04'),
(579, 2, 13, 38, '09:00:00', 1, '2025-09-05'),
(580, 6, 61, 156, '09:00:00', 1, '2025-09-05'),
(581, 5, 46, 129, '15:00:00', 1, '2025-09-03'),
(582, 4, 25, 112, '10:00:00', 1, '2025-09-04'),
(583, 7, 65, 198, '16:00:00', 0, '2025-09-05'),
(584, 11, 56, 321, '09:00:00', 1, '2025-09-04'),
(585, 2, 11, 32, '15:00:00', 1, '2025-09-04'),
(586, 15, 116, 427, '16:00:00', 1, '2025-09-04'),
(587, 4, 27, 106, '15:00:00', 0, '2025-09-04'),
(588, 3, 23, 88, '10:00:00', 1, '2025-09-02'),
(589, 7, 68, 188, '16:00:00', 1, '2025-09-04'),
(590, 5, 48, 144, '09:00:00', 1, '2025-09-04'),
(591, 14, 111, 407, '10:00:00', 1, '2025-09-02'),
(592, 13, 102, 361, '09:00:00', 1, '2025-09-02'),
(593, 10, 40, 278, '15:00:00', 1, '2025-09-05'),
(594, 1, 4, 14, '10:00:00', 1, '2025-09-03'),
(595, 12, 92, 351, '16:00:00', 1, '2025-09-04'),
(596, 8, 76, 230, '16:00:00', 1, '2025-09-04'),
(597, 9, 87, 249, '12:00:00', 0, '2025-09-05'),
(598, 12, 94, 350, '09:00:00', 1, '2025-09-02'),
(599, 15, 114, 450, '16:00:00', 1, '2025-09-02'),
(600, 4, 32, 97, '09:00:00', 1, '2025-09-04'),
(601, 9, 83, 250, '12:00:00', 0, '2025-09-01'),
(602, 2, 12, 32, '10:00:00', 1, '2025-09-03'),
(603, 11, 49, 302, '15:00:00', 1, '2025-09-02'),
(604, 15, 113, 432, '15:00:00', 0, '2025-09-02'),
(605, 7, 70, 193, '15:00:00', 1, '2025-09-03'),
(606, 5, 47, 139, '16:00:00', 1, '2025-09-03'),
(607, 14, 108, 420, '16:00:00', 1, '2025-09-04'),
(608, 9, 85, 241, '16:00:00', 1, '2025-09-01'),
(609, 1, 6, 18, '09:00:00', 1, '2025-09-02'),
(610, 2, 16, 42, '12:00:00', 1, '2025-09-02'),
(611, 11, 55, 309, '10:00:00', 1, '2025-09-02'),
(612, 12, 95, 336, '16:00:00', 1, '2025-09-03'),
(613, 2, 9, 44, '15:00:00', 0, '2025-09-02'),
(614, 9, 87, 266, '10:00:00', 1, '2025-09-02'),
(615, 8, 73, 213, '09:00:00', 1, '2025-09-01'),
(616, 1, 1, 18, '10:00:00', 1, '2025-09-04'),
(617, 15, 117, 439, '12:00:00', 1, '2025-09-03'),
(618, 7, 67, 202, '09:00:00', 1, '2025-09-03'),
(619, 15, 113, 431, '10:00:00', 1, '2025-09-04'),
(620, 6, 60, 164, '16:00:00', 1, '2025-09-04'),
(621, 1, 2, 3, '12:00:00', 1, '2025-09-04'),
(622, 7, 69, 181, '16:00:00', 1, '2025-09-01'),
(623, 8, 80, 239, '12:00:00', 1, '2025-09-02'),
(624, 1, 4, 14, '16:00:00', 1, '2025-09-04'),
(625, 13, 101, 382, '12:00:00', 1, '2025-09-03'),
(626, 4, 32, 120, '15:00:00', 1, '2025-09-05'),
(627, 3, 17, 81, '09:00:00', 1, '2025-09-01'),
(628, 3, 17, 73, '16:00:00', 1, '2025-09-05'),
(629, 12, 93, 353, '12:00:00', 1, '2025-09-03'),
(630, 8, 80, 225, '09:00:00', 1, '2025-09-04'),
(631, 1, 4, 7, '15:00:00', 1, '2025-09-01'),
(632, 9, 85, 244, '12:00:00', 1, '2025-09-03'),
(633, 3, 22, 63, '15:00:00', 1, '2025-09-03'),
(634, 13, 101, 390, '12:00:00', 1, '2025-09-03'),
(635, 1, 3, 26, '15:00:00', 1, '2025-09-04'),
(636, 14, 107, 419, '15:00:00', 1, '2025-09-04'),
(637, 15, 115, 428, '15:00:00', 1, '2025-09-04'),
(638, 6, 57, 164, '16:00:00', 1, '2025-09-05'),
(639, 10, 38, 284, '09:00:00', 1, '2025-09-02'),
(640, 9, 81, 260, '10:00:00', 1, '2025-09-04'),
(641, 9, 82, 266, '16:00:00', 1, '2025-09-02'),
(642, 15, 114, 422, '16:00:00', 1, '2025-09-02'),
(643, 3, 19, 61, '15:00:00', 1, '2025-09-04'),
(644, 14, 109, 409, '09:00:00', 1, '2025-09-05'),
(645, 4, 25, 116, '09:00:00', 1, '2025-09-01'),
(646, 13, 101, 372, '12:00:00', 1, '2025-09-03'),
(647, 7, 70, 198, '15:00:00', 1, '2025-09-03'),
(648, 15, 115, 445, '09:00:00', 1, '2025-09-03'),
(649, 4, 30, 95, '09:00:00', 1, '2025-09-02'),
(650, 7, 72, 188, '09:00:00', 1, '2025-09-04'),
(651, 14, 109, 412, '16:00:00', 1, '2025-09-01'),
(652, 8, 73, 236, '16:00:00', 1, '2025-09-05'),
(653, 15, 119, 427, '12:00:00', 1, '2025-09-05'),
(654, 3, 21, 82, '16:00:00', 1, '2025-09-01'),
(655, 14, 107, 396, '09:00:00', 1, '2025-09-03'),
(656, 5, 48, 128, '15:00:00', 1, '2025-09-05'),
(657, 2, 16, 37, '15:00:00', 1, '2025-09-05'),
(658, 3, 21, 85, '16:00:00', 1, '2025-09-01'),
(659, 10, 33, 296, '09:00:00', 1, '2025-09-01'),
(660, 11, 54, 301, '10:00:00', 1, '2025-09-05'),
(661, 2, 12, 33, '16:00:00', 1, '2025-09-04'),
(662, 15, 117, 424, '16:00:00', 1, '2025-09-01'),
(663, 6, 58, 155, '12:00:00', 0, '2025-09-04'),
(664, 5, 42, 128, '16:00:00', 1, '2025-09-02'),
(665, 6, 59, 164, '12:00:00', 0, '2025-09-01'),
(666, 14, 112, 393, '12:00:00', 1, '2025-09-02'),
(667, 12, 95, 357, '12:00:00', 1, '2025-09-05'),
(668, 6, 62, 174, '15:00:00', 1, '2025-09-03'),
(669, 9, 86, 258, '09:00:00', 1, '2025-09-02'),
(670, 5, 43, 130, '15:00:00', 1, '2025-09-04'),
(671, 6, 62, 166, '15:00:00', 1, '2025-09-03'),
(672, 7, 71, 190, '16:00:00', 1, '2025-09-03'),
(673, 11, 55, 324, '12:00:00', 1, '2025-09-05'),
(674, 1, 4, 29, '10:00:00', 1, '2025-09-03'),
(675, 2, 16, 37, '09:00:00', 1, '2025-09-04'),
(676, 13, 104, 384, '12:00:00', 1, '2025-09-02'),
(677, 9, 85, 262, '16:00:00', 1, '2025-09-01'),
(678, 7, 65, 206, '10:00:00', 1, '2025-09-04'),
(679, 3, 17, 78, '09:00:00', 1, '2025-09-01'),
(680, 14, 105, 403, '16:00:00', 1, '2025-09-05'),
(681, 6, 60, 164, '15:00:00', 1, '2025-09-01'),
(682, 9, 84, 244, '10:00:00', 1, '2025-09-03'),
(683, 10, 40, 284, '12:00:00', 1, '2025-09-02'),
(684, 8, 75, 225, '12:00:00', 1, '2025-09-01'),
(685, 5, 42, 150, '10:00:00', 1, '2025-09-01'),
(686, 4, 26, 119, '10:00:00', 1, '2025-09-01'),
(687, 13, 102, 362, '09:00:00', 1, '2025-09-02'),
(688, 7, 65, 207, '15:00:00', 1, '2025-09-02'),
(689, 3, 18, 64, '10:00:00', 1, '2025-09-01'),
(690, 8, 73, 220, '16:00:00', 0, '2025-09-05'),
(691, 2, 9, 37, '15:00:00', 1, '2025-09-02'),
(692, 12, 94, 339, '09:00:00', 1, '2025-09-02'),
(693, 14, 108, 419, '15:00:00', 0, '2025-09-01'),
(694, 7, 67, 199, '15:00:00', 1, '2025-09-04'),
(695, 13, 99, 375, '12:00:00', 0, '2025-09-01'),
(696, 2, 16, 31, '15:00:00', 1, '2025-09-05'),
(697, 9, 82, 242, '16:00:00', 1, '2025-09-02'),
(698, 6, 59, 180, '15:00:00', 1, '2025-09-04'),
(699, 13, 98, 389, '16:00:00', 1, '2025-09-02'),
(700, 11, 52, 314, '10:00:00', 1, '2025-09-03'),
(701, 4, 31, 110, '10:00:00', 1, '2025-09-02'),
(702, 7, 69, 207, '09:00:00', 0, '2025-09-05'),
(703, 7, 70, 200, '10:00:00', 0, '2025-09-05'),
(704, 15, 117, 428, '09:00:00', 1, '2025-09-05'),
(705, 3, 18, 74, '16:00:00', 1, '2025-09-02'),
(706, 4, 31, 117, '16:00:00', 1, '2025-09-03'),
(707, 13, 101, 365, '09:00:00', 1, '2025-09-05'),
(708, 4, 30, 92, '10:00:00', 1, '2025-09-05'),
(709, 3, 21, 61, '16:00:00', 1, '2025-09-01'),
(710, 5, 43, 132, '09:00:00', 1, '2025-09-03'),
(711, 3, 17, 74, '16:00:00', 1, '2025-09-05'),
(712, 11, 55, 330, '16:00:00', 1, '2025-09-03'),
(713, 14, 108, 409, '10:00:00', 1, '2025-09-03'),
(714, 7, 65, 190, '15:00:00', 0, '2025-09-02'),
(715, 9, 82, 256, '10:00:00', 1, '2025-09-01'),
(716, 5, 48, 131, '15:00:00', 1, '2025-09-05'),
(717, 9, 87, 257, '12:00:00', 1, '2025-09-05'),
(718, 12, 96, 349, '12:00:00', 1, '2025-09-02'),
(719, 12, 89, 350, '09:00:00', 1, '2025-09-01'),
(720, 3, 23, 82, '16:00:00', 1, '2025-09-03'),
(721, 6, 63, 178, '12:00:00', 1, '2025-09-05'),
(722, 14, 106, 394, '10:00:00', 0, '2025-09-01'),
(723, 2, 9, 33, '16:00:00', 1, '2025-09-05'),
(724, 5, 43, 133, '12:00:00', 1, '2025-09-01'),
(725, 8, 79, 229, '16:00:00', 1, '2025-09-03'),
(726, 14, 112, 419, '09:00:00', 1, '2025-09-04'),
(727, 2, 11, 59, '15:00:00', 1, '2025-09-04'),
(728, 11, 53, 312, '12:00:00', 1, '2025-09-03'),
(729, 8, 75, 230, '12:00:00', 1, '2025-09-01'),
(730, 11, 49, 310, '10:00:00', 1, '2025-09-04'),
(731, 8, 76, 221, '10:00:00', 1, '2025-09-03'),
(732, 2, 10, 58, '10:00:00', 0, '2025-09-01'),
(733, 1, 4, 13, '16:00:00', 1, '2025-09-04'),
(734, 9, 82, 262, '12:00:00', 1, '2025-09-04'),
(735, 12, 91, 350, '12:00:00', 1, '2025-09-01'),
(736, 3, 17, 83, '10:00:00', 1, '2025-09-04'),
(737, 10, 37, 295, '12:00:00', 1, '2025-09-03'),
(738, 10, 39, 274, '12:00:00', 1, '2025-09-05'),
(739, 6, 57, 153, '10:00:00', 1, '2025-09-04'),
(740, 2, 9, 47, '15:00:00', 1, '2025-09-02'),
(741, 3, 18, 86, '12:00:00', 1, '2025-09-04'),
(742, 5, 47, 126, '10:00:00', 1, '2025-09-02'),
(743, 12, 92, 359, '16:00:00', 1, '2025-09-04'),
(744, 15, 120, 436, '12:00:00', 1, '2025-09-02'),
(745, 8, 78, 222, '10:00:00', 1, '2025-09-05'),
(746, 14, 107, 418, '15:00:00', 1, '2025-09-04'),
(747, 8, 76, 212, '16:00:00', 1, '2025-09-04'),
(748, 6, 59, 177, '15:00:00', 1, '2025-09-04'),
(749, 3, 18, 87, '12:00:00', 1, '2025-09-04'),
(750, 5, 48, 138, '15:00:00', 1, '2025-09-05'),
(751, 15, 119, 438, '10:00:00', 1, '2025-09-02'),
(752, 6, 60, 151, '10:00:00', 1, '2025-09-03'),
(753, 12, 90, 333, '16:00:00', 1, '2025-09-02'),
(754, 10, 35, 280, '12:00:00', 1, '2025-09-01'),
(755, 1, 5, 10, '12:00:00', 1, '2025-09-03'),
(756, 5, 41, 126, '10:00:00', 1, '2025-09-04'),
(757, 12, 89, 336, '15:00:00', 1, '2025-09-02'),
(758, 6, 59, 174, '15:00:00', 1, '2025-09-04'),
(759, 3, 22, 67, '10:00:00', 1, '2025-09-05'),
(760, 7, 72, 190, '15:00:00', 1, '2025-09-05'),
(761, 14, 109, 403, '09:00:00', 1, '2025-09-05'),
(762, 7, 70, 202, '15:00:00', 1, '2025-09-03'),
(763, 4, 25, 111, '09:00:00', 1, '2025-09-01'),
(764, 9, 84, 269, '16:00:00', 1, '2025-09-04'),
(765, 6, 61, 166, '12:00:00', 1, '2025-09-03'),
(766, 5, 42, 130, '16:00:00', 1, '2025-09-02'),
(767, 9, 81, 249, '10:00:00', 1, '2025-09-04'),
(768, 9, 86, 266, '09:00:00', 1, '2025-09-02'),
(769, 9, 86, 264, '15:00:00', 1, '2025-09-03'),
(770, 14, 111, 393, '10:00:00', 1, '2025-09-02'),
(771, 8, 75, 237, '09:00:00', 1, '2025-09-03'),
(772, 1, 5, 22, '12:00:00', 1, '2025-09-03'),
(773, 6, 61, 168, '09:00:00', 1, '2025-09-05'),
(774, 1, 3, 27, '09:00:00', 1, '2025-09-03'),
(775, 1, 8, 17, '15:00:00', 1, '2025-09-05'),
(776, 2, 9, 47, '09:00:00', 1, '2025-09-01'),
(777, 12, 90, 335, '12:00:00', 0, '2025-09-04'),
(778, 6, 58, 161, '16:00:00', 1, '2025-09-02'),
(779, 10, 34, 293, '10:00:00', 1, '2025-09-01'),
(780, 12, 95, 355, '10:00:00', 1, '2025-09-02'),
(781, 13, 101, 379, '09:00:00', 1, '2025-09-05'),
(782, 13, 102, 389, '10:00:00', 1, '2025-09-05'),
(783, 1, 8, 7, '15:00:00', 1, '2025-09-05'),
(784, 12, 95, 338, '10:00:00', 1, '2025-09-02'),
(785, 8, 80, 211, '09:00:00', 1, '2025-09-04'),
(786, 9, 83, 242, '15:00:00', 1, '2025-09-04'),
(787, 4, 28, 113, '16:00:00', 1, '2025-09-04'),
(788, 2, 13, 43, '16:00:00', 1, '2025-09-01'),
(789, 11, 49, 325, '09:00:00', 0, '2025-09-01'),
(790, 3, 19, 81, '09:00:00', 1, '2025-09-03'),
(791, 10, 39, 271, '10:00:00', 1, '2025-09-02'),
(792, 15, 115, 446, '09:00:00', 1, '2025-09-03'),
(793, 12, 96, 357, '12:00:00', 1, '2025-09-02'),
(794, 4, 29, 97, '12:00:00', 1, '2025-09-03'),
(795, 4, 31, 109, '12:00:00', 1, '2025-09-05'),
(796, 11, 52, 317, '10:00:00', 1, '2025-09-03'),
(797, 7, 67, 194, '15:00:00', 1, '2025-09-04'),
(798, 1, 7, 9, '12:00:00', 1, '2025-09-05'),
(799, 13, 100, 389, '16:00:00', 1, '2025-09-04'),
(800, 8, 77, 233, '12:00:00', 1, '2025-09-03'),
(801, 2, 10, 42, '12:00:00', 1, '2025-09-04'),
(802, 1, 5, 18, '09:00:00', 1, '2025-09-05'),
(803, 7, 67, 200, '09:00:00', 1, '2025-09-03'),
(804, 9, 85, 245, '12:00:00', 0, '2025-09-03'),
(805, 5, 42, 145, '12:00:00', 1, '2025-09-04'),
(806, 15, 120, 449, '12:00:00', 0, '2025-09-02'),
(807, 4, 29, 104, '12:00:00', 1, '2025-09-03'),
(808, 13, 104, 369, '12:00:00', 1, '2025-09-02'),
(809, 11, 54, 328, '09:00:00', 1, '2025-09-02'),
(810, 14, 105, 417, '09:00:00', 1, '2025-09-01'),
(811, 7, 70, 186, '09:00:00', 1, '2025-09-02'),
(812, 5, 45, 130, '12:00:00', 1, '2025-09-03'),
(813, 14, 105, 399, '09:00:00', 1, '2025-09-01'),
(814, 14, 106, 410, '12:00:00', 1, '2025-09-04'),
(815, 6, 63, 154, '10:00:00', 1, '2025-09-02'),
(816, 6, 58, 169, '16:00:00', 1, '2025-09-02'),
(817, 9, 81, 246, '15:00:00', 1, '2025-09-02'),
(818, 8, 76, 224, '16:00:00', 1, '2025-09-04'),
(819, 1, 4, 1, '10:00:00', 1, '2025-09-03'),
(820, 5, 46, 150, '10:00:00', 1, '2025-09-05'),
(821, 13, 97, 376, '10:00:00', 1, '2025-09-04'),
(822, 6, 61, 178, '09:00:00', 1, '2025-09-05'),
(823, 1, 7, 17, '16:00:00', 1, '2025-09-03'),
(824, 11, 53, 328, '16:00:00', 1, '2025-09-01'),
(825, 7, 71, 181, '10:00:00', 1, '2025-09-02'),
(826, 3, 20, 84, '10:00:00', 1, '2025-09-03'),
(827, 10, 34, 278, '16:00:00', 1, '2025-09-02'),
(828, 10, 37, 273, '12:00:00', 1, '2025-09-03'),
(829, 5, 48, 150, '12:00:00', 0, '2025-09-02'),
(830, 4, 27, 93, '09:00:00', 1, '2025-09-03'),
(831, 2, 11, 52, '12:00:00', 1, '2025-09-01'),
(832, 11, 56, 308, '15:00:00', 1, '2025-09-05'),
(833, 14, 109, 394, '16:00:00', 1, '2025-09-01'),
(834, 15, 114, 445, '16:00:00', 1, '2025-09-02'),
(835, 5, 45, 146, '16:00:00', 1, '2025-09-01'),
(836, 6, 61, 174, '16:00:00', 1, '2025-09-01'),
(837, 1, 7, 7, '12:00:00', 1, '2025-09-05'),
(838, 2, 15, 47, '16:00:00', 1, '2025-09-03'),
(839, 11, 54, 328, '10:00:00', 1, '2025-09-05'),
(840, 9, 83, 243, '15:00:00', 1, '2025-09-04'),
(841, 12, 90, 331, '10:00:00', 1, '2025-09-01'),
(842, 2, 10, 51, '10:00:00', 1, '2025-09-01'),
(843, 3, 24, 76, '15:00:00', 1, '2025-09-05'),
(844, 2, 11, 39, '09:00:00', 1, '2025-09-03'),
(845, 7, 65, 191, '10:00:00', 0, '2025-09-04'),
(846, 8, 73, 224, '10:00:00', 0, '2025-09-04'),
(847, 4, 32, 107, '09:00:00', 1, '2025-09-04'),
(848, 8, 76, 213, '10:00:00', 0, '2025-09-03'),
(849, 6, 62, 171, '09:00:00', 1, '2025-09-02'),
(850, 6, 60, 152, '15:00:00', 1, '2025-09-01'),
(851, 13, 104, 387, '12:00:00', 1, '2025-09-02'),
(852, 8, 80, 238, '09:00:00', 1, '2025-09-04'),
(853, 13, 99, 370, '12:00:00', 1, '2025-09-01'),
(854, 8, 73, 231, '09:00:00', 1, '2025-09-01'),
(855, 14, 110, 416, '15:00:00', 1, '2025-09-03'),
(856, 9, 83, 257, '15:00:00', 1, '2025-09-04'),
(857, 9, 81, 254, '09:00:00', 1, '2025-09-01'),
(858, 4, 29, 94, '09:00:00', 1, '2025-09-05'),
(859, 9, 88, 263, '15:00:00', 1, '2025-09-05'),
(860, 6, 61, 159, '16:00:00', 1, '2025-09-01'),
(861, 2, 16, 56, '12:00:00', 0, '2025-09-02'),
(862, 2, 15, 45, '10:00:00', 1, '2025-09-02'),
(863, 2, 15, 42, '12:00:00', 1, '2025-09-05'),
(864, 12, 95, 349, '12:00:00', 1, '2025-09-05'),
(865, 10, 34, 286, '10:00:00', 1, '2025-09-01'),
(866, 13, 102, 377, '09:00:00', 1, '2025-09-02'),
(867, 13, 101, 381, '16:00:00', 1, '2025-09-01'),
(868, 1, 1, 24, '16:00:00', 1, '2025-09-05'),
(869, 1, 2, 9, '12:00:00', 0, '2025-09-04'),
(870, 7, 70, 184, '10:00:00', 1, '2025-09-05'),
(871, 6, 61, 167, '09:00:00', 1, '2025-09-05'),
(872, 8, 79, 233, '12:00:00', 1, '2025-09-05'),
(873, 10, 33, 278, '15:00:00', 0, '2025-09-02'),
(874, 13, 104, 372, '09:00:00', 1, '2025-09-04'),
(875, 11, 49, 302, '16:00:00', 0, '2025-09-05'),
(876, 5, 41, 122, '10:00:00', 1, '2025-09-04'),
(877, 4, 25, 114, '10:00:00', 1, '2025-09-04'),
(878, 3, 21, 72, '12:00:00', 1, '2025-09-03'),
(879, 5, 46, 133, '10:00:00', 1, '2025-09-05'),
(880, 2, 12, 36, '16:00:00', 1, '2025-09-04'),
(881, 4, 28, 114, '10:00:00', 1, '2025-09-03'),
(882, 3, 21, 77, '09:00:00', 1, '2025-09-05'),
(883, 8, 73, 215, '16:00:00', 1, '2025-09-05'),
(884, 7, 67, 207, '12:00:00', 1, '2025-09-01'),
(885, 7, 71, 209, '12:00:00', 1, '2025-09-05'),
(886, 11, 53, 306, '16:00:00', 1, '2025-09-01'),
(887, 8, 73, 225, '15:00:00', 1, '2025-09-02'),
(888, 9, 86, 259, '10:00:00', 1, '2025-09-05'),
(889, 9, 86, 248, '09:00:00', 1, '2025-09-02'),
(890, 14, 106, 406, '16:00:00', 1, '2025-09-02'),
(891, 9, 85, 251, '16:00:00', 1, '2025-09-01'),
(892, 3, 22, 84, '09:00:00', 1, '2025-09-02'),
(893, 12, 94, 360, '09:00:00', 1, '2025-09-02'),
(894, 4, 26, 118, '16:00:00', 1, '2025-09-02'),
(895, 1, 6, 14, '10:00:00', 1, '2025-09-05'),
(896, 9, 81, 270, '09:00:00', 1, '2025-09-01'),
(897, 3, 22, 75, '09:00:00', 1, '2025-09-02'),
(898, 1, 2, 14, '10:00:00', 1, '2025-09-01'),
(899, 15, 118, 424, '15:00:00', 1, '2025-09-03'),
(900, 10, 37, 295, '09:00:00', 1, '2025-09-05'),
(901, 5, 41, 130, '16:00:00', 1, '2025-09-05'),
(902, 7, 65, 200, '10:00:00', 1, '2025-09-04'),
(903, 2, 15, 32, '16:00:00', 0, '2025-09-03'),
(904, 4, 27, 115, '12:00:00', 1, '2025-09-01'),
(905, 11, 55, 313, '10:00:00', 1, '2025-09-02'),
(906, 2, 13, 41, '12:00:00', 1, '2025-09-03'),
(907, 1, 7, 13, '16:00:00', 0, '2025-09-03'),
(908, 5, 42, 149, '12:00:00', 1, '2025-09-04'),
(909, 8, 76, 237, '15:00:00', 1, '2025-09-01'),
(910, 11, 56, 315, '12:00:00', 1, '2025-09-02'),
(911, 14, 106, 405, '16:00:00', 1, '2025-09-02'),
(912, 9, 86, 251, '10:00:00', 0, '2025-09-05'),
(913, 5, 47, 124, '12:00:00', 1, '2025-09-05'),
(914, 7, 65, 182, '15:00:00', 1, '2025-09-02'),
(915, 14, 109, 416, '09:00:00', 1, '2025-09-05'),
(916, 13, 99, 381, '12:00:00', 1, '2025-09-01'),
(917, 15, 114, 433, '12:00:00', 1, '2025-09-04'),
(918, 10, 40, 294, '12:00:00', 1, '2025-09-02'),
(919, 2, 15, 42, '10:00:00', 1, '2025-09-02'),
(920, 15, 118, 423, '09:00:00', 1, '2025-09-02'),
(921, 1, 8, 21, '12:00:00', 1, '2025-09-02'),
(922, 15, 119, 431, '12:00:00', 1, '2025-09-05'),
(923, 7, 67, 198, '12:00:00', 0, '2025-09-01'),
(924, 4, 30, 109, '09:00:00', 0, '2025-09-02'),
(925, 4, 29, 120, '12:00:00', 1, '2025-09-03'),
(926, 13, 97, 372, '16:00:00', 1, '2025-09-05'),
(927, 3, 21, 86, '09:00:00', 1, '2025-09-05'),
(928, 2, 13, 49, '12:00:00', 1, '2025-09-03'),
(929, 3, 20, 86, '16:00:00', 1, '2025-09-04'),
(930, 14, 107, 418, '12:00:00', 1, '2025-09-01'),
(931, 7, 72, 210, '09:00:00', 1, '2025-09-04'),
(932, 4, 28, 93, '10:00:00', 1, '2025-09-03'),
(933, 14, 111, 415, '16:00:00', 1, '2025-09-03'),
(934, 15, 113, 441, '15:00:00', 1, '2025-09-02'),
(935, 10, 35, 280, '15:00:00', 1, '2025-09-04'),
(936, 14, 108, 418, '16:00:00', 1, '2025-09-04'),
(937, 9, 84, 261, '16:00:00', 1, '2025-09-04'),
(938, 3, 20, 63, '16:00:00', 1, '2025-09-04'),
(939, 9, 84, 268, '15:00:00', 1, '2025-09-01'),
(940, 6, 62, 169, '10:00:00', 1, '2025-09-05'),
(941, 13, 101, 386, '09:00:00', 1, '2025-09-05'),
(942, 3, 24, 89, '09:00:00', 1, '2025-09-04'),
(943, 10, 33, 299, '16:00:00', 1, '2025-09-05'),
(944, 15, 120, 436, '15:00:00', 1, '2025-09-05'),
(945, 13, 103, 383, '10:00:00', 0, '2025-09-02'),
(946, 3, 21, 64, '16:00:00', 1, '2025-09-01'),
(947, 10, 37, 297, '16:00:00', 1, '2025-09-01'),
(948, 14, 111, 408, '12:00:00', 1, '2025-09-05'),
(949, 3, 17, 65, '16:00:00', 1, '2025-09-05'),
(950, 5, 45, 140, '09:00:00', 1, '2025-09-05'),
(951, 3, 18, 70, '10:00:00', 1, '2025-09-01'),
(952, 15, 120, 426, '12:00:00', 1, '2025-09-02'),
(953, 3, 17, 82, '16:00:00', 1, '2025-09-05'),
(954, 11, 55, 306, '12:00:00', 1, '2025-09-05'),
(955, 5, 46, 141, '09:00:00', 1, '2025-09-02'),
(956, 7, 65, 209, '10:00:00', 1, '2025-09-04'),
(957, 12, 91, 343, '15:00:00', 1, '2025-09-04'),
(958, 4, 25, 106, '10:00:00', 1, '2025-09-04'),
(959, 15, 113, 421, '16:00:00', 1, '2025-09-05'),
(960, 5, 42, 124, '16:00:00', 1, '2025-09-02'),
(961, 4, 25, 111, '16:00:00', 1, '2025-09-05'),
(962, 3, 19, 62, '15:00:00', 1, '2025-09-04'),
(963, 10, 38, 285, '10:00:00', 1, '2025-09-05'),
(964, 10, 37, 295, '16:00:00', 1, '2025-09-01'),
(965, 7, 65, 201, '10:00:00', 0, '2025-09-04'),
(966, 9, 83, 241, '09:00:00', 1, '2025-09-03'),
(967, 15, 118, 421, '15:00:00', 1, '2025-09-03'),
(968, 7, 69, 181, '12:00:00', 1, '2025-09-03'),
(969, 6, 59, 161, '09:00:00', 1, '2025-09-03'),
(970, 12, 91, 334, '12:00:00', 1, '2025-09-01'),
(971, 3, 24, 85, '12:00:00', 1, '2025-09-02'),
(972, 7, 67, 184, '09:00:00', 1, '2025-09-03'),
(973, 15, 119, 445, '16:00:00', 1, '2025-09-03'),
(974, 10, 40, 288, '09:00:00', 1, '2025-09-04'),
(975, 2, 13, 43, '12:00:00', 1, '2025-09-03'),
(976, 14, 110, 412, '15:00:00', 1, '2025-09-03'),
(977, 1, 5, 13, '09:00:00', 1, '2025-09-05'),
(978, 5, 41, 122, '09:00:00', 1, '2025-09-01'),
(979, 5, 43, 132, '15:00:00', 1, '2025-09-04'),
(980, 10, 36, 273, '15:00:00', 1, '2025-09-01'),
(981, 5, 44, 144, '10:00:00', 1, '2025-09-03'),
(982, 13, 104, 386, '12:00:00', 1, '2025-09-02'),
(983, 6, 60, 167, '10:00:00', 1, '2025-09-03'),
(984, 13, 100, 370, '15:00:00', 1, '2025-09-01'),
(985, 15, 115, 443, '09:00:00', 1, '2025-09-03'),
(986, 12, 89, 332, '10:00:00', 1, '2025-09-04'),
(987, 1, 1, 19, '09:00:00', 1, '2025-09-01'),
(988, 15, 113, 430, '10:00:00', 0, '2025-09-04'),
(989, 6, 58, 160, '12:00:00', 1, '2025-09-04'),
(990, 1, 8, 21, '09:00:00', 1, '2025-09-04'),
(991, 6, 61, 169, '16:00:00', 1, '2025-09-01'),
(992, 6, 64, 164, '12:00:00', 0, '2025-09-02'),
(993, 12, 91, 335, '15:00:00', 1, '2025-09-04'),
(994, 10, 37, 288, '12:00:00', 1, '2025-09-03'),
(995, 9, 85, 242, '09:00:00', 1, '2025-09-05'),
(996, 10, 34, 278, '12:00:00', 1, '2025-09-04'),
(997, 9, 86, 257, '10:00:00', 1, '2025-09-05'),
(998, 4, 25, 103, '10:00:00', 1, '2025-09-04'),
(999, 6, 60, 156, '15:00:00', 1, '2025-09-01'),
(1000, 13, 103, 363, '12:00:00', 0, '2025-09-05'),
(1001, 15, 118, 446, '09:00:00', 1, '2025-09-02'),
(1002, 15, 116, 449, '16:00:00', 1, '2025-09-04'),
(1003, 15, 114, 437, '10:00:00', 1, '2025-09-01'),
(1004, 2, 13, 40, '12:00:00', 0, '2025-09-03'),
(1005, 3, 20, 69, '16:00:00', 1, '2025-09-04'),
(1006, 8, 76, 232, '16:00:00', 1, '2025-09-04'),
(1007, 14, 106, 400, '10:00:00', 1, '2025-09-01'),
(1008, 4, 25, 113, '09:00:00', 1, '2025-09-01'),
(1009, 7, 71, 196, '12:00:00', 1, '2025-09-05'),
(1010, 12, 94, 351, '09:00:00', 0, '2025-09-02'),
(1011, 3, 23, 75, '10:00:00', 1, '2025-09-02'),
(1012, 4, 31, 112, '16:00:00', 1, '2025-09-03'),
(1013, 1, 5, 25, '09:00:00', 0, '2025-09-05'),
(1014, 2, 11, 45, '12:00:00', 1, '2025-09-01'),
(1015, 1, 6, 19, '10:00:00', 1, '2025-09-05'),
(1016, 15, 117, 445, '12:00:00', 1, '2025-09-03'),
(1017, 11, 49, 328, '09:00:00', 1, '2025-09-01'),
(1018, 14, 112, 391, '15:00:00', 0, '2025-09-05'),
(1019, 13, 98, 389, '10:00:00', 1, '2025-09-01'),
(1020, 6, 58, 151, '12:00:00', 1, '2025-09-04'),
(1021, 13, 101, 365, '16:00:00', 1, '2025-09-01'),
(1022, 2, 10, 33, '16:00:00', 0, '2025-09-02'),
(1023, 10, 34, 276, '12:00:00', 1, '2025-09-04'),
(1024, 2, 15, 42, '16:00:00', 1, '2025-09-03'),
(1025, 11, 50, 328, '12:00:00', 1, '2025-09-04'),
(1026, 15, 114, 430, '16:00:00', 1, '2025-09-02'),
(1027, 1, 1, 28, '10:00:00', 1, '2025-09-04'),
(1028, 8, 75, 226, '15:00:00', 1, '2025-09-04'),
(1029, 7, 66, 207, '12:00:00', 1, '2025-09-04'),
(1030, 12, 89, 334, '15:00:00', 0, '2025-09-02'),
(1031, 5, 44, 134, '16:00:00', 0, '2025-09-04'),
(1032, 1, 6, 2, '10:00:00', 1, '2025-09-05'),
(1033, 1, 1, 30, '15:00:00', 1, '2025-09-02'),
(1034, 12, 95, 345, '16:00:00', 1, '2025-09-03'),
(1035, 6, 58, 153, '16:00:00', 1, '2025-09-02'),
(1036, 6, 63, 161, '12:00:00', 0, '2025-09-05'),
(1037, 11, 50, 318, '12:00:00', 0, '2025-09-04'),
(1038, 15, 117, 437, '16:00:00', 0, '2025-09-01'),
(1039, 8, 76, 214, '15:00:00', 0, '2025-09-01'),
(1040, 15, 113, 450, '16:00:00', 1, '2025-09-05'),
(1041, 1, 1, 19, '10:00:00', 1, '2025-09-04'),
(1042, 8, 75, 229, '09:00:00', 1, '2025-09-03'),
(1043, 11, 50, 309, '12:00:00', 1, '2025-09-04'),
(1044, 15, 118, 448, '09:00:00', 1, '2025-09-02'),
(1045, 1, 2, 13, '10:00:00', 1, '2025-09-01'),
(1046, 1, 7, 15, '16:00:00', 1, '2025-09-03'),
(1047, 3, 22, 62, '15:00:00', 1, '2025-09-03'),
(1048, 5, 45, 137, '09:00:00', 1, '2025-09-05'),
(1049, 4, 30, 112, '10:00:00', 1, '2025-09-05'),
(1050, 9, 82, 253, '12:00:00', 1, '2025-09-04'),
(1051, 2, 15, 35, '10:00:00', 1, '2025-09-02'),
(1052, 4, 27, 117, '15:00:00', 1, '2025-09-04'),
(1053, 14, 108, 395, '16:00:00', 1, '2025-09-04'),
(1054, 8, 76, 226, '16:00:00', 1, '2025-09-04'),
(1055, 8, 78, 225, '15:00:00', 1, '2025-09-03'),
(1056, 7, 68, 197, '10:00:00', 1, '2025-09-03'),
(1057, 1, 6, 13, '10:00:00', 1, '2025-09-05'),
(1058, 15, 113, 444, '10:00:00', 1, '2025-09-04'),
(1059, 12, 92, 331, '10:00:00', 1, '2025-09-03'),
(1060, 5, 43, 141, '15:00:00', 1, '2025-09-04'),
(1061, 6, 59, 173, '09:00:00', 1, '2025-09-03'),
(1062, 6, 57, 151, '15:00:00', 1, '2025-09-02'),
(1063, 12, 94, 343, '09:00:00', 0, '2025-09-02'),
(1064, 3, 23, 69, '12:00:00', 1, '2025-09-05'),
(1065, 12, 95, 335, '16:00:00', 0, '2025-09-03'),
(1066, 11, 56, 317, '12:00:00', 1, '2025-09-02'),
(1067, 15, 119, 431, '16:00:00', 1, '2025-09-03'),
(1068, 5, 44, 146, '15:00:00', 1, '2025-09-01'),
(1069, 5, 46, 144, '15:00:00', 1, '2025-09-03'),
(1070, 14, 111, 391, '12:00:00', 1, '2025-09-05'),
(1071, 12, 94, 337, '15:00:00', 1, '2025-09-03'),
(1072, 13, 99, 386, '09:00:00', 1, '2025-09-03'),
(1073, 2, 9, 33, '15:00:00', 1, '2025-09-02'),
(1074, 10, 40, 286, '09:00:00', 1, '2025-09-04'),
(1075, 5, 41, 127, '09:00:00', 1, '2025-09-01'),
(1076, 10, 39, 272, '12:00:00', 1, '2025-09-05'),
(1077, 10, 36, 280, '16:00:00', 1, '2025-09-04'),
(1078, 5, 47, 130, '12:00:00', 0, '2025-09-05'),
(1079, 7, 68, 190, '10:00:00', 0, '2025-09-03'),
(1080, 11, 53, 325, '16:00:00', 1, '2025-09-01'),
(1081, 4, 32, 104, '09:00:00', 1, '2025-09-04'),
(1082, 11, 53, 314, '16:00:00', 1, '2025-09-01'),
(1083, 13, 98, 368, '12:00:00', 1, '2025-09-04'),
(1084, 5, 44, 137, '16:00:00', 1, '2025-09-04'),
(1085, 2, 12, 42, '15:00:00', 1, '2025-09-01'),
(1086, 1, 1, 22, '15:00:00', 1, '2025-09-02'),
(1087, 15, 118, 448, '15:00:00', 1, '2025-09-03'),
(1088, 2, 10, 40, '16:00:00', 1, '2025-09-02'),
(1089, 9, 81, 266, '09:00:00', 0, '2025-09-01'),
(1090, 7, 65, 193, '10:00:00', 1, '2025-09-04'),
(1091, 14, 112, 408, '15:00:00', 1, '2025-09-05'),
(1092, 7, 71, 207, '16:00:00', 1, '2025-09-03'),
(1093, 14, 109, 393, '12:00:00', 1, '2025-09-03'),
(1094, 9, 84, 266, '15:00:00', 1, '2025-09-01'),
(1095, 6, 63, 164, '16:00:00', 1, '2025-09-03'),
(1096, 14, 105, 403, '10:00:00', 1, '2025-09-04'),
(1097, 12, 93, 347, '12:00:00', 1, '2025-09-03'),
(1098, 5, 45, 149, '12:00:00', 1, '2025-09-03'),
(1099, 9, 81, 255, '10:00:00', 1, '2025-09-04'),
(1100, 15, 120, 435, '09:00:00', 1, '2025-09-04'),
(1101, 4, 29, 109, '16:00:00', 1, '2025-09-01'),
(1102, 8, 79, 217, '12:00:00', 1, '2025-09-05'),
(1103, 8, 75, 222, '12:00:00', 1, '2025-09-01'),
(1104, 11, 49, 307, '15:00:00', 1, '2025-09-02'),
(1105, 2, 12, 59, '10:00:00', 1, '2025-09-03'),
(1106, 10, 39, 284, '12:00:00', 1, '2025-09-05'),
(1107, 10, 37, 281, '16:00:00', 1, '2025-09-01'),
(1108, 3, 18, 61, '12:00:00', 0, '2025-09-04'),
(1109, 14, 110, 407, '10:00:00', 0, '2025-09-05'),
(1110, 11, 53, 327, '16:00:00', 0, '2025-09-01'),
(1111, 4, 26, 100, '12:00:00', 1, '2025-09-04'),
(1112, 4, 30, 116, '09:00:00', 1, '2025-09-02'),
(1113, 3, 22, 77, '15:00:00', 1, '2025-09-03'),
(1114, 4, 25, 115, '09:00:00', 1, '2025-09-01'),
(1115, 6, 57, 154, '09:00:00', 1, '2025-09-01'),
(1116, 6, 61, 155, '12:00:00', 0, '2025-09-03'),
(1117, 7, 65, 200, '09:00:00', 1, '2025-09-01'),
(1118, 3, 19, 67, '09:00:00', 1, '2025-09-03'),
(1119, 10, 35, 294, '09:00:00', 1, '2025-09-03'),
(1120, 11, 55, 322, '16:00:00', 1, '2025-09-03'),
(1121, 3, 24, 67, '09:00:00', 1, '2025-09-04'),
(1122, 1, 2, 16, '16:00:00', 1, '2025-09-02'),
(1123, 12, 89, 341, '15:00:00', 1, '2025-09-02'),
(1124, 12, 93, 353, '09:00:00', 1, '2025-09-05'),
(1125, 1, 8, 2, '09:00:00', 1, '2025-09-04'),
(1126, 11, 53, 328, '09:00:00', 1, '2025-09-05'),
(1127, 5, 41, 131, '15:00:00', 1, '2025-09-02'),
(1128, 4, 32, 116, '12:00:00', 0, '2025-09-02'),
(1129, 5, 46, 139, '09:00:00', 1, '2025-09-02'),
(1130, 9, 84, 244, '15:00:00', 1, '2025-09-01'),
(1131, 7, 71, 206, '12:00:00', 1, '2025-09-05'),
(1132, 13, 101, 364, '09:00:00', 1, '2025-09-05'),
(1133, 12, 95, 346, '10:00:00', 1, '2025-09-02'),
(1134, 10, 33, 294, '10:00:00', 1, '2025-09-04'),
(1135, 4, 32, 105, '15:00:00', 1, '2025-09-05'),
(1136, 1, 1, 5, '15:00:00', 1, '2025-09-02'),
(1137, 11, 55, 325, '10:00:00', 1, '2025-09-02'),
(1138, 6, 57, 176, '10:00:00', 1, '2025-09-04'),
(1139, 13, 97, 382, '15:00:00', 1, '2025-09-02'),
(1140, 6, 64, 180, '09:00:00', 0, '2025-09-04'),
(1141, 13, 98, 374, '16:00:00', 1, '2025-09-02'),
(1142, 2, 9, 34, '09:00:00', 1, '2025-09-01'),
(1143, 6, 60, 153, '16:00:00', 1, '2025-09-04'),
(1144, 2, 13, 33, '12:00:00', 0, '2025-09-03'),
(1145, 15, 115, 436, '15:00:00', 1, '2025-09-04'),
(1146, 3, 23, 69, '10:00:00', 1, '2025-09-02'),
(1147, 9, 81, 251, '09:00:00', 1, '2025-09-01'),
(1148, 4, 25, 98, '10:00:00', 1, '2025-09-04'),
(1149, 8, 78, 232, '15:00:00', 1, '2025-09-03'),
(1150, 5, 45, 147, '09:00:00', 1, '2025-09-05'),
(1151, 3, 22, 72, '15:00:00', 1, '2025-09-03'),
(1152, 2, 9, 52, '10:00:00', 0, '2025-09-04'),
(1153, 13, 103, 378, '10:00:00', 1, '2025-09-02'),
(1154, 5, 44, 135, '16:00:00', 0, '2025-09-04'),
(1155, 3, 23, 90, '16:00:00', 1, '2025-09-03'),
(1156, 7, 65, 204, '15:00:00', 1, '2025-09-02'),
(1157, 13, 99, 363, '09:00:00', 1, '2025-09-03'),
(1158, 8, 75, 237, '15:00:00', 1, '2025-09-04'),
(1159, 12, 92, 338, '15:00:00', 1, '2025-09-01'),
(1160, 11, 50, 317, '16:00:00', 1, '2025-09-02'),
(1161, 12, 94, 339, '15:00:00', 1, '2025-09-03'),
(1162, 3, 23, 71, '12:00:00', 1, '2025-09-05'),
(1163, 15, 120, 438, '15:00:00', 1, '2025-09-05'),
(1164, 3, 24, 88, '15:00:00', 1, '2025-09-05'),
(1165, 3, 20, 78, '10:00:00', 1, '2025-09-03'),
(1166, 3, 20, 68, '10:00:00', 1, '2025-09-03'),
(1167, 3, 18, 90, '10:00:00', 1, '2025-09-01'),
(1168, 13, 104, 379, '15:00:00', 1, '2025-09-05'),
(1169, 15, 114, 448, '16:00:00', 1, '2025-09-02'),
(1170, 1, 5, 13, '16:00:00', 1, '2025-09-01'),
(1171, 8, 79, 225, '12:00:00', 1, '2025-09-05'),
(1172, 6, 58, 174, '10:00:00', 1, '2025-09-01'),
(1173, 7, 70, 186, '10:00:00', 1, '2025-09-05'),
(1174, 10, 33, 279, '10:00:00', 1, '2025-09-04'),
(1175, 2, 12, 40, '10:00:00', 1, '2025-09-03'),
(1176, 14, 111, 415, '12:00:00', 1, '2025-09-05'),
(1177, 7, 70, 197, '10:00:00', 1, '2025-09-05'),
(1178, 9, 85, 253, '12:00:00', 1, '2025-09-03'),
(1179, 9, 82, 259, '16:00:00', 1, '2025-09-02'),
(1180, 6, 57, 176, '15:00:00', 1, '2025-09-02'),
(1181, 13, 103, 387, '10:00:00', 1, '2025-09-02'),
(1182, 15, 117, 441, '16:00:00', 0, '2025-09-01'),
(1183, 11, 52, 302, '15:00:00', 1, '2025-09-01'),
(1184, 5, 42, 136, '10:00:00', 1, '2025-09-01'),
(1185, 4, 30, 112, '15:00:00', 1, '2025-09-03'),
(1186, 4, 32, 113, '09:00:00', 1, '2025-09-04'),
(1187, 4, 28, 97, '15:00:00', 1, '2025-09-01'),
(1188, 4, 30, 106, '10:00:00', 1, '2025-09-05'),
(1189, 15, 119, 439, '12:00:00', 1, '2025-09-05'),
(1190, 15, 114, 444, '10:00:00', 1, '2025-09-01'),
(1191, 10, 37, 277, '16:00:00', 1, '2025-09-01'),
(1192, 3, 20, 66, '10:00:00', 1, '2025-09-03'),
(1193, 6, 62, 163, '15:00:00', 1, '2025-09-03'),
(1194, 9, 85, 264, '09:00:00', 1, '2025-09-05'),
(1195, 5, 46, 148, '09:00:00', 1, '2025-09-02'),
(1196, 7, 66, 200, '16:00:00', 1, '2025-09-02'),
(1197, 15, 115, 426, '12:00:00', 0, '2025-09-01'),
(1198, 11, 55, 311, '12:00:00', 1, '2025-09-05'),
(1199, 10, 39, 295, '16:00:00', 1, '2025-09-03'),
(1200, 13, 100, 388, '16:00:00', 1, '2025-09-04'),
(1201, 10, 36, 272, '16:00:00', 0, '2025-09-04'),
(1202, 15, 113, 446, '15:00:00', 1, '2025-09-02'),
(1203, 3, 18, 86, '16:00:00', 1, '2025-09-02'),
(1204, 14, 110, 401, '09:00:00', 1, '2025-09-02'),
(1205, 8, 75, 215, '15:00:00', 1, '2025-09-04'),
(1206, 8, 77, 219, '09:00:00', 1, '2025-09-05'),
(1207, 7, 71, 210, '16:00:00', 1, '2025-09-03'),
(1208, 13, 99, 387, '12:00:00', 1, '2025-09-01'),
(1209, 7, 72, 204, '09:00:00', 1, '2025-09-04'),
(1210, 9, 82, 244, '10:00:00', 1, '2025-09-01'),
(1211, 1, 7, 27, '10:00:00', 1, '2025-09-02'),
(1212, 10, 33, 277, '15:00:00', 1, '2025-09-02'),
(1213, 14, 109, 392, '12:00:00', 1, '2025-09-03'),
(1214, 1, 1, 12, '16:00:00', 1, '2025-09-05'),
(1215, 10, 39, 293, '16:00:00', 1, '2025-09-03'),
(1216, 10, 37, 280, '16:00:00', 1, '2025-09-01'),
(1217, 14, 107, 405, '09:00:00', 1, '2025-09-03'),
(1218, 2, 11, 49, '12:00:00', 1, '2025-09-01'),
(1219, 14, 106, 403, '16:00:00', 1, '2025-09-02'),
(1220, 14, 107, 392, '15:00:00', 1, '2025-09-04'),
(1221, 14, 107, 405, '12:00:00', 1, '2025-09-01'),
(1222, 9, 87, 252, '12:00:00', 1, '2025-09-05'),
(1223, 11, 52, 309, '10:00:00', 1, '2025-09-03'),
(1224, 14, 105, 396, '15:00:00', 1, '2025-09-02'),
(1225, 15, 118, 424, '10:00:00', 1, '2025-09-05'),
(1226, 12, 94, 333, '15:00:00', 1, '2025-09-03'),
(1227, 11, 53, 327, '12:00:00', 1, '2025-09-03'),
(1228, 12, 93, 336, '16:00:00', 1, '2025-09-01'),
(1229, 11, 56, 321, '12:00:00', 1, '2025-09-02'),
(1230, 7, 66, 195, '12:00:00', 1, '2025-09-04'),
(1231, 3, 20, 81, '15:00:00', 0, '2025-09-01'),
(1232, 2, 14, 49, '10:00:00', 1, '2025-09-05'),
(1233, 6, 63, 155, '16:00:00', 1, '2025-09-03'),
(1234, 7, 72, 186, '15:00:00', 1, '2025-09-05'),
(1235, 10, 38, 297, '09:00:00', 1, '2025-09-02'),
(1236, 7, 69, 196, '16:00:00', 1, '2025-09-01'),
(1237, 6, 59, 167, '15:00:00', 1, '2025-09-04'),
(1238, 4, 27, 92, '09:00:00', 0, '2025-09-03'),
(1239, 15, 117, 450, '12:00:00', 1, '2025-09-03'),
(1240, 13, 100, 382, '15:00:00', 1, '2025-09-01'),
(1241, 1, 7, 11, '10:00:00', 1, '2025-09-02'),
(1242, 5, 45, 143, '16:00:00', 1, '2025-09-01'),
(1243, 5, 41, 130, '09:00:00', 1, '2025-09-01'),
(1244, 4, 28, 97, '10:00:00', 1, '2025-09-03'),
(1245, 9, 84, 242, '16:00:00', 1, '2025-09-04'),
(1246, 13, 100, 373, '15:00:00', 1, '2025-09-01'),
(1247, 11, 52, 303, '15:00:00', 1, '2025-09-01'),
(1248, 8, 80, 217, '15:00:00', 1, '2025-09-05'),
(1249, 14, 107, 408, '15:00:00', 1, '2025-09-04'),
(1250, 15, 117, 423, '16:00:00', 1, '2025-09-01'),
(1251, 13, 101, 368, '12:00:00', 1, '2025-09-03'),
(1252, 5, 42, 143, '12:00:00', 1, '2025-09-04'),
(1253, 11, 53, 319, '12:00:00', 1, '2025-09-03'),
(1254, 15, 120, 421, '09:00:00', 1, '2025-09-04'),
(1255, 1, 3, 27, '15:00:00', 1, '2025-09-04'),
(1256, 5, 45, 143, '09:00:00', 1, '2025-09-05'),
(1257, 2, 10, 42, '16:00:00', 1, '2025-09-02'),
(1258, 11, 49, 315, '16:00:00', 0, '2025-09-05'),
(1259, 11, 53, 303, '16:00:00', 1, '2025-09-01'),
(1260, 9, 82, 248, '12:00:00', 1, '2025-09-04'),
(1261, 15, 117, 447, '12:00:00', 1, '2025-09-03'),
(1262, 1, 5, 24, '12:00:00', 1, '2025-09-03'),
(1263, 4, 27, 117, '12:00:00', 1, '2025-09-01'),
(1264, 11, 53, 311, '12:00:00', 1, '2025-09-03'),
(1265, 9, 81, 260, '15:00:00', 1, '2025-09-02'),
(1266, 4, 26, 95, '12:00:00', 1, '2025-09-04'),
(1267, 4, 26, 116, '12:00:00', 1, '2025-09-04'),
(1268, 11, 49, 329, '15:00:00', 1, '2025-09-02'),
(1269, 10, 38, 273, '15:00:00', 1, '2025-09-03'),
(1270, 11, 53, 308, '16:00:00', 0, '2025-09-01'),
(1271, 11, 51, 319, '09:00:00', 1, '2025-09-03'),
(1272, 15, 114, 431, '12:00:00', 1, '2025-09-04'),
(1273, 10, 35, 297, '09:00:00', 1, '2025-09-03'),
(1274, 7, 68, 183, '15:00:00', 1, '2025-09-01'),
(1275, 14, 109, 404, '12:00:00', 1, '2025-09-03'),
(1276, 1, 3, 21, '09:00:00', 1, '2025-09-03'),
(1277, 6, 57, 170, '15:00:00', 1, '2025-09-02'),
(1278, 14, 106, 412, '10:00:00', 1, '2025-09-01'),
(1279, 5, 43, 131, '15:00:00', 1, '2025-09-04'),
(1280, 11, 49, 302, '09:00:00', 1, '2025-09-01'),
(1281, 10, 33, 283, '16:00:00', 1, '2025-09-05'),
(1282, 6, 62, 154, '10:00:00', 1, '2025-09-05'),
(1283, 3, 18, 80, '10:00:00', 1, '2025-09-01'),
(1284, 14, 109, 417, '09:00:00', 1, '2025-09-05'),
(1285, 13, 102, 380, '10:00:00', 1, '2025-09-05'),
(1286, 12, 89, 331, '15:00:00', 1, '2025-09-02'),
(1287, 14, 108, 414, '15:00:00', 1, '2025-09-01'),
(1288, 2, 16, 41, '15:00:00', 1, '2025-09-05'),
(1289, 8, 80, 213, '12:00:00', 1, '2025-09-02'),
(1290, 11, 55, 307, '12:00:00', 1, '2025-09-05'),
(1291, 1, 7, 21, '12:00:00', 1, '2025-09-05'),
(1292, 8, 73, 215, '15:00:00', 1, '2025-09-02'),
(1293, 5, 45, 128, '09:00:00', 1, '2025-09-05'),
(1294, 9, 88, 269, '12:00:00', 1, '2025-09-02'),
(1295, 11, 56, 308, '12:00:00', 1, '2025-09-02'),
(1296, 8, 80, 226, '15:00:00', 1, '2025-09-05'),
(1297, 12, 94, 338, '10:00:00', 1, '2025-09-05'),
(1298, 6, 61, 165, '09:00:00', 1, '2025-09-05'),
(1299, 1, 2, 17, '10:00:00', 1, '2025-09-01'),
(1300, 1, 4, 13, '10:00:00', 1, '2025-09-03'),
(1301, 1, 2, 1, '16:00:00', 1, '2025-09-02'),
(1302, 15, 113, 450, '09:00:00', 0, '2025-09-01'),
(1303, 7, 72, 187, '15:00:00', 1, '2025-09-05'),
(1304, 8, 77, 230, '09:00:00', 1, '2025-09-05'),
(1305, 5, 46, 129, '09:00:00', 1, '2025-09-02'),
(1306, 13, 97, 362, '09:00:00', 0, '2025-09-01'),
(1307, 3, 21, 63, '16:00:00', 1, '2025-09-01'),
(1308, 15, 114, 450, '10:00:00', 1, '2025-09-01'),
(1309, 2, 12, 34, '15:00:00', 1, '2025-09-01'),
(1310, 10, 35, 290, '09:00:00', 1, '2025-09-03'),
(1311, 11, 50, 329, '16:00:00', 1, '2025-09-02'),
(1312, 5, 46, 138, '10:00:00', 1, '2025-09-05'),
(1313, 6, 60, 175, '10:00:00', 1, '2025-09-03'),
(1314, 2, 12, 49, '15:00:00', 1, '2025-09-01'),
(1315, 5, 46, 125, '09:00:00', 1, '2025-09-02'),
(1316, 14, 106, 418, '16:00:00', 1, '2025-09-02'),
(1317, 6, 60, 169, '15:00:00', 0, '2025-09-01'),
(1318, 14, 109, 397, '16:00:00', 1, '2025-09-01'),
(1319, 1, 4, 28, '16:00:00', 1, '2025-09-04'),
(1320, 13, 98, 370, '12:00:00', 1, '2025-09-04'),
(1321, 13, 99, 363, '12:00:00', 1, '2025-09-01'),
(1322, 7, 69, 202, '16:00:00', 1, '2025-09-01'),
(1323, 8, 80, 213, '09:00:00', 1, '2025-09-04'),
(1324, 4, 28, 115, '16:00:00', 1, '2025-09-04'),
(1325, 10, 37, 292, '12:00:00', 1, '2025-09-03'),
(1326, 12, 96, 339, '09:00:00', 0, '2025-09-04'),
(1327, 5, 41, 127, '16:00:00', 1, '2025-09-05'),
(1328, 12, 93, 347, '16:00:00', 1, '2025-09-01'),
(1329, 5, 41, 146, '10:00:00', 1, '2025-09-04'),
(1330, 11, 56, 305, '09:00:00', 1, '2025-09-04'),
(1331, 10, 38, 300, '09:00:00', 1, '2025-09-02'),
(1332, 5, 44, 141, '15:00:00', 1, '2025-09-01'),
(1333, 12, 92, 354, '16:00:00', 1, '2025-09-04'),
(1334, 11, 56, 301, '15:00:00', 1, '2025-09-05'),
(1335, 6, 64, 155, '09:00:00', 1, '2025-09-04'),
(1336, 4, 27, 91, '12:00:00', 1, '2025-09-01'),
(1337, 7, 68, 187, '15:00:00', 1, '2025-09-01'),
(1338, 8, 73, 228, '10:00:00', 1, '2025-09-04'),
(1339, 14, 111, 401, '16:00:00', 1, '2025-09-03'),
(1340, 2, 10, 55, '12:00:00', 1, '2025-09-04'),
(1341, 12, 92, 359, '15:00:00', 1, '2025-09-01'),
(1342, 9, 82, 263, '12:00:00', 1, '2025-09-04'),
(1343, 4, 26, 98, '12:00:00', 1, '2025-09-04'),
(1344, 9, 81, 245, '09:00:00', 1, '2025-09-01'),
(1345, 9, 85, 244, '16:00:00', 1, '2025-09-01'),
(1346, 6, 59, 178, '09:00:00', 1, '2025-09-03'),
(1347, 2, 15, 31, '10:00:00', 1, '2025-09-02'),
(1348, 8, 73, 237, '09:00:00', 1, '2025-09-01'),
(1349, 14, 108, 418, '15:00:00', 1, '2025-09-01'),
(1350, 1, 3, 6, '09:00:00', 1, '2025-09-03'),
(1351, 9, 87, 270, '12:00:00', 1, '2025-09-05'),
(1352, 15, 116, 435, '16:00:00', 1, '2025-09-04'),
(1353, 6, 61, 168, '12:00:00', 1, '2025-09-03'),
(1354, 12, 94, 331, '15:00:00', 1, '2025-09-03'),
(1355, 6, 62, 158, '10:00:00', 1, '2025-09-05'),
(1356, 13, 100, 383, '16:00:00', 0, '2025-09-04'),
(1357, 3, 20, 62, '10:00:00', 1, '2025-09-03'),
(1358, 14, 105, 419, '16:00:00', 1, '2025-09-05'),
(1359, 11, 49, 303, '10:00:00', 1, '2025-09-04'),
(1360, 2, 12, 59, '16:00:00', 1, '2025-09-04'),
(1361, 11, 53, 305, '16:00:00', 1, '2025-09-01'),
(1362, 11, 54, 326, '10:00:00', 1, '2025-09-05'),
(1363, 1, 6, 4, '10:00:00', 1, '2025-09-05'),
(1364, 9, 88, 253, '12:00:00', 1, '2025-09-02'),
(1365, 2, 12, 57, '16:00:00', 0, '2025-09-04'),
(1366, 5, 41, 139, '10:00:00', 1, '2025-09-04'),
(1367, 10, 34, 294, '16:00:00', 0, '2025-09-02'),
(1368, 1, 8, 30, '09:00:00', 1, '2025-09-04'),
(1369, 8, 75, 214, '09:00:00', 1, '2025-09-03'),
(1370, 5, 42, 141, '12:00:00', 1, '2025-09-04'),
(1371, 14, 109, 413, '12:00:00', 1, '2025-09-03'),
(1372, 1, 2, 6, '12:00:00', 1, '2025-09-04'),
(1373, 11, 50, 328, '10:00:00', 1, '2025-09-01'),
(1374, 5, 43, 141, '09:00:00', 1, '2025-09-03'),
(1375, 2, 11, 33, '15:00:00', 1, '2025-09-04'),
(1376, 6, 57, 157, '16:00:00', 1, '2025-09-05'),
(1377, 13, 98, 367, '16:00:00', 1, '2025-09-02'),
(1378, 11, 55, 313, '16:00:00', 1, '2025-09-03'),
(1379, 2, 9, 41, '15:00:00', 1, '2025-09-02'),
(1380, 7, 68, 181, '16:00:00', 1, '2025-09-04'),
(1381, 8, 74, 230, '10:00:00', 1, '2025-09-01'),
(1382, 9, 87, 267, '12:00:00', 1, '2025-09-05'),
(1383, 10, 34, 289, '10:00:00', 1, '2025-09-01'),
(1384, 9, 86, 244, '10:00:00', 1, '2025-09-05'),
(1385, 3, 24, 86, '09:00:00', 1, '2025-09-04'),
(1386, 11, 51, 323, '12:00:00', 1, '2025-09-01'),
(1387, 11, 54, 316, '15:00:00', 1, '2025-09-03'),
(1388, 15, 114, 422, '10:00:00', 1, '2025-09-01'),
(1389, 1, 8, 26, '15:00:00', 1, '2025-09-05'),
(1390, 7, 67, 203, '12:00:00', 1, '2025-09-01'),
(1391, 5, 45, 129, '09:00:00', 1, '2025-09-05'),
(1392, 2, 14, 52, '10:00:00', 1, '2025-09-05'),
(1393, 2, 14, 53, '10:00:00', 1, '2025-09-05'),
(1394, 7, 67, 181, '09:00:00', 0, '2025-09-03'),
(1395, 14, 106, 413, '10:00:00', 1, '2025-09-01'),
(1396, 8, 73, 224, '16:00:00', 1, '2025-09-05'),
(1397, 9, 86, 244, '15:00:00', 1, '2025-09-03'),
(1398, 2, 16, 60, '09:00:00', 1, '2025-09-04'),
(1399, 6, 60, 153, '15:00:00', 1, '2025-09-01'),
(1400, 8, 78, 237, '10:00:00', 0, '2025-09-05'),
(1401, 11, 53, 330, '09:00:00', 1, '2025-09-05'),
(1402, 5, 43, 140, '09:00:00', 1, '2025-09-03'),
(1403, 9, 85, 242, '12:00:00', 1, '2025-09-03'),
(1404, 13, 103, 375, '12:00:00', 1, '2025-09-05'),
(1405, 4, 29, 109, '09:00:00', 1, '2025-09-05'),
(1406, 11, 50, 304, '12:00:00', 1, '2025-09-04'),
(1407, 9, 87, 246, '10:00:00', 1, '2025-09-02'),
(1408, 2, 10, 46, '16:00:00', 1, '2025-09-02'),
(1409, 8, 75, 221, '15:00:00', 0, '2025-09-04'),
(1410, 10, 40, 285, '12:00:00', 1, '2025-09-02'),
(1411, 12, 93, 334, '16:00:00', 1, '2025-09-01'),
(1412, 9, 84, 247, '10:00:00', 1, '2025-09-03'),
(1413, 1, 8, 24, '15:00:00', 1, '2025-09-05'),
(1414, 11, 51, 323, '09:00:00', 1, '2025-09-03'),
(1415, 13, 99, 383, '12:00:00', 1, '2025-09-01'),
(1416, 12, 89, 350, '16:00:00', 1, '2025-09-05'),
(1417, 3, 24, 77, '15:00:00', 1, '2025-09-05'),
(1418, 10, 33, 286, '15:00:00', 1, '2025-09-02'),
(1419, 2, 12, 41, '16:00:00', 1, '2025-09-04'),
(1420, 2, 14, 41, '10:00:00', 1, '2025-09-05'),
(1421, 1, 1, 2, '16:00:00', 1, '2025-09-05'),
(1422, 3, 21, 71, '16:00:00', 1, '2025-09-01'),
(1423, 15, 119, 422, '10:00:00', 1, '2025-09-02'),
(1424, 8, 79, 237, '12:00:00', 1, '2025-09-05'),
(1425, 5, 41, 136, '15:00:00', 0, '2025-09-02'),
(1426, 15, 114, 428, '16:00:00', 1, '2025-09-02'),
(1427, 4, 30, 113, '15:00:00', 1, '2025-09-03'),
(1428, 8, 75, 228, '09:00:00', 1, '2025-09-03'),
(1429, 9, 84, 262, '10:00:00', 1, '2025-09-03'),
(1430, 1, 4, 11, '15:00:00', 1, '2025-09-01'),
(1431, 5, 42, 123, '16:00:00', 1, '2025-09-02'),
(1432, 1, 1, 8, '15:00:00', 1, '2025-09-02'),
(1433, 2, 9, 39, '16:00:00', 1, '2025-09-05'),
(1434, 14, 110, 417, '15:00:00', 1, '2025-09-03'),
(1435, 8, 76, 211, '15:00:00', 1, '2025-09-01'),
(1436, 1, 8, 15, '12:00:00', 0, '2025-09-02'),
(1437, 4, 26, 113, '10:00:00', 1, '2025-09-01'),
(1438, 11, 49, 304, '09:00:00', 1, '2025-09-01'),
(1439, 13, 100, 382, '16:00:00', 1, '2025-09-04'),
(1440, 9, 88, 255, '12:00:00', 1, '2025-09-02'),
(1441, 12, 91, 344, '09:00:00', 1, '2025-09-03'),
(1442, 1, 4, 9, '16:00:00', 0, '2025-09-04'),
(1443, 7, 72, 189, '15:00:00', 1, '2025-09-05'),
(1444, 8, 76, 216, '10:00:00', 1, '2025-09-03'),
(1445, 3, 22, 89, '09:00:00', 1, '2025-09-02'),
(1446, 11, 53, 303, '12:00:00', 1, '2025-09-03'),
(1447, 5, 43, 126, '09:00:00', 1, '2025-09-03'),
(1448, 8, 79, 235, '12:00:00', 1, '2025-09-05'),
(1449, 2, 9, 60, '16:00:00', 1, '2025-09-05'),
(1450, 6, 61, 169, '09:00:00', 1, '2025-09-05'),
(1451, 10, 34, 282, '10:00:00', 1, '2025-09-01'),
(1452, 6, 60, 172, '15:00:00', 1, '2025-09-01'),
(1453, 2, 10, 60, '16:00:00', 1, '2025-09-02'),
(1454, 13, 97, 378, '16:00:00', 1, '2025-09-05'),
(1455, 6, 59, 156, '12:00:00', 1, '2025-09-01'),
(1456, 9, 85, 257, '16:00:00', 1, '2025-09-01'),
(1457, 15, 113, 439, '15:00:00', 1, '2025-09-02'),
(1458, 4, 25, 120, '10:00:00', 1, '2025-09-04'),
(1459, 2, 9, 48, '10:00:00', 1, '2025-09-04'),
(1460, 9, 88, 248, '09:00:00', 1, '2025-09-04'),
(1461, 9, 86, 263, '10:00:00', 1, '2025-09-05'),
(1462, 1, 1, 6, '10:00:00', 1, '2025-09-04'),
(1463, 15, 114, 426, '16:00:00', 1, '2025-09-02'),
(1464, 9, 88, 262, '12:00:00', 1, '2025-09-02'),
(1465, 11, 52, 325, '16:00:00', 1, '2025-09-04'),
(1466, 13, 99, 365, '12:00:00', 1, '2025-09-01'),
(1467, 8, 78, 226, '15:00:00', 1, '2025-09-03'),
(1468, 12, 95, 346, '12:00:00', 1, '2025-09-05'),
(1469, 13, 97, 377, '09:00:00', 1, '2025-09-01'),
(1470, 1, 7, 21, '16:00:00', 1, '2025-09-03'),
(1471, 5, 48, 148, '15:00:00', 0, '2025-09-05'),
(1472, 9, 88, 263, '09:00:00', 1, '2025-09-04'),
(1473, 13, 98, 384, '12:00:00', 1, '2025-09-04'),
(1474, 4, 30, 104, '15:00:00', 1, '2025-09-03'),
(1475, 5, 45, 145, '16:00:00', 1, '2025-09-01'),
(1476, 10, 38, 283, '09:00:00', 1, '2025-09-02'),
(1477, 14, 107, 416, '09:00:00', 1, '2025-09-03'),
(1478, 6, 61, 178, '16:00:00', 1, '2025-09-01'),
(1479, 1, 5, 6, '16:00:00', 1, '2025-09-01'),
(1480, 8, 79, 230, '10:00:00', 1, '2025-09-02'),
(1481, 3, 23, 79, '16:00:00', 1, '2025-09-03'),
(1482, 9, 86, 251, '09:00:00', 1, '2025-09-02'),
(1483, 15, 117, 449, '16:00:00', 1, '2025-09-01'),
(1484, 13, 98, 377, '16:00:00', 1, '2025-09-02'),
(1485, 2, 14, 33, '15:00:00', 1, '2025-09-03'),
(1486, 6, 63, 156, '16:00:00', 1, '2025-09-03'),
(1487, 14, 105, 406, '09:00:00', 1, '2025-09-01'),
(1488, 1, 5, 7, '16:00:00', 1, '2025-09-01'),
(1489, 10, 33, 290, '10:00:00', 1, '2025-09-04'),
(1490, 3, 24, 66, '09:00:00', 1, '2025-09-04'),
(1491, 5, 46, 149, '09:00:00', 1, '2025-09-02'),
(1492, 15, 113, 437, '09:00:00', 1, '2025-09-01'),
(1493, 12, 93, 350, '12:00:00', 1, '2025-09-03'),
(1494, 14, 112, 416, '09:00:00', 1, '2025-09-04'),
(1495, 8, 77, 235, '09:00:00', 1, '2025-09-05'),
(1496, 10, 35, 277, '15:00:00', 1, '2025-09-04'),
(1497, 2, 13, 35, '09:00:00', 1, '2025-09-05'),
(1498, 9, 86, 253, '15:00:00', 1, '2025-09-03'),
(1499, 8, 77, 221, '16:00:00', 1, '2025-09-01'),
(1500, 14, 108, 416, '10:00:00', 1, '2025-09-03'),
(1501, 5, 44, 124, '15:00:00', 1, '2025-09-01'),
(1502, 3, 19, 68, '15:00:00', 1, '2025-09-04'),
(1503, 3, 17, 68, '09:00:00', 1, '2025-09-01'),
(1504, 11, 53, 312, '09:00:00', 1, '2025-09-05'),
(1505, 9, 83, 256, '12:00:00', 1, '2025-09-01'),
(1506, 5, 43, 150, '09:00:00', 1, '2025-09-03'),
(1507, 11, 54, 310, '10:00:00', 1, '2025-09-05'),
(1508, 2, 12, 44, '16:00:00', 1, '2025-09-04'),
(1509, 3, 24, 65, '15:00:00', 1, '2025-09-05'),
(1510, 15, 115, 447, '09:00:00', 0, '2025-09-03'),
(1511, 1, 3, 4, '15:00:00', 0, '2025-09-04'),
(1512, 2, 14, 34, '15:00:00', 1, '2025-09-03'),
(1513, 13, 99, 388, '12:00:00', 0, '2025-09-01'),
(1514, 15, 116, 427, '10:00:00', 0, '2025-09-03'),
(1515, 3, 18, 72, '10:00:00', 1, '2025-09-01'),
(1516, 6, 61, 162, '12:00:00', 1, '2025-09-03'),
(1517, 4, 25, 116, '15:00:00', 1, '2025-09-02'),
(1518, 6, 57, 159, '10:00:00', 1, '2025-09-04'),
(1519, 10, 37, 289, '12:00:00', 1, '2025-09-03'),
(1520, 10, 36, 274, '15:00:00', 1, '2025-09-01'),
(1521, 3, 19, 76, '15:00:00', 0, '2025-09-04'),
(1522, 12, 91, 355, '12:00:00', 0, '2025-09-01'),
(1523, 10, 40, 288, '15:00:00', 1, '2025-09-05'),
(1524, 3, 18, 89, '12:00:00', 1, '2025-09-04'),
(1525, 5, 46, 139, '10:00:00', 0, '2025-09-05'),
(1526, 14, 110, 411, '15:00:00', 1, '2025-09-03'),
(1527, 13, 97, 365, '10:00:00', 1, '2025-09-04'),
(1528, 9, 83, 269, '12:00:00', 1, '2025-09-01'),
(1529, 8, 78, 213, '10:00:00', 1, '2025-09-05'),
(1530, 4, 31, 104, '16:00:00', 1, '2025-09-03'),
(1531, 8, 75, 223, '09:00:00', 1, '2025-09-03'),
(1532, 10, 40, 290, '15:00:00', 1, '2025-09-05'),
(1533, 7, 68, 207, '10:00:00', 1, '2025-09-03'),
(1534, 4, 31, 115, '10:00:00', 1, '2025-09-02'),
(1535, 9, 82, 262, '10:00:00', 1, '2025-09-01'),
(1536, 11, 51, 324, '15:00:00', 1, '2025-09-04'),
(1537, 13, 99, 369, '12:00:00', 1, '2025-09-01'),
(1538, 13, 100, 384, '16:00:00', 1, '2025-09-04'),
(1539, 11, 51, 316, '15:00:00', 1, '2025-09-04'),
(1540, 7, 70, 207, '09:00:00', 1, '2025-09-02'),
(1541, 9, 83, 265, '09:00:00', 1, '2025-09-03'),
(1542, 9, 84, 263, '10:00:00', 1, '2025-09-03'),
(1543, 2, 14, 50, '09:00:00', 1, '2025-09-02'),
(1544, 11, 50, 302, '16:00:00', 1, '2025-09-02'),
(1545, 13, 101, 382, '09:00:00', 1, '2025-09-05'),
(1546, 1, 2, 30, '16:00:00', 1, '2025-09-02'),
(1547, 13, 98, 384, '16:00:00', 1, '2025-09-02'),
(1548, 7, 72, 203, '12:00:00', 1, '2025-09-02'),
(1549, 4, 26, 113, '16:00:00', 1, '2025-09-02'),
(1550, 14, 105, 406, '16:00:00', 0, '2025-09-05'),
(1551, 9, 82, 245, '10:00:00', 1, '2025-09-01'),
(1552, 5, 47, 143, '10:00:00', 1, '2025-09-02'),
(1553, 9, 84, 266, '16:00:00', 1, '2025-09-04'),
(1554, 6, 59, 162, '15:00:00', 1, '2025-09-04'),
(1555, 2, 15, 57, '12:00:00', 1, '2025-09-05'),
(1556, 4, 30, 105, '10:00:00', 1, '2025-09-05'),
(1557, 5, 48, 125, '09:00:00', 0, '2025-09-04'),
(1558, 2, 16, 39, '15:00:00', 1, '2025-09-05'),
(1559, 6, 60, 166, '10:00:00', 1, '2025-09-03'),
(1560, 5, 45, 140, '12:00:00', 1, '2025-09-03'),
(1561, 2, 16, 44, '12:00:00', 1, '2025-09-02'),
(1562, 4, 32, 96, '09:00:00', 1, '2025-09-04'),
(1563, 8, 75, 219, '12:00:00', 1, '2025-09-01'),
(1564, 7, 65, 183, '10:00:00', 1, '2025-09-04'),
(1565, 9, 88, 243, '15:00:00', 1, '2025-09-05'),
(1566, 4, 27, 102, '09:00:00', 1, '2025-09-03'),
(1567, 1, 3, 1, '09:00:00', 1, '2025-09-03'),
(1568, 7, 65, 201, '09:00:00', 1, '2025-09-01'),
(1569, 9, 85, 247, '12:00:00', 1, '2025-09-03'),
(1570, 11, 50, 303, '12:00:00', 0, '2025-09-04'),
(1571, 9, 81, 256, '09:00:00', 1, '2025-09-01'),
(1572, 14, 110, 409, '10:00:00', 1, '2025-09-05'),
(1573, 6, 58, 156, '12:00:00', 1, '2025-09-04'),
(1574, 5, 41, 145, '10:00:00', 1, '2025-09-04'),
(1575, 5, 41, 137, '09:00:00', 1, '2025-09-01'),
(1576, 7, 66, 183, '10:00:00', 1, '2025-09-01'),
(1577, 11, 52, 312, '10:00:00', 0, '2025-09-03'),
(1578, 2, 12, 54, '10:00:00', 1, '2025-09-03'),
(1579, 9, 82, 268, '10:00:00', 1, '2025-09-01'),
(1580, 7, 65, 195, '16:00:00', 1, '2025-09-05'),
(1581, 11, 49, 328, '10:00:00', 1, '2025-09-04'),
(1582, 12, 95, 360, '16:00:00', 1, '2025-09-03'),
(1583, 6, 58, 172, '12:00:00', 1, '2025-09-04'),
(1584, 4, 30, 119, '10:00:00', 1, '2025-09-05'),
(1585, 1, 7, 22, '12:00:00', 1, '2025-09-05'),
(1586, 11, 53, 327, '09:00:00', 1, '2025-09-05'),
(1587, 5, 48, 139, '09:00:00', 1, '2025-09-04'),
(1588, 3, 23, 67, '12:00:00', 1, '2025-09-05'),
(1589, 6, 64, 175, '12:00:00', 1, '2025-09-02'),
(1590, 6, 59, 168, '09:00:00', 1, '2025-09-03'),
(1591, 7, 68, 203, '16:00:00', 1, '2025-09-04'),
(1592, 10, 35, 295, '15:00:00', 1, '2025-09-04'),
(1593, 11, 49, 321, '16:00:00', 1, '2025-09-05'),
(1594, 7, 68, 204, '15:00:00', 1, '2025-09-01'),
(1595, 10, 37, 271, '09:00:00', 0, '2025-09-05'),
(1596, 12, 90, 346, '10:00:00', 1, '2025-09-01'),
(1597, 8, 77, 227, '12:00:00', 1, '2025-09-03'),
(1598, 10, 34, 272, '10:00:00', 1, '2025-09-01'),
(1599, 11, 56, 317, '09:00:00', 0, '2025-09-04'),
(1600, 4, 26, 98, '16:00:00', 1, '2025-09-02'),
(1601, 5, 42, 132, '10:00:00', 1, '2025-09-01'),
(1602, 13, 102, 370, '09:00:00', 1, '2025-09-02'),
(1603, 13, 103, 362, '12:00:00', 0, '2025-09-05'),
(1604, 3, 20, 90, '16:00:00', 1, '2025-09-04'),
(1605, 13, 97, 367, '10:00:00', 1, '2025-09-04'),
(1606, 13, 104, 375, '09:00:00', 1, '2025-09-04'),
(1607, 3, 23, 81, '10:00:00', 1, '2025-09-02'),
(1608, 10, 38, 293, '15:00:00', 1, '2025-09-03'),
(1609, 11, 54, 319, '15:00:00', 1, '2025-09-03'),
(1610, 9, 85, 245, '09:00:00', 1, '2025-09-05'),
(1611, 13, 100, 378, '10:00:00', 1, '2025-09-03'),
(1612, 15, 118, 428, '15:00:00', 1, '2025-09-03'),
(1613, 7, 71, 204, '16:00:00', 1, '2025-09-03'),
(1614, 6, 60, 168, '15:00:00', 1, '2025-09-01'),
(1615, 7, 69, 203, '12:00:00', 1, '2025-09-03'),
(1616, 8, 73, 240, '09:00:00', 1, '2025-09-01'),
(1617, 7, 67, 182, '09:00:00', 1, '2025-09-03'),
(1618, 11, 50, 319, '10:00:00', 1, '2025-09-01'),
(1619, 1, 1, 22, '16:00:00', 1, '2025-09-05'),
(1620, 13, 100, 364, '10:00:00', 1, '2025-09-03'),
(1621, 2, 11, 36, '09:00:00', 1, '2025-09-03'),
(1622, 13, 104, 379, '12:00:00', 1, '2025-09-02'),
(1623, 2, 16, 34, '12:00:00', 1, '2025-09-02'),
(1624, 7, 69, 182, '12:00:00', 1, '2025-09-03'),
(1625, 9, 85, 256, '16:00:00', 1, '2025-09-01'),
(1626, 4, 32, 98, '15:00:00', 1, '2025-09-05'),
(1627, 1, 8, 8, '12:00:00', 1, '2025-09-02'),
(1628, 9, 84, 242, '10:00:00', 0, '2025-09-03'),
(1629, 4, 31, 103, '16:00:00', 1, '2025-09-03'),
(1630, 13, 103, 362, '16:00:00', 1, '2025-09-03'),
(1631, 15, 113, 433, '09:00:00', 1, '2025-09-01'),
(1632, 10, 34, 279, '10:00:00', 1, '2025-09-01'),
(1633, 4, 31, 93, '16:00:00', 1, '2025-09-03'),
(1634, 12, 93, 352, '09:00:00', 1, '2025-09-05'),
(1635, 12, 91, 352, '09:00:00', 1, '2025-09-03'),
(1636, 6, 63, 162, '16:00:00', 1, '2025-09-03'),
(1637, 14, 109, 414, '16:00:00', 1, '2025-09-01'),
(1638, 13, 98, 375, '12:00:00', 0, '2025-09-04'),
(1639, 11, 50, 302, '10:00:00', 0, '2025-09-01'),
(1640, 2, 9, 38, '10:00:00', 1, '2025-09-04'),
(1641, 11, 50, 322, '12:00:00', 1, '2025-09-04'),
(1642, 5, 41, 132, '16:00:00', 1, '2025-09-05'),
(1643, 2, 13, 59, '16:00:00', 1, '2025-09-01'),
(1644, 10, 38, 271, '15:00:00', 1, '2025-09-03'),
(1645, 4, 30, 111, '15:00:00', 1, '2025-09-03'),
(1646, 5, 41, 134, '15:00:00', 1, '2025-09-02'),
(1647, 9, 87, 270, '10:00:00', 1, '2025-09-02'),
(1648, 8, 76, 229, '10:00:00', 1, '2025-09-03'),
(1649, 9, 88, 258, '09:00:00', 1, '2025-09-04'),
(1650, 6, 58, 176, '16:00:00', 1, '2025-09-02'),
(1651, 10, 33, 292, '15:00:00', 1, '2025-09-02'),
(1652, 1, 6, 4, '09:00:00', 1, '2025-09-02'),
(1653, 2, 10, 49, '16:00:00', 1, '2025-09-02'),
(1654, 9, 83, 245, '12:00:00', 1, '2025-09-01'),
(1655, 3, 20, 77, '10:00:00', 1, '2025-09-03'),
(1656, 12, 89, 338, '09:00:00', 1, '2025-09-01'),
(1657, 14, 105, 409, '16:00:00', 1, '2025-09-05'),
(1658, 14, 108, 414, '16:00:00', 0, '2025-09-04'),
(1659, 13, 98, 377, '12:00:00', 0, '2025-09-04'),
(1660, 5, 41, 139, '09:00:00', 1, '2025-09-01'),
(1661, 7, 70, 208, '15:00:00', 1, '2025-09-03'),
(1662, 15, 114, 438, '10:00:00', 1, '2025-09-01'),
(1663, 12, 91, 353, '09:00:00', 1, '2025-09-03'),
(1664, 2, 10, 38, '16:00:00', 1, '2025-09-02'),
(1665, 3, 17, 79, '15:00:00', 1, '2025-09-02'),
(1666, 5, 41, 143, '15:00:00', 1, '2025-09-02'),
(1667, 4, 30, 103, '09:00:00', 1, '2025-09-02'),
(1668, 3, 20, 61, '16:00:00', 1, '2025-09-04'),
(1669, 8, 73, 223, '16:00:00', 1, '2025-09-05'),
(1670, 15, 119, 432, '16:00:00', 1, '2025-09-03'),
(1671, 10, 38, 299, '15:00:00', 0, '2025-09-03'),
(1672, 11, 50, 322, '16:00:00', 1, '2025-09-02'),
(1673, 4, 26, 108, '12:00:00', 1, '2025-09-04'),
(1674, 2, 11, 49, '09:00:00', 1, '2025-09-03'),
(1675, 5, 48, 126, '09:00:00', 1, '2025-09-04'),
(1676, 11, 56, 324, '12:00:00', 1, '2025-09-02'),
(1677, 14, 105, 410, '10:00:00', 1, '2025-09-04'),
(1678, 12, 94, 349, '09:00:00', 1, '2025-09-02'),
(1679, 4, 31, 91, '16:00:00', 1, '2025-09-03'),
(1680, 7, 65, 185, '10:00:00', 1, '2025-09-04'),
(1681, 7, 70, 209, '09:00:00', 1, '2025-09-02'),
(1682, 11, 51, 327, '09:00:00', 1, '2025-09-03'),
(1683, 3, 22, 76, '10:00:00', 1, '2025-09-05'),
(1684, 4, 32, 109, '09:00:00', 1, '2025-09-04'),
(1685, 14, 110, 408, '10:00:00', 1, '2025-09-05'),
(1686, 13, 103, 367, '12:00:00', 1, '2025-09-05'),
(1687, 12, 94, 347, '15:00:00', 1, '2025-09-03'),
(1688, 10, 36, 290, '16:00:00', 1, '2025-09-04'),
(1689, 13, 99, 362, '15:00:00', 1, '2025-09-04'),
(1690, 1, 3, 20, '15:00:00', 0, '2025-09-04'),
(1691, 3, 17, 76, '15:00:00', 1, '2025-09-02'),
(1692, 7, 66, 182, '16:00:00', 1, '2025-09-02'),
(1693, 11, 49, 322, '16:00:00', 1, '2025-09-05'),
(1694, 13, 103, 377, '10:00:00', 1, '2025-09-02'),
(1695, 6, 60, 165, '15:00:00', 1, '2025-09-01'),
(1696, 8, 74, 224, '12:00:00', 1, '2025-09-04'),
(1697, 11, 53, 322, '12:00:00', 1, '2025-09-03'),
(1698, 1, 7, 26, '12:00:00', 1, '2025-09-05'),
(1699, 10, 38, 300, '10:00:00', 1, '2025-09-05'),
(1700, 12, 89, 353, '10:00:00', 1, '2025-09-04'),
(1701, 14, 108, 393, '15:00:00', 1, '2025-09-01'),
(1702, 2, 11, 51, '09:00:00', 1, '2025-09-03'),
(1703, 10, 33, 295, '09:00:00', 1, '2025-09-01'),
(1704, 3, 24, 77, '12:00:00', 1, '2025-09-02'),
(1705, 15, 113, 450, '15:00:00', 1, '2025-09-02'),
(1706, 5, 48, 132, '09:00:00', 1, '2025-09-04'),
(1707, 12, 96, 341, '09:00:00', 1, '2025-09-04'),
(1708, 12, 94, 354, '10:00:00', 1, '2025-09-05'),
(1709, 3, 19, 88, '15:00:00', 0, '2025-09-04'),
(1710, 11, 49, 303, '09:00:00', 1, '2025-09-01'),
(1711, 10, 39, 278, '10:00:00', 1, '2025-09-02'),
(1712, 5, 41, 132, '10:00:00', 1, '2025-09-04'),
(1713, 9, 83, 268, '09:00:00', 1, '2025-09-03'),
(1714, 3, 21, 77, '16:00:00', 1, '2025-09-01'),
(1715, 7, 72, 183, '15:00:00', 1, '2025-09-05'),
(1716, 6, 61, 153, '16:00:00', 1, '2025-09-01'),
(1717, 14, 108, 406, '10:00:00', 1, '2025-09-03'),
(1718, 10, 36, 275, '16:00:00', 1, '2025-09-04'),
(1719, 14, 105, 405, '16:00:00', 1, '2025-09-05'),
(1720, 11, 49, 323, '15:00:00', 1, '2025-09-02'),
(1721, 13, 99, 387, '09:00:00', 1, '2025-09-03'),
(1722, 9, 85, 258, '16:00:00', 1, '2025-09-01'),
(1723, 11, 55, 323, '16:00:00', 0, '2025-09-03'),
(1724, 10, 40, 289, '12:00:00', 1, '2025-09-02'),
(1725, 4, 25, 102, '09:00:00', 1, '2025-09-01'),
(1726, 5, 47, 122, '16:00:00', 1, '2025-09-03'),
(1727, 11, 53, 304, '16:00:00', 1, '2025-09-01'),
(1728, 7, 70, 184, '15:00:00', 1, '2025-09-03'),
(1729, 1, 2, 23, '16:00:00', 1, '2025-09-02'),
(1730, 1, 6, 5, '09:00:00', 1, '2025-09-02'),
(1731, 5, 41, 148, '09:00:00', 1, '2025-09-01'),
(1732, 12, 95, 348, '12:00:00', 1, '2025-09-05'),
(1733, 7, 67, 181, '15:00:00', 0, '2025-09-04'),
(1734, 1, 6, 24, '09:00:00', 1, '2025-09-02'),
(1735, 7, 65, 186, '10:00:00', 1, '2025-09-04'),
(1736, 4, 28, 120, '16:00:00', 1, '2025-09-04'),
(1737, 1, 3, 27, '12:00:00', 1, '2025-09-01'),
(1738, 9, 84, 249, '15:00:00', 0, '2025-09-01'),
(1739, 3, 17, 72, '09:00:00', 1, '2025-09-01'),
(1740, 5, 48, 134, '15:00:00', 1, '2025-09-05'),
(1741, 9, 88, 264, '12:00:00', 1, '2025-09-02'),
(1742, 2, 15, 50, '10:00:00', 1, '2025-09-02'),
(1743, 15, 116, 442, '16:00:00', 1, '2025-09-04'),
(1744, 13, 99, 368, '15:00:00', 1, '2025-09-04'),
(1745, 2, 9, 35, '10:00:00', 1, '2025-09-04'),
(1746, 13, 97, 382, '09:00:00', 1, '2025-09-01'),
(1747, 9, 81, 265, '16:00:00', 1, '2025-09-05'),
(1748, 11, 50, 324, '16:00:00', 1, '2025-09-02'),
(1749, 3, 23, 75, '16:00:00', 1, '2025-09-03'),
(1750, 14, 106, 407, '10:00:00', 1, '2025-09-01'),
(1751, 6, 58, 153, '10:00:00', 1, '2025-09-01'),
(1752, 12, 94, 337, '09:00:00', 1, '2025-09-02'),
(1753, 6, 62, 179, '10:00:00', 1, '2025-09-05'),
(1754, 5, 44, 140, '16:00:00', 1, '2025-09-04'),
(1755, 7, 69, 190, '16:00:00', 1, '2025-09-01'),
(1756, 6, 62, 152, '10:00:00', 1, '2025-09-05'),
(1757, 10, 34, 300, '12:00:00', 1, '2025-09-04'),
(1758, 14, 106, 413, '12:00:00', 1, '2025-09-04'),
(1759, 2, 12, 60, '15:00:00', 1, '2025-09-01'),
(1760, 12, 89, 344, '10:00:00', 1, '2025-09-04'),
(1761, 3, 17, 62, '16:00:00', 1, '2025-09-05'),
(1762, 12, 96, 334, '12:00:00', 1, '2025-09-02'),
(1763, 1, 1, 13, '15:00:00', 1, '2025-09-02'),
(1764, 2, 15, 33, '16:00:00', 1, '2025-09-03'),
(1765, 2, 12, 43, '16:00:00', 1, '2025-09-04'),
(1766, 1, 1, 26, '09:00:00', 1, '2025-09-01'),
(1767, 9, 85, 261, '12:00:00', 1, '2025-09-03'),
(1768, 12, 95, 342, '10:00:00', 1, '2025-09-02'),
(1769, 3, 22, 80, '10:00:00', 1, '2025-09-05'),
(1770, 1, 2, 16, '12:00:00', 1, '2025-09-04'),
(1771, 6, 64, 159, '12:00:00', 1, '2025-09-02'),
(1772, 10, 33, 272, '16:00:00', 1, '2025-09-05'),
(1773, 13, 104, 387, '09:00:00', 1, '2025-09-04'),
(1774, 10, 36, 299, '10:00:00', 1, '2025-09-03'),
(1775, 8, 74, 239, '10:00:00', 1, '2025-09-01'),
(1776, 13, 98, 369, '12:00:00', 0, '2025-09-04'),
(1777, 15, 114, 425, '12:00:00', 1, '2025-09-04'),
(1778, 5, 47, 141, '12:00:00', 1, '2025-09-05'),
(1779, 11, 50, 307, '12:00:00', 1, '2025-09-04'),
(1780, 1, 7, 20, '12:00:00', 0, '2025-09-05'),
(1781, 11, 55, 302, '12:00:00', 1, '2025-09-05'),
(1782, 13, 102, 368, '15:00:00', 1, '2025-09-03'),
(1783, 7, 65, 203, '10:00:00', 1, '2025-09-04'),
(1784, 5, 44, 144, '15:00:00', 1, '2025-09-01'),
(1785, 13, 100, 369, '10:00:00', 1, '2025-09-03'),
(1786, 11, 54, 327, '15:00:00', 1, '2025-09-03'),
(1787, 13, 97, 376, '15:00:00', 1, '2025-09-02'),
(1788, 2, 12, 57, '15:00:00', 1, '2025-09-01'),
(1789, 10, 35, 271, '09:00:00', 1, '2025-09-03'),
(1790, 8, 74, 237, '10:00:00', 0, '2025-09-01'),
(1791, 8, 78, 220, '15:00:00', 1, '2025-09-03'),
(1792, 12, 95, 351, '10:00:00', 1, '2025-09-02'),
(1793, 12, 90, 349, '10:00:00', 1, '2025-09-01'),
(1794, 7, 68, 198, '10:00:00', 1, '2025-09-03'),
(1795, 15, 115, 446, '12:00:00', 1, '2025-09-01'),
(1796, 5, 45, 127, '16:00:00', 1, '2025-09-01'),
(1797, 8, 77, 233, '09:00:00', 1, '2025-09-05'),
(1798, 15, 115, 426, '15:00:00', 1, '2025-09-04'),
(1799, 8, 80, 229, '15:00:00', 1, '2025-09-05'),
(1800, 8, 79, 222, '12:00:00', 1, '2025-09-05'),
(1801, 12, 93, 354, '09:00:00', 1, '2025-09-05'),
(1802, 8, 73, 221, '10:00:00', 0, '2025-09-04'),
(1803, 5, 42, 137, '16:00:00', 1, '2025-09-02'),
(1804, 15, 116, 440, '15:00:00', 1, '2025-09-01'),
(1805, 7, 69, 194, '16:00:00', 1, '2025-09-01'),
(1806, 5, 44, 149, '16:00:00', 1, '2025-09-04'),
(1807, 5, 41, 126, '09:00:00', 1, '2025-09-01'),
(1808, 3, 19, 68, '09:00:00', 0, '2025-09-03'),
(1809, 8, 78, 213, '09:00:00', 1, '2025-09-02'),
(1810, 5, 44, 148, '15:00:00', 0, '2025-09-01'),
(1811, 7, 65, 209, '15:00:00', 1, '2025-09-02'),
(1812, 5, 43, 147, '12:00:00', 1, '2025-09-01'),
(1813, 5, 45, 131, '12:00:00', 1, '2025-09-03'),
(1814, 4, 31, 101, '16:00:00', 1, '2025-09-03'),
(1815, 12, 89, 345, '10:00:00', 1, '2025-09-04'),
(1816, 14, 109, 405, '12:00:00', 1, '2025-09-03'),
(1817, 15, 113, 438, '10:00:00', 1, '2025-09-04'),
(1818, 7, 67, 197, '15:00:00', 1, '2025-09-04'),
(1819, 13, 97, 371, '15:00:00', 0, '2025-09-02'),
(1820, 4, 29, 120, '16:00:00', 1, '2025-09-01'),
(1821, 6, 58, 162, '16:00:00', 1, '2025-09-02'),
(1822, 2, 12, 38, '10:00:00', 1, '2025-09-03'),
(1823, 9, 87, 269, '16:00:00', 1, '2025-09-03'),
(1824, 6, 58, 154, '10:00:00', 1, '2025-09-01'),
(1825, 7, 68, 189, '10:00:00', 1, '2025-09-03'),
(1826, 15, 114, 427, '16:00:00', 1, '2025-09-02'),
(1827, 14, 107, 420, '12:00:00', 1, '2025-09-01'),
(1828, 11, 51, 330, '09:00:00', 0, '2025-09-03'),
(1829, 3, 19, 80, '15:00:00', 1, '2025-09-04'),
(1830, 14, 110, 404, '15:00:00', 1, '2025-09-03'),
(1831, 4, 32, 95, '09:00:00', 1, '2025-09-04'),
(1832, 13, 100, 365, '10:00:00', 1, '2025-09-03'),
(1833, 8, 75, 215, '09:00:00', 1, '2025-09-03'),
(1834, 6, 64, 151, '12:00:00', 0, '2025-09-02'),
(1835, 10, 40, 300, '09:00:00', 1, '2025-09-04'),
(1836, 10, 33, 292, '10:00:00', 1, '2025-09-04'),
(1837, 7, 71, 200, '12:00:00', 1, '2025-09-05'),
(1838, 12, 91, 348, '15:00:00', 1, '2025-09-04'),
(1839, 15, 118, 440, '09:00:00', 1, '2025-09-02'),
(1840, 10, 33, 274, '09:00:00', 1, '2025-09-01'),
(1841, 2, 9, 56, '10:00:00', 1, '2025-09-04'),
(1842, 8, 79, 221, '12:00:00', 1, '2025-09-05'),
(1843, 6, 61, 161, '09:00:00', 1, '2025-09-05'),
(1844, 5, 41, 137, '15:00:00', 1, '2025-09-02'),
(1845, 15, 114, 448, '12:00:00', 1, '2025-09-04'),
(1846, 3, 19, 74, '09:00:00', 1, '2025-09-03'),
(1847, 6, 59, 163, '09:00:00', 1, '2025-09-03'),
(1848, 4, 32, 102, '15:00:00', 1, '2025-09-05'),
(1849, 9, 84, 262, '15:00:00', 1, '2025-09-01'),
(1850, 6, 63, 153, '16:00:00', 1, '2025-09-03'),
(1851, 3, 20, 74, '10:00:00', 1, '2025-09-03'),
(1852, 4, 29, 102, '12:00:00', 1, '2025-09-03'),
(1853, 12, 93, 344, '09:00:00', 1, '2025-09-05'),
(1854, 2, 10, 52, '12:00:00', 0, '2025-09-04'),
(1855, 4, 31, 91, '10:00:00', 1, '2025-09-02'),
(1856, 4, 26, 103, '12:00:00', 1, '2025-09-04'),
(1857, 9, 84, 270, '10:00:00', 1, '2025-09-03'),
(1858, 4, 28, 96, '16:00:00', 1, '2025-09-04'),
(1859, 9, 81, 245, '16:00:00', 1, '2025-09-05'),
(1860, 9, 85, 257, '12:00:00', 1, '2025-09-03'),
(1861, 3, 18, 77, '12:00:00', 1, '2025-09-04'),
(1862, 15, 114, 449, '16:00:00', 1, '2025-09-02'),
(1863, 7, 66, 190, '10:00:00', 1, '2025-09-01'),
(1864, 10, 37, 275, '09:00:00', 1, '2025-09-05'),
(1865, 15, 116, 446, '10:00:00', 1, '2025-09-03'),
(1866, 10, 38, 283, '15:00:00', 1, '2025-09-03'),
(1867, 12, 96, 337, '09:00:00', 1, '2025-09-04'),
(1868, 15, 117, 440, '09:00:00', 1, '2025-09-05'),
(1869, 7, 69, 195, '09:00:00', 1, '2025-09-05'),
(1870, 1, 8, 30, '12:00:00', 1, '2025-09-02'),
(1871, 13, 103, 385, '12:00:00', 1, '2025-09-05'),
(1872, 4, 29, 91, '16:00:00', 1, '2025-09-01'),
(1873, 10, 37, 288, '09:00:00', 1, '2025-09-05'),
(1874, 8, 74, 232, '10:00:00', 0, '2025-09-01'),
(1875, 11, 49, 327, '15:00:00', 1, '2025-09-02'),
(1876, 11, 51, 302, '09:00:00', 1, '2025-09-03'),
(1877, 10, 37, 294, '12:00:00', 1, '2025-09-03'),
(1878, 12, 95, 333, '16:00:00', 1, '2025-09-03'),
(1879, 2, 9, 54, '16:00:00', 1, '2025-09-05'),
(1880, 4, 27, 111, '12:00:00', 1, '2025-09-01'),
(1881, 2, 9, 54, '15:00:00', 1, '2025-09-02'),
(1882, 5, 48, 142, '09:00:00', 1, '2025-09-04'),
(1883, 11, 53, 318, '12:00:00', 1, '2025-09-03'),
(1884, 11, 54, 306, '15:00:00', 1, '2025-09-03'),
(1885, 4, 26, 104, '12:00:00', 1, '2025-09-04'),
(1886, 9, 82, 270, '10:00:00', 1, '2025-09-01'),
(1887, 1, 6, 6, '09:00:00', 1, '2025-09-02'),
(1888, 13, 100, 365, '16:00:00', 1, '2025-09-04'),
(1889, 11, 51, 313, '09:00:00', 1, '2025-09-03'),
(1890, 14, 109, 402, '12:00:00', 1, '2025-09-03'),
(1891, 5, 44, 141, '10:00:00', 1, '2025-09-03'),
(1892, 1, 5, 7, '12:00:00', 1, '2025-09-03'),
(1893, 13, 103, 370, '10:00:00', 1, '2025-09-02'),
(1894, 9, 86, 242, '10:00:00', 1, '2025-09-05'),
(1895, 3, 21, 65, '16:00:00', 1, '2025-09-01'),
(1896, 6, 63, 169, '10:00:00', 1, '2025-09-02'),
(1897, 10, 34, 287, '12:00:00', 0, '2025-09-04'),
(1898, 12, 90, 353, '12:00:00', 0, '2025-09-04'),
(1899, 13, 100, 371, '10:00:00', 1, '2025-09-03'),
(1900, 6, 64, 168, '15:00:00', 1, '2025-09-05'),
(1901, 13, 101, 370, '16:00:00', 0, '2025-09-01'),
(1902, 14, 112, 419, '12:00:00', 1, '2025-09-02'),
(1903, 14, 112, 395, '12:00:00', 1, '2025-09-02'),
(1904, 4, 27, 112, '15:00:00', 1, '2025-09-04'),
(1905, 9, 88, 246, '12:00:00', 1, '2025-09-02'),
(1906, 2, 11, 59, '09:00:00', 1, '2025-09-03'),
(1907, 9, 83, 248, '15:00:00', 1, '2025-09-04'),
(1908, 7, 66, 190, '16:00:00', 1, '2025-09-02'),
(1909, 14, 106, 420, '10:00:00', 1, '2025-09-01'),
(1910, 11, 55, 329, '12:00:00', 0, '2025-09-05'),
(1911, 10, 38, 284, '10:00:00', 1, '2025-09-05'),
(1912, 5, 41, 147, '10:00:00', 1, '2025-09-04'),
(1913, 4, 26, 99, '16:00:00', 0, '2025-09-02'),
(1914, 4, 27, 93, '15:00:00', 1, '2025-09-04'),
(1915, 10, 35, 299, '12:00:00', 1, '2025-09-01'),
(1916, 5, 47, 137, '16:00:00', 1, '2025-09-03'),
(1917, 8, 79, 233, '16:00:00', 1, '2025-09-03'),
(1918, 8, 73, 224, '09:00:00', 1, '2025-09-01'),
(1919, 1, 5, 12, '09:00:00', 1, '2025-09-05'),
(1920, 15, 113, 423, '10:00:00', 1, '2025-09-04'),
(1921, 2, 14, 48, '15:00:00', 1, '2025-09-03'),
(1922, 3, 22, 85, '15:00:00', 1, '2025-09-03'),
(1923, 3, 23, 61, '10:00:00', 1, '2025-09-02'),
(1924, 5, 46, 123, '09:00:00', 1, '2025-09-02'),
(1925, 10, 37, 283, '12:00:00', 1, '2025-09-03'),
(1926, 11, 50, 326, '12:00:00', 1, '2025-09-04'),
(1927, 11, 55, 308, '12:00:00', 1, '2025-09-05'),
(1928, 12, 93, 357, '09:00:00', 1, '2025-09-05'),
(1929, 7, 66, 203, '16:00:00', 1, '2025-09-02'),
(1930, 1, 6, 26, '09:00:00', 1, '2025-09-02'),
(1931, 13, 101, 376, '09:00:00', 1, '2025-09-05'),
(1932, 9, 84, 265, '16:00:00', 1, '2025-09-04'),
(1933, 6, 63, 169, '12:00:00', 1, '2025-09-05'),
(1934, 10, 39, 283, '12:00:00', 1, '2025-09-05'),
(1935, 1, 7, 18, '12:00:00', 1, '2025-09-05'),
(1936, 11, 52, 315, '10:00:00', 1, '2025-09-03'),
(1937, 11, 56, 311, '15:00:00', 1, '2025-09-05'),
(1938, 13, 102, 374, '10:00:00', 1, '2025-09-05'),
(1939, 15, 113, 447, '09:00:00', 1, '2025-09-01'),
(1940, 10, 35, 273, '12:00:00', 1, '2025-09-01'),
(1941, 8, 73, 238, '09:00:00', 1, '2025-09-01'),
(1942, 12, 96, 336, '15:00:00', 1, '2025-09-05'),
(1943, 9, 86, 252, '10:00:00', 1, '2025-09-05'),
(1944, 8, 73, 223, '10:00:00', 1, '2025-09-04'),
(1945, 13, 98, 363, '12:00:00', 1, '2025-09-04'),
(1946, 6, 64, 165, '15:00:00', 1, '2025-09-05'),
(1947, 15, 118, 439, '15:00:00', 1, '2025-09-03'),
(1948, 9, 81, 249, '09:00:00', 1, '2025-09-01'),
(1949, 14, 108, 404, '15:00:00', 1, '2025-09-01'),
(1950, 5, 46, 125, '15:00:00', 1, '2025-09-03'),
(1951, 5, 47, 140, '12:00:00', 1, '2025-09-05'),
(1952, 5, 48, 143, '09:00:00', 1, '2025-09-04'),
(1953, 6, 60, 163, '16:00:00', 1, '2025-09-04'),
(1954, 12, 90, 347, '12:00:00', 1, '2025-09-04'),
(1955, 8, 78, 215, '15:00:00', 1, '2025-09-03'),
(1956, 15, 113, 423, '09:00:00', 1, '2025-09-01'),
(1957, 1, 6, 3, '10:00:00', 1, '2025-09-05'),
(1958, 5, 42, 132, '16:00:00', 1, '2025-09-02'),
(1959, 15, 113, 435, '09:00:00', 1, '2025-09-01'),
(1960, 3, 17, 69, '10:00:00', 1, '2025-09-04'),
(1961, 13, 97, 380, '16:00:00', 1, '2025-09-05'),
(1962, 7, 65, 188, '09:00:00', 1, '2025-09-01'),
(1963, 14, 107, 415, '12:00:00', 1, '2025-09-01'),
(1964, 12, 90, 359, '12:00:00', 1, '2025-09-04'),
(1965, 2, 9, 48, '15:00:00', 0, '2025-09-02'),
(1966, 12, 94, 345, '10:00:00', 0, '2025-09-05'),
(1967, 14, 109, 404, '09:00:00', 1, '2025-09-05'),
(1968, 3, 17, 74, '15:00:00', 1, '2025-09-02'),
(1969, 6, 60, 157, '10:00:00', 1, '2025-09-03'),
(1970, 10, 33, 275, '15:00:00', 1, '2025-09-02'),
(1971, 8, 78, 240, '15:00:00', 1, '2025-09-03'),
(1972, 12, 91, 342, '15:00:00', 1, '2025-09-04'),
(1973, 2, 11, 34, '09:00:00', 1, '2025-09-03'),
(1974, 9, 84, 243, '15:00:00', 1, '2025-09-01'),
(1975, 13, 103, 386, '10:00:00', 1, '2025-09-02'),
(1976, 7, 72, 187, '12:00:00', 1, '2025-09-02'),
(1977, 9, 86, 248, '10:00:00', 1, '2025-09-05'),
(1978, 15, 114, 447, '16:00:00', 1, '2025-09-02'),
(1979, 14, 108, 401, '15:00:00', 1, '2025-09-01'),
(1980, 5, 47, 145, '12:00:00', 1, '2025-09-05'),
(1981, 14, 105, 401, '10:00:00', 1, '2025-09-04'),
(1982, 12, 94, 359, '10:00:00', 0, '2025-09-05'),
(1983, 10, 36, 285, '16:00:00', 0, '2025-09-04'),
(1984, 4, 32, 93, '12:00:00', 0, '2025-09-02'),
(1985, 2, 10, 37, '16:00:00', 1, '2025-09-02'),
(1986, 4, 25, 105, '15:00:00', 1, '2025-09-02'),
(1987, 7, 71, 192, '16:00:00', 1, '2025-09-03'),
(1988, 2, 15, 55, '12:00:00', 0, '2025-09-05'),
(1989, 5, 43, 135, '12:00:00', 1, '2025-09-01'),
(1990, 4, 25, 105, '09:00:00', 1, '2025-09-01'),
(1991, 10, 37, 280, '09:00:00', 1, '2025-09-05'),
(1992, 6, 61, 176, '09:00:00', 1, '2025-09-05'),
(1993, 14, 106, 407, '16:00:00', 1, '2025-09-02'),
(1994, 9, 86, 244, '09:00:00', 1, '2025-09-02'),
(1995, 4, 30, 91, '10:00:00', 1, '2025-09-05'),
(1996, 4, 26, 107, '10:00:00', 1, '2025-09-01'),
(1997, 10, 33, 300, '10:00:00', 1, '2025-09-04'),
(1998, 13, 102, 367, '10:00:00', 1, '2025-09-05'),
(1999, 2, 14, 36, '15:00:00', 1, '2025-09-03'),
(2000, 8, 78, 226, '10:00:00', 1, '2025-09-05'),
(2001, 8, 75, 233, '15:00:00', 1, '2025-09-04'),
(2002, 15, 113, 446, '16:00:00', 1, '2025-09-05'),
(2003, 12, 95, 352, '12:00:00', 1, '2025-09-05'),
(2004, 3, 21, 74, '12:00:00', 0, '2025-09-03'),
(2005, 6, 57, 161, '16:00:00', 1, '2025-09-05'),
(2006, 8, 77, 236, '16:00:00', 1, '2025-09-01'),
(2007, 7, 67, 202, '12:00:00', 1, '2025-09-01'),
(2008, 3, 23, 70, '10:00:00', 1, '2025-09-02'),
(2009, 4, 32, 93, '09:00:00', 1, '2025-09-04'),
(2010, 1, 1, 30, '10:00:00', 1, '2025-09-04'),
(2011, 10, 39, 293, '12:00:00', 0, '2025-09-05'),
(2012, 6, 59, 170, '15:00:00', 1, '2025-09-04'),
(2013, 8, 79, 223, '10:00:00', 1, '2025-09-02'),
(2014, 15, 117, 424, '09:00:00', 1, '2025-09-05'),
(2015, 1, 1, 14, '15:00:00', 1, '2025-09-02'),
(2016, 5, 43, 142, '09:00:00', 1, '2025-09-03'),
(2017, 5, 47, 132, '16:00:00', 1, '2025-09-03'),
(2018, 8, 78, 229, '15:00:00', 1, '2025-09-03'),
(2019, 6, 57, 160, '16:00:00', 1, '2025-09-05'),
(2020, 15, 114, 433, '10:00:00', 1, '2025-09-01'),
(2021, 7, 71, 207, '12:00:00', 1, '2025-09-05'),
(2022, 12, 89, 338, '10:00:00', 1, '2025-09-04'),
(2023, 3, 22, 81, '10:00:00', 1, '2025-09-05'),
(2024, 12, 91, 360, '12:00:00', 1, '2025-09-01'),
(2025, 5, 47, 129, '16:00:00', 1, '2025-09-03'),
(2026, 12, 96, 331, '12:00:00', 1, '2025-09-02'),
(2027, 6, 60, 173, '16:00:00', 1, '2025-09-04'),
(2028, 14, 106, 418, '10:00:00', 1, '2025-09-01'),
(2029, 15, 119, 423, '10:00:00', 1, '2025-09-02'),
(2030, 5, 48, 137, '09:00:00', 1, '2025-09-04'),
(2031, 14, 112, 392, '15:00:00', 1, '2025-09-05'),
(2032, 1, 7, 29, '10:00:00', 1, '2025-09-02'),
(2033, 11, 51, 327, '12:00:00', 0, '2025-09-01'),
(2034, 6, 59, 170, '12:00:00', 1, '2025-09-01'),
(2035, 2, 14, 45, '15:00:00', 0, '2025-09-03'),
(2036, 12, 95, 354, '16:00:00', 1, '2025-09-03'),
(2037, 1, 3, 11, '15:00:00', 1, '2025-09-04'),
(2038, 13, 102, 378, '09:00:00', 1, '2025-09-02'),
(2039, 3, 24, 67, '12:00:00', 1, '2025-09-02'),
(2040, 6, 62, 175, '15:00:00', 1, '2025-09-03'),
(2041, 5, 43, 144, '09:00:00', 1, '2025-09-03'),
(2042, 6, 57, 171, '15:00:00', 1, '2025-09-02'),
(2043, 3, 24, 61, '12:00:00', 1, '2025-09-02'),
(2044, 10, 34, 274, '12:00:00', 1, '2025-09-04'),
(2045, 12, 89, 334, '10:00:00', 1, '2025-09-04'),
(2046, 6, 60, 179, '16:00:00', 1, '2025-09-04'),
(2047, 10, 34, 282, '12:00:00', 1, '2025-09-04'),
(2048, 4, 30, 106, '15:00:00', 1, '2025-09-03'),
(2049, 10, 33, 289, '10:00:00', 1, '2025-09-04'),
(2050, 3, 19, 80, '12:00:00', 1, '2025-09-01'),
(2051, 10, 37, 276, '16:00:00', 1, '2025-09-01'),
(2052, 13, 103, 383, '16:00:00', 1, '2025-09-03'),
(2053, 11, 49, 302, '10:00:00', 1, '2025-09-04'),
(2054, 13, 104, 375, '15:00:00', 1, '2025-09-05'),
(2055, 12, 95, 345, '10:00:00', 1, '2025-09-02'),
(2056, 6, 63, 151, '12:00:00', 1, '2025-09-05'),
(2057, 9, 85, 262, '12:00:00', 1, '2025-09-03'),
(2058, 6, 58, 168, '10:00:00', 1, '2025-09-01'),
(2059, 7, 71, 187, '12:00:00', 1, '2025-09-05'),
(2060, 1, 6, 20, '15:00:00', 1, '2025-09-03'),
(2061, 10, 40, 279, '09:00:00', 1, '2025-09-04'),
(2062, 7, 66, 181, '12:00:00', 1, '2025-09-04'),
(2063, 11, 49, 329, '16:00:00', 1, '2025-09-05'),
(2064, 14, 107, 394, '15:00:00', 1, '2025-09-04'),
(2065, 1, 5, 14, '16:00:00', 1, '2025-09-01'),
(2066, 12, 92, 352, '15:00:00', 1, '2025-09-01'),
(2067, 3, 24, 71, '09:00:00', 1, '2025-09-04'),
(2068, 15, 116, 425, '15:00:00', 1, '2025-09-01'),
(2069, 13, 103, 373, '12:00:00', 1, '2025-09-05'),
(2070, 7, 65, 196, '16:00:00', 1, '2025-09-05'),
(2071, 15, 115, 427, '09:00:00', 1, '2025-09-03'),
(2072, 10, 39, 296, '16:00:00', 1, '2025-09-03'),
(2073, 5, 45, 142, '16:00:00', 0, '2025-09-01'),
(2074, 14, 110, 414, '15:00:00', 1, '2025-09-03'),
(2075, 6, 59, 179, '12:00:00', 1, '2025-09-01'),
(2076, 7, 71, 190, '10:00:00', 1, '2025-09-02'),
(2077, 10, 37, 300, '12:00:00', 1, '2025-09-03'),
(2078, 13, 103, 370, '12:00:00', 1, '2025-09-05'),
(2079, 9, 81, 243, '16:00:00', 1, '2025-09-05'),
(2080, 7, 69, 187, '09:00:00', 0, '2025-09-05'),
(2081, 13, 99, 390, '09:00:00', 1, '2025-09-03'),
(2082, 11, 56, 312, '09:00:00', 1, '2025-09-04'),
(2083, 5, 48, 149, '09:00:00', 1, '2025-09-04'),
(2084, 1, 5, 9, '09:00:00', 1, '2025-09-05'),
(2085, 1, 5, 23, '12:00:00', 1, '2025-09-03'),
(2086, 13, 101, 387, '16:00:00', 1, '2025-09-01'),
(2087, 15, 113, 429, '09:00:00', 0, '2025-09-01'),
(2088, 15, 120, 439, '15:00:00', 1, '2025-09-05'),
(2089, 14, 107, 394, '09:00:00', 1, '2025-09-03'),
(2090, 11, 54, 325, '15:00:00', 1, '2025-09-03'),
(2091, 8, 75, 216, '09:00:00', 0, '2025-09-03'),
(2092, 1, 1, 20, '16:00:00', 1, '2025-09-05'),
(2093, 10, 39, 291, '16:00:00', 1, '2025-09-03'),
(2094, 1, 1, 24, '15:00:00', 1, '2025-09-02'),
(2095, 7, 65, 202, '15:00:00', 1, '2025-09-02'),
(2096, 11, 51, 302, '15:00:00', 1, '2025-09-04'),
(2097, 14, 111, 397, '16:00:00', 1, '2025-09-03'),
(2098, 10, 35, 274, '15:00:00', 1, '2025-09-04'),
(2099, 9, 88, 247, '15:00:00', 1, '2025-09-05'),
(2100, 7, 72, 199, '15:00:00', 1, '2025-09-05'),
(2101, 5, 42, 128, '10:00:00', 1, '2025-09-01'),
(2102, 15, 117, 446, '16:00:00', 1, '2025-09-01'),
(2103, 6, 61, 180, '09:00:00', 1, '2025-09-05'),
(2104, 7, 67, 202, '15:00:00', 1, '2025-09-04'),
(2105, 12, 91, 349, '15:00:00', 1, '2025-09-04'),
(2106, 5, 44, 138, '16:00:00', 1, '2025-09-04'),
(2107, 2, 15, 41, '10:00:00', 1, '2025-09-02'),
(2108, 12, 89, 347, '10:00:00', 1, '2025-09-04'),
(2109, 7, 72, 200, '15:00:00', 1, '2025-09-05'),
(2110, 6, 63, 154, '16:00:00', 1, '2025-09-03'),
(2111, 5, 46, 149, '15:00:00', 1, '2025-09-03'),
(2112, 13, 101, 375, '09:00:00', 1, '2025-09-05'),
(2113, 13, 103, 379, '16:00:00', 1, '2025-09-03'),
(2114, 3, 22, 73, '15:00:00', 1, '2025-09-03'),
(2115, 10, 33, 289, '16:00:00', 1, '2025-09-05'),
(2116, 11, 50, 302, '12:00:00', 1, '2025-09-04'),
(2117, 11, 51, 312, '15:00:00', 1, '2025-09-04'),
(2118, 14, 112, 412, '09:00:00', 1, '2025-09-04'),
(2119, 9, 82, 256, '12:00:00', 1, '2025-09-04'),
(2120, 3, 22, 82, '15:00:00', 0, '2025-09-03'),
(2121, 7, 68, 191, '16:00:00', 1, '2025-09-04'),
(2122, 2, 13, 33, '16:00:00', 1, '2025-09-01'),
(2123, 11, 52, 306, '10:00:00', 1, '2025-09-03'),
(2124, 7, 67, 208, '09:00:00', 1, '2025-09-03'),
(2125, 12, 93, 356, '16:00:00', 1, '2025-09-01'),
(2126, 1, 2, 15, '12:00:00', 1, '2025-09-04'),
(2127, 4, 30, 91, '15:00:00', 0, '2025-09-03'),
(2128, 4, 31, 117, '12:00:00', 1, '2025-09-05'),
(2129, 7, 68, 186, '16:00:00', 1, '2025-09-04'),
(2130, 15, 118, 421, '09:00:00', 1, '2025-09-02'),
(2131, 12, 89, 356, '16:00:00', 0, '2025-09-05'),
(2132, 10, 38, 291, '10:00:00', 1, '2025-09-05'),
(2133, 8, 74, 222, '12:00:00', 1, '2025-09-04'),
(2134, 4, 25, 94, '15:00:00', 1, '2025-09-02'),
(2135, 13, 97, 370, '10:00:00', 1, '2025-09-04'),
(2136, 6, 61, 158, '09:00:00', 1, '2025-09-05'),
(2137, 2, 14, 52, '09:00:00', 1, '2025-09-02'),
(2138, 12, 96, 339, '12:00:00', 0, '2025-09-02'),
(2139, 4, 27, 98, '12:00:00', 1, '2025-09-01'),
(2140, 13, 97, 361, '09:00:00', 1, '2025-09-01'),
(2141, 6, 58, 156, '16:00:00', 0, '2025-09-02'),
(2142, 3, 17, 71, '09:00:00', 1, '2025-09-01'),
(2143, 4, 32, 116, '09:00:00', 1, '2025-09-04'),
(2144, 12, 96, 360, '15:00:00', 1, '2025-09-05'),
(2145, 1, 3, 22, '15:00:00', 0, '2025-09-04'),
(2146, 2, 16, 52, '12:00:00', 1, '2025-09-02'),
(2147, 1, 8, 16, '09:00:00', 0, '2025-09-04'),
(2148, 8, 79, 221, '10:00:00', 0, '2025-09-02'),
(2149, 15, 119, 424, '16:00:00', 1, '2025-09-03'),
(2150, 7, 65, 210, '16:00:00', 0, '2025-09-05'),
(2151, 7, 66, 197, '12:00:00', 1, '2025-09-04'),
(2152, 11, 49, 309, '16:00:00', 1, '2025-09-05'),
(2153, 1, 6, 13, '09:00:00', 1, '2025-09-02'),
(2154, 12, 91, 339, '15:00:00', 1, '2025-09-04'),
(2155, 8, 73, 218, '15:00:00', 1, '2025-09-02'),
(2156, 15, 119, 421, '12:00:00', 0, '2025-09-05'),
(2157, 8, 73, 218, '10:00:00', 1, '2025-09-04'),
(2158, 13, 97, 390, '10:00:00', 0, '2025-09-04'),
(2159, 12, 91, 354, '09:00:00', 1, '2025-09-03'),
(2160, 5, 44, 131, '10:00:00', 1, '2025-09-03'),
(2161, 4, 26, 108, '16:00:00', 1, '2025-09-02'),
(2162, 6, 57, 152, '10:00:00', 0, '2025-09-04'),
(2163, 14, 105, 395, '10:00:00', 1, '2025-09-04'),
(2164, 8, 76, 239, '10:00:00', 1, '2025-09-03'),
(2165, 15, 115, 431, '15:00:00', 1, '2025-09-04'),
(2166, 14, 110, 414, '10:00:00', 1, '2025-09-05'),
(2167, 14, 106, 402, '16:00:00', 1, '2025-09-02'),
(2168, 8, 76, 223, '16:00:00', 1, '2025-09-04'),
(2169, 15, 120, 422, '15:00:00', 1, '2025-09-05'),
(2170, 12, 90, 349, '16:00:00', 1, '2025-09-02'),
(2171, 1, 5, 12, '12:00:00', 1, '2025-09-03'),
(2172, 3, 22, 61, '15:00:00', 1, '2025-09-03'),
(2173, 10, 40, 295, '12:00:00', 1, '2025-09-02'),
(2174, 3, 21, 77, '12:00:00', 1, '2025-09-03'),
(2175, 2, 13, 56, '12:00:00', 1, '2025-09-03'),
(2176, 8, 73, 217, '15:00:00', 1, '2025-09-02'),
(2177, 9, 82, 242, '12:00:00', 1, '2025-09-04'),
(2178, 3, 21, 61, '09:00:00', 1, '2025-09-05'),
(2179, 8, 74, 212, '12:00:00', 1, '2025-09-04'),
(2180, 9, 83, 255, '09:00:00', 1, '2025-09-03'),
(2181, 15, 114, 431, '16:00:00', 1, '2025-09-02'),
(2182, 2, 13, 36, '12:00:00', 1, '2025-09-03'),
(2183, 4, 30, 111, '10:00:00', 0, '2025-09-05'),
(2184, 15, 113, 440, '10:00:00', 0, '2025-09-04'),
(2185, 12, 93, 341, '12:00:00', 1, '2025-09-03'),
(2186, 7, 65, 194, '16:00:00', 1, '2025-09-05'),
(2187, 11, 56, 309, '15:00:00', 1, '2025-09-05'),
(2188, 5, 48, 135, '15:00:00', 1, '2025-09-05'),
(2189, 2, 14, 49, '15:00:00', 1, '2025-09-03'),
(2190, 5, 43, 150, '12:00:00', 1, '2025-09-01'),
(2191, 6, 64, 161, '15:00:00', 1, '2025-09-05'),
(2192, 9, 84, 245, '15:00:00', 1, '2025-09-01'),
(2193, 8, 79, 215, '16:00:00', 1, '2025-09-03'),
(2194, 4, 25, 108, '10:00:00', 1, '2025-09-04'),
(2195, 14, 110, 392, '09:00:00', 1, '2025-09-02'),
(2196, 8, 73, 230, '10:00:00', 1, '2025-09-04'),
(2197, 11, 49, 317, '16:00:00', 1, '2025-09-05'),
(2198, 8, 78, 221, '09:00:00', 1, '2025-09-02'),
(2199, 8, 73, 238, '16:00:00', 1, '2025-09-05'),
(2200, 15, 113, 423, '15:00:00', 1, '2025-09-02'),
(2201, 15, 113, 431, '15:00:00', 1, '2025-09-02'),
(2202, 15, 117, 450, '16:00:00', 1, '2025-09-01'),
(2203, 12, 93, 350, '16:00:00', 1, '2025-09-01'),
(2204, 9, 81, 259, '16:00:00', 1, '2025-09-05'),
(2205, 12, 96, 343, '12:00:00', 1, '2025-09-02'),
(2206, 6, 59, 172, '12:00:00', 1, '2025-09-01'),
(2207, 14, 112, 391, '09:00:00', 1, '2025-09-04'),
(2208, 10, 37, 298, '09:00:00', 1, '2025-09-05'),
(2209, 15, 119, 445, '12:00:00', 1, '2025-09-05'),
(2210, 6, 60, 171, '15:00:00', 1, '2025-09-01'),
(2211, 11, 53, 322, '16:00:00', 1, '2025-09-01'),
(2212, 1, 8, 22, '09:00:00', 1, '2025-09-04'),
(2213, 7, 67, 192, '09:00:00', 1, '2025-09-03'),
(2214, 7, 66, 210, '12:00:00', 0, '2025-09-04'),
(2215, 10, 39, 287, '12:00:00', 1, '2025-09-05'),
(2216, 1, 6, 3, '09:00:00', 1, '2025-09-02'),
(2217, 1, 3, 25, '12:00:00', 0, '2025-09-01'),
(2218, 14, 109, 419, '09:00:00', 1, '2025-09-05'),
(2219, 3, 23, 68, '10:00:00', 1, '2025-09-02'),
(2220, 15, 117, 427, '12:00:00', 1, '2025-09-03'),
(2221, 7, 68, 204, '16:00:00', 1, '2025-09-04'),
(2222, 8, 80, 233, '09:00:00', 1, '2025-09-04'),
(2223, 7, 65, 208, '15:00:00', 1, '2025-09-02'),
(2224, 2, 12, 57, '10:00:00', 1, '2025-09-03'),
(2225, 3, 24, 74, '15:00:00', 1, '2025-09-05'),
(2226, 2, 11, 57, '09:00:00', 0, '2025-09-03'),
(2227, 7, 67, 190, '12:00:00', 1, '2025-09-01'),
(2228, 10, 36, 296, '15:00:00', 1, '2025-09-01'),
(2229, 8, 79, 214, '12:00:00', 1, '2025-09-05'),
(2230, 14, 106, 398, '12:00:00', 1, '2025-09-04'),
(2231, 5, 41, 132, '09:00:00', 1, '2025-09-01'),
(2232, 4, 29, 91, '09:00:00', 1, '2025-09-05'),
(2233, 1, 3, 7, '15:00:00', 1, '2025-09-04'),
(2234, 5, 47, 121, '10:00:00', 1, '2025-09-02'),
(2235, 4, 29, 116, '16:00:00', 1, '2025-09-01'),
(2236, 14, 108, 415, '10:00:00', 1, '2025-09-03'),
(2237, 10, 40, 287, '09:00:00', 1, '2025-09-04'),
(2238, 6, 63, 173, '10:00:00', 1, '2025-09-02'),
(2239, 6, 61, 166, '09:00:00', 1, '2025-09-05'),
(2240, 5, 41, 134, '09:00:00', 1, '2025-09-01'),
(2241, 2, 9, 32, '09:00:00', 1, '2025-09-01'),
(2242, 3, 21, 89, '12:00:00', 1, '2025-09-03'),
(2243, 12, 92, 349, '15:00:00', 1, '2025-09-01'),
(2244, 7, 69, 210, '12:00:00', 1, '2025-09-03'),
(2245, 2, 11, 43, '09:00:00', 1, '2025-09-03'),
(2246, 5, 43, 125, '15:00:00', 0, '2025-09-04'),
(2247, 15, 113, 442, '10:00:00', 1, '2025-09-04'),
(2248, 13, 97, 371, '10:00:00', 1, '2025-09-04'),
(2249, 9, 84, 263, '16:00:00', 1, '2025-09-04'),
(2250, 15, 116, 429, '15:00:00', 1, '2025-09-01'),
(2251, 2, 13, 49, '09:00:00', 0, '2025-09-05'),
(2252, 15, 117, 433, '09:00:00', 1, '2025-09-05'),
(2253, 15, 114, 421, '16:00:00', 1, '2025-09-02'),
(2254, 7, 70, 190, '09:00:00', 1, '2025-09-02'),
(2255, 13, 98, 376, '10:00:00', 1, '2025-09-01'),
(2256, 7, 67, 198, '09:00:00', 1, '2025-09-03'),
(2257, 1, 1, 19, '16:00:00', 1, '2025-09-05'),
(2258, 6, 64, 169, '09:00:00', 0, '2025-09-04'),
(2259, 14, 110, 406, '09:00:00', 1, '2025-09-02'),
(2260, 6, 63, 171, '10:00:00', 1, '2025-09-02'),
(2261, 2, 11, 51, '12:00:00', 1, '2025-09-01'),
(2262, 7, 71, 184, '16:00:00', 1, '2025-09-03'),
(2263, 3, 20, 64, '10:00:00', 1, '2025-09-03'),
(2264, 12, 89, 353, '16:00:00', 1, '2025-09-05'),
(2265, 5, 46, 146, '09:00:00', 1, '2025-09-02'),
(2266, 15, 116, 434, '10:00:00', 1, '2025-09-03'),
(2267, 13, 102, 373, '10:00:00', 1, '2025-09-05'),
(2268, 12, 89, 343, '10:00:00', 1, '2025-09-04'),
(2269, 3, 24, 71, '15:00:00', 1, '2025-09-05'),
(2270, 10, 35, 282, '12:00:00', 1, '2025-09-01'),
(2271, 14, 110, 418, '15:00:00', 1, '2025-09-03'),
(2272, 11, 51, 303, '12:00:00', 0, '2025-09-01'),
(2273, 6, 62, 178, '09:00:00', 1, '2025-09-02'),
(2274, 1, 7, 24, '10:00:00', 1, '2025-09-02'),
(2275, 1, 5, 29, '09:00:00', 1, '2025-09-05'),
(2276, 6, 60, 172, '10:00:00', 1, '2025-09-03'),
(2277, 13, 102, 375, '09:00:00', 1, '2025-09-02'),
(2278, 1, 4, 22, '15:00:00', 1, '2025-09-01'),
(2279, 13, 104, 384, '15:00:00', 1, '2025-09-05'),
(2280, 9, 85, 257, '09:00:00', 1, '2025-09-05'),
(2281, 11, 49, 319, '15:00:00', 1, '2025-09-02'),
(2282, 4, 27, 120, '15:00:00', 1, '2025-09-04'),
(2283, 15, 119, 433, '12:00:00', 1, '2025-09-05'),
(2284, 6, 64, 167, '15:00:00', 1, '2025-09-05'),
(2285, 3, 23, 88, '16:00:00', 1, '2025-09-03'),
(2286, 2, 10, 38, '10:00:00', 1, '2025-09-01'),
(2287, 14, 112, 416, '12:00:00', 1, '2025-09-02'),
(2288, 10, 36, 281, '10:00:00', 1, '2025-09-03'),
(2289, 5, 48, 137, '15:00:00', 1, '2025-09-05'),
(2290, 7, 68, 208, '15:00:00', 1, '2025-09-01'),
(2291, 13, 101, 377, '16:00:00', 1, '2025-09-01'),
(2292, 6, 60, 156, '16:00:00', 1, '2025-09-04'),
(2293, 4, 29, 107, '12:00:00', 1, '2025-09-03'),
(2294, 2, 15, 32, '12:00:00', 1, '2025-09-05'),
(2295, 15, 116, 433, '10:00:00', 1, '2025-09-03'),
(2296, 10, 36, 284, '16:00:00', 0, '2025-09-04'),
(2297, 4, 31, 116, '16:00:00', 1, '2025-09-03'),
(2298, 13, 101, 364, '16:00:00', 1, '2025-09-01'),
(2299, 15, 116, 438, '16:00:00', 1, '2025-09-04'),
(2300, 11, 51, 322, '09:00:00', 1, '2025-09-03'),
(2301, 10, 38, 289, '09:00:00', 1, '2025-09-02'),
(2302, 9, 82, 261, '16:00:00', 1, '2025-09-02'),
(2303, 15, 115, 449, '12:00:00', 1, '2025-09-01'),
(2304, 8, 73, 215, '10:00:00', 0, '2025-09-04'),
(2305, 2, 9, 50, '15:00:00', 1, '2025-09-02'),
(2306, 14, 109, 399, '09:00:00', 1, '2025-09-05'),
(2307, 11, 55, 302, '16:00:00', 1, '2025-09-03'),
(2308, 1, 2, 4, '12:00:00', 1, '2025-09-04'),
(2309, 7, 66, 185, '12:00:00', 1, '2025-09-04'),
(2310, 14, 107, 407, '15:00:00', 0, '2025-09-04'),
(2311, 9, 82, 249, '16:00:00', 1, '2025-09-02'),
(2312, 13, 102, 365, '09:00:00', 1, '2025-09-02'),
(2313, 11, 55, 314, '12:00:00', 1, '2025-09-05'),
(2314, 1, 8, 3, '15:00:00', 1, '2025-09-05'),
(2315, 15, 115, 449, '15:00:00', 1, '2025-09-04'),
(2316, 13, 99, 374, '15:00:00', 1, '2025-09-04'),
(2317, 9, 86, 267, '10:00:00', 1, '2025-09-05'),
(2318, 9, 83, 260, '12:00:00', 0, '2025-09-01'),
(2319, 13, 98, 369, '10:00:00', 1, '2025-09-01'),
(2320, 7, 68, 202, '15:00:00', 0, '2025-09-01'),
(2321, 15, 118, 427, '10:00:00', 1, '2025-09-05'),
(2322, 8, 78, 223, '09:00:00', 1, '2025-09-02'),
(2323, 14, 107, 393, '15:00:00', 1, '2025-09-04'),
(2324, 2, 15, 56, '10:00:00', 1, '2025-09-02'),
(2325, 7, 65, 208, '16:00:00', 1, '2025-09-05'),
(2326, 7, 70, 203, '10:00:00', 1, '2025-09-05'),
(2327, 12, 92, 336, '16:00:00', 1, '2025-09-04'),
(2328, 14, 109, 395, '09:00:00', 1, '2025-09-05'),
(2329, 13, 100, 375, '15:00:00', 1, '2025-09-01'),
(2330, 8, 80, 216, '12:00:00', 0, '2025-09-02'),
(2331, 9, 81, 269, '10:00:00', 1, '2025-09-04'),
(2332, 15, 117, 445, '09:00:00', 1, '2025-09-05'),
(2333, 11, 51, 322, '15:00:00', 1, '2025-09-04'),
(2334, 4, 27, 99, '15:00:00', 1, '2025-09-04'),
(2335, 7, 65, 192, '09:00:00', 1, '2025-09-01'),
(2336, 5, 42, 140, '12:00:00', 1, '2025-09-04'),
(2337, 15, 115, 422, '12:00:00', 1, '2025-09-01'),
(2338, 12, 96, 340, '09:00:00', 1, '2025-09-04'),
(2339, 1, 1, 27, '10:00:00', 1, '2025-09-04'),
(2340, 8, 78, 227, '10:00:00', 1, '2025-09-05'),
(2341, 7, 66, 196, '10:00:00', 1, '2025-09-01'),
(2342, 6, 58, 166, '12:00:00', 0, '2025-09-04'),
(2343, 4, 30, 100, '15:00:00', 1, '2025-09-03'),
(2344, 3, 18, 87, '10:00:00', 1, '2025-09-01'),
(2345, 14, 108, 398, '10:00:00', 1, '2025-09-03'),
(2346, 13, 97, 390, '15:00:00', 1, '2025-09-02'),
(2347, 1, 2, 20, '10:00:00', 1, '2025-09-01'),
(2348, 9, 82, 241, '16:00:00', 1, '2025-09-02'),
(2349, 8, 77, 237, '16:00:00', 1, '2025-09-01'),
(2350, 2, 13, 31, '09:00:00', 1, '2025-09-05'),
(2351, 2, 9, 42, '10:00:00', 1, '2025-09-04'),
(2352, 14, 112, 420, '15:00:00', 1, '2025-09-05'),
(2353, 7, 69, 205, '16:00:00', 1, '2025-09-01'),
(2354, 15, 120, 437, '09:00:00', 1, '2025-09-04'),
(2355, 7, 67, 208, '12:00:00', 1, '2025-09-01'),
(2356, 8, 75, 231, '12:00:00', 1, '2025-09-01'),
(2357, 7, 66, 205, '12:00:00', 1, '2025-09-04'),
(2358, 4, 27, 100, '12:00:00', 1, '2025-09-01'),
(2359, 5, 47, 133, '12:00:00', 1, '2025-09-05'),
(2360, 15, 118, 429, '15:00:00', 1, '2025-09-03'),
(2361, 5, 41, 129, '15:00:00', 1, '2025-09-02'),
(2362, 15, 116, 449, '15:00:00', 1, '2025-09-01'),
(2363, 1, 4, 18, '16:00:00', 1, '2025-09-04'),
(2364, 11, 55, 316, '16:00:00', 1, '2025-09-03'),
(2365, 12, 94, 357, '15:00:00', 1, '2025-09-03'),
(2366, 4, 28, 119, '16:00:00', 1, '2025-09-04'),
(2367, 12, 92, 335, '10:00:00', 0, '2025-09-03'),
(2368, 12, 91, 335, '09:00:00', 1, '2025-09-03'),
(2369, 9, 84, 265, '15:00:00', 1, '2025-09-01'),
(2370, 14, 112, 403, '15:00:00', 1, '2025-09-05'),
(2371, 15, 115, 439, '12:00:00', 1, '2025-09-01'),
(2372, 8, 79, 238, '16:00:00', 0, '2025-09-03'),
(2373, 13, 101, 384, '16:00:00', 0, '2025-09-01'),
(2374, 5, 48, 135, '12:00:00', 1, '2025-09-02'),
(2375, 14, 107, 403, '15:00:00', 1, '2025-09-04'),
(2376, 13, 103, 380, '16:00:00', 1, '2025-09-03'),
(2377, 13, 99, 385, '15:00:00', 1, '2025-09-04'),
(2378, 14, 109, 407, '16:00:00', 1, '2025-09-01'),
(2379, 10, 39, 289, '10:00:00', 1, '2025-09-02'),
(2380, 1, 2, 27, '10:00:00', 1, '2025-09-01'),
(2381, 3, 19, 73, '12:00:00', 0, '2025-09-01'),
(2382, 2, 13, 47, '09:00:00', 1, '2025-09-05'),
(2383, 6, 58, 176, '12:00:00', 1, '2025-09-04'),
(2384, 2, 9, 49, '10:00:00', 1, '2025-09-04'),
(2385, 14, 112, 406, '09:00:00', 1, '2025-09-04'),
(2386, 12, 93, 335, '12:00:00', 1, '2025-09-03'),
(2387, 11, 54, 313, '09:00:00', 1, '2025-09-02'),
(2388, 13, 102, 366, '09:00:00', 1, '2025-09-02'),
(2389, 6, 57, 167, '10:00:00', 1, '2025-09-04'),
(2390, 8, 79, 212, '16:00:00', 1, '2025-09-03'),
(2391, 2, 10, 52, '16:00:00', 1, '2025-09-02'),
(2392, 1, 3, 17, '09:00:00', 1, '2025-09-03'),
(2393, 6, 64, 179, '12:00:00', 1, '2025-09-02'),
(2394, 13, 98, 379, '10:00:00', 1, '2025-09-01'),
(2395, 4, 27, 108, '12:00:00', 1, '2025-09-01'),
(2396, 13, 104, 390, '15:00:00', 1, '2025-09-05'),
(2397, 2, 12, 47, '15:00:00', 1, '2025-09-01'),
(2398, 12, 95, 344, '10:00:00', 1, '2025-09-02'),
(2399, 8, 80, 227, '12:00:00', 1, '2025-09-02'),
(2400, 8, 74, 233, '10:00:00', 1, '2025-09-01'),
(2401, 12, 89, 334, '09:00:00', 1, '2025-09-01'),
(2402, 4, 28, 101, '15:00:00', 0, '2025-09-01'),
(2403, 4, 27, 115, '15:00:00', 1, '2025-09-04'),
(2404, 2, 14, 43, '10:00:00', 1, '2025-09-05'),
(2405, 12, 89, 350, '15:00:00', 1, '2025-09-02'),
(2406, 5, 45, 125, '16:00:00', 1, '2025-09-01'),
(2407, 14, 111, 411, '16:00:00', 0, '2025-09-03'),
(2408, 3, 20, 82, '16:00:00', 1, '2025-09-04'),
(2409, 11, 56, 330, '12:00:00', 1, '2025-09-02'),
(2410, 8, 79, 220, '12:00:00', 1, '2025-09-05'),
(2411, 7, 65, 205, '09:00:00', 1, '2025-09-01'),
(2412, 1, 7, 16, '10:00:00', 1, '2025-09-02'),
(2413, 11, 56, 306, '09:00:00', 1, '2025-09-04'),
(2414, 2, 13, 60, '12:00:00', 1, '2025-09-03'),
(2415, 11, 56, 327, '12:00:00', 1, '2025-09-02'),
(2416, 5, 47, 125, '16:00:00', 1, '2025-09-03'),
(2417, 6, 59, 154, '09:00:00', 1, '2025-09-03'),
(2418, 11, 50, 312, '16:00:00', 0, '2025-09-02'),
(2419, 3, 23, 85, '16:00:00', 1, '2025-09-03'),
(2420, 6, 63, 159, '12:00:00', 1, '2025-09-05'),
(2421, 12, 93, 336, '09:00:00', 1, '2025-09-05'),
(2422, 10, 38, 292, '09:00:00', 1, '2025-09-02'),
(2423, 1, 8, 26, '09:00:00', 1, '2025-09-04'),
(2424, 3, 23, 64, '16:00:00', 1, '2025-09-03'),
(2425, 1, 3, 9, '09:00:00', 1, '2025-09-03'),
(2426, 13, 97, 386, '16:00:00', 1, '2025-09-05'),
(2427, 5, 46, 140, '09:00:00', 1, '2025-09-02'),
(2428, 2, 11, 40, '15:00:00', 1, '2025-09-04'),
(2429, 10, 40, 291, '09:00:00', 1, '2025-09-04'),
(2430, 6, 57, 169, '09:00:00', 1, '2025-09-01'),
(2431, 8, 78, 213, '15:00:00', 1, '2025-09-03'),
(2432, 12, 94, 335, '15:00:00', 1, '2025-09-03'),
(2433, 13, 97, 373, '10:00:00', 1, '2025-09-04'),
(2434, 5, 47, 123, '16:00:00', 1, '2025-09-03'),
(2435, 1, 2, 12, '12:00:00', 0, '2025-09-04'),
(2436, 15, 117, 449, '12:00:00', 1, '2025-09-03'),
(2437, 10, 38, 279, '10:00:00', 1, '2025-09-05'),
(2438, 3, 22, 84, '15:00:00', 0, '2025-09-03'),
(2439, 12, 91, 348, '09:00:00', 0, '2025-09-03'),
(2440, 6, 62, 163, '09:00:00', 1, '2025-09-02'),
(2441, 11, 54, 327, '10:00:00', 1, '2025-09-05'),
(2442, 12, 95, 349, '10:00:00', 1, '2025-09-02'),
(2443, 10, 33, 273, '15:00:00', 1, '2025-09-02'),
(2444, 3, 23, 68, '16:00:00', 1, '2025-09-03'),
(2445, 1, 1, 26, '15:00:00', 1, '2025-09-02'),
(2446, 6, 58, 177, '12:00:00', 0, '2025-09-04'),
(2447, 7, 66, 195, '10:00:00', 1, '2025-09-01'),
(2448, 1, 8, 12, '09:00:00', 1, '2025-09-04'),
(2449, 1, 1, 5, '16:00:00', 1, '2025-09-05'),
(2450, 13, 100, 374, '16:00:00', 1, '2025-09-04'),
(2451, 15, 116, 427, '15:00:00', 1, '2025-09-01'),
(2452, 13, 101, 364, '12:00:00', 1, '2025-09-03'),
(2453, 15, 118, 433, '10:00:00', 1, '2025-09-05'),
(2454, 13, 98, 368, '16:00:00', 1, '2025-09-02'),
(2455, 8, 79, 212, '10:00:00', 1, '2025-09-02'),
(2456, 1, 6, 8, '10:00:00', 1, '2025-09-05'),
(2457, 9, 84, 246, '15:00:00', 1, '2025-09-01'),
(2458, 5, 48, 140, '09:00:00', 1, '2025-09-04'),
(2459, 11, 53, 320, '12:00:00', 1, '2025-09-03'),
(2460, 11, 49, 315, '09:00:00', 1, '2025-09-01'),
(2461, 14, 106, 406, '12:00:00', 1, '2025-09-04'),
(2462, 6, 58, 151, '16:00:00', 1, '2025-09-02'),
(2463, 6, 60, 155, '15:00:00', 1, '2025-09-01'),
(2464, 15, 119, 439, '10:00:00', 1, '2025-09-02'),
(2465, 12, 91, 360, '09:00:00', 1, '2025-09-03'),
(2466, 5, 42, 138, '10:00:00', 1, '2025-09-01'),
(2467, 8, 77, 233, '16:00:00', 1, '2025-09-01'),
(2468, 6, 64, 173, '12:00:00', 1, '2025-09-02'),
(2469, 9, 81, 256, '15:00:00', 1, '2025-09-02'),
(2470, 8, 73, 235, '10:00:00', 0, '2025-09-04'),
(2471, 8, 74, 213, '16:00:00', 1, '2025-09-02'),
(2472, 7, 68, 206, '10:00:00', 1, '2025-09-03'),
(2473, 4, 27, 108, '09:00:00', 1, '2025-09-03'),
(2474, 8, 80, 236, '15:00:00', 1, '2025-09-05'),
(2475, 14, 112, 404, '15:00:00', 1, '2025-09-05'),
(2476, 6, 57, 174, '15:00:00', 1, '2025-09-02'),
(2477, 13, 101, 363, '16:00:00', 1, '2025-09-01'),
(2478, 8, 73, 227, '10:00:00', 1, '2025-09-04'),
(2479, 12, 96, 345, '12:00:00', 1, '2025-09-02'),
(2480, 8, 79, 231, '10:00:00', 1, '2025-09-02'),
(2481, 11, 54, 308, '10:00:00', 1, '2025-09-05'),
(2482, 12, 94, 352, '09:00:00', 1, '2025-09-02'),
(2483, 6, 59, 170, '09:00:00', 1, '2025-09-03'),
(2484, 1, 7, 18, '16:00:00', 1, '2025-09-03'),
(2485, 12, 93, 357, '12:00:00', 1, '2025-09-03'),
(2486, 6, 60, 170, '16:00:00', 1, '2025-09-04'),
(2487, 14, 105, 404, '10:00:00', 1, '2025-09-04'),
(2488, 10, 36, 277, '10:00:00', 1, '2025-09-03'),
(2489, 6, 61, 177, '09:00:00', 1, '2025-09-05'),
(2490, 15, 115, 444, '15:00:00', 1, '2025-09-04'),
(2491, 10, 36, 283, '10:00:00', 1, '2025-09-03'),
(2492, 12, 96, 332, '09:00:00', 1, '2025-09-04'),
(2493, 10, 33, 288, '10:00:00', 1, '2025-09-04'),
(2494, 6, 60, 166, '16:00:00', 1, '2025-09-04'),
(2495, 11, 52, 326, '15:00:00', 1, '2025-09-01'),
(2496, 8, 80, 231, '15:00:00', 1, '2025-09-05'),
(2497, 5, 47, 147, '16:00:00', 1, '2025-09-03'),
(2498, 8, 78, 239, '09:00:00', 1, '2025-09-02'),
(2499, 11, 53, 314, '12:00:00', 1, '2025-09-03'),
(2500, 5, 43, 147, '09:00:00', 1, '2025-09-03'),
(2501, 1, 1, 2, '10:00:00', 1, '2025-09-04'),
(2502, 5, 45, 150, '16:00:00', 1, '2025-09-01'),
(2503, 10, 38, 296, '09:00:00', 1, '2025-09-02'),
(2504, 1, 2, 21, '16:00:00', 1, '2025-09-02'),
(2505, 2, 12, 56, '15:00:00', 1, '2025-09-01'),
(2506, 15, 116, 422, '16:00:00', 1, '2025-09-04'),
(2507, 1, 3, 2, '15:00:00', 1, '2025-09-04'),
(2508, 3, 20, 67, '10:00:00', 1, '2025-09-03'),
(2509, 2, 9, 38, '15:00:00', 1, '2025-09-02'),
(2510, 7, 72, 185, '12:00:00', 0, '2025-09-02'),
(2511, 7, 67, 185, '09:00:00', 1, '2025-09-03'),
(2512, 11, 54, 319, '09:00:00', 1, '2025-09-02'),
(2513, 12, 93, 344, '12:00:00', 1, '2025-09-03'),
(2514, 12, 90, 337, '16:00:00', 1, '2025-09-02'),
(2515, 10, 34, 291, '12:00:00', 1, '2025-09-04'),
(2516, 7, 71, 191, '16:00:00', 1, '2025-09-03'),
(2517, 14, 110, 407, '09:00:00', 1, '2025-09-02'),
(2518, 14, 105, 398, '16:00:00', 1, '2025-09-05'),
(2519, 9, 82, 268, '12:00:00', 1, '2025-09-04'),
(2520, 6, 57, 171, '10:00:00', 1, '2025-09-04'),
(2521, 4, 31, 117, '10:00:00', 1, '2025-09-02'),
(2522, 9, 85, 251, '12:00:00', 1, '2025-09-03'),
(2523, 4, 32, 104, '12:00:00', 1, '2025-09-02'),
(2524, 1, 7, 14, '10:00:00', 1, '2025-09-02'),
(2525, 9, 81, 261, '10:00:00', 1, '2025-09-04'),
(2526, 6, 62, 166, '09:00:00', 1, '2025-09-02'),
(2527, 7, 67, 183, '12:00:00', 1, '2025-09-01'),
(2528, 5, 41, 124, '16:00:00', 1, '2025-09-05'),
(2529, 4, 28, 105, '15:00:00', 1, '2025-09-01'),
(2530, 9, 81, 258, '09:00:00', 1, '2025-09-01'),
(2531, 6, 58, 165, '10:00:00', 1, '2025-09-01'),
(2532, 1, 4, 15, '15:00:00', 1, '2025-09-01'),
(2533, 1, 8, 7, '09:00:00', 1, '2025-09-04'),
(2534, 1, 6, 5, '10:00:00', 1, '2025-09-05'),
(2535, 11, 55, 312, '10:00:00', 1, '2025-09-02'),
(2536, 13, 97, 371, '16:00:00', 1, '2025-09-05'),
(2537, 2, 16, 45, '12:00:00', 1, '2025-09-02'),
(2538, 1, 5, 30, '16:00:00', 1, '2025-09-01'),
(2539, 9, 82, 254, '16:00:00', 1, '2025-09-02'),
(2540, 11, 49, 306, '10:00:00', 1, '2025-09-04'),
(2541, 5, 44, 122, '16:00:00', 1, '2025-09-04'),
(2542, 2, 13, 41, '09:00:00', 0, '2025-09-05'),
(2543, 7, 68, 181, '15:00:00', 1, '2025-09-01'),
(2544, 8, 78, 223, '10:00:00', 1, '2025-09-05'),
(2545, 9, 81, 254, '10:00:00', 0, '2025-09-04'),
(2546, 2, 12, 48, '15:00:00', 1, '2025-09-01'),
(2547, 1, 4, 19, '15:00:00', 1, '2025-09-01'),
(2548, 15, 119, 440, '16:00:00', 1, '2025-09-03'),
(2549, 2, 10, 45, '10:00:00', 1, '2025-09-01'),
(2550, 2, 13, 35, '16:00:00', 1, '2025-09-01'),
(2551, 13, 100, 364, '16:00:00', 1, '2025-09-04'),
(2552, 1, 3, 2, '09:00:00', 1, '2025-09-03'),
(2553, 2, 12, 48, '10:00:00', 1, '2025-09-03'),
(2554, 2, 13, 41, '16:00:00', 0, '2025-09-01'),
(2555, 10, 36, 279, '16:00:00', 1, '2025-09-04'),
(2556, 3, 24, 65, '09:00:00', 1, '2025-09-04'),
(2557, 5, 48, 148, '12:00:00', 1, '2025-09-02'),
(2558, 13, 103, 371, '12:00:00', 1, '2025-09-05'),
(2559, 11, 51, 319, '12:00:00', 1, '2025-09-01'),
(2560, 13, 97, 372, '10:00:00', 1, '2025-09-04'),
(2561, 2, 15, 40, '10:00:00', 1, '2025-09-02'),
(2562, 13, 104, 366, '15:00:00', 1, '2025-09-05'),
(2563, 6, 58, 175, '16:00:00', 1, '2025-09-02'),
(2564, 13, 98, 376, '12:00:00', 1, '2025-09-04'),
(2565, 12, 93, 334, '09:00:00', 1, '2025-09-05'),
(2566, 9, 86, 258, '15:00:00', 1, '2025-09-03'),
(2567, 15, 118, 450, '09:00:00', 1, '2025-09-02'),
(2568, 14, 108, 413, '10:00:00', 1, '2025-09-03'),
(2569, 1, 6, 29, '10:00:00', 1, '2025-09-05'),
(2570, 11, 54, 323, '15:00:00', 1, '2025-09-03'),
(2571, 15, 116, 443, '10:00:00', 1, '2025-09-03'),
(2572, 6, 64, 171, '09:00:00', 1, '2025-09-04'),
(2573, 12, 96, 355, '12:00:00', 1, '2025-09-02'),
(2574, 10, 33, 281, '15:00:00', 1, '2025-09-02'),
(2575, 3, 21, 89, '09:00:00', 1, '2025-09-05'),
(2576, 11, 49, 323, '16:00:00', 1, '2025-09-05'),
(2577, 15, 113, 433, '10:00:00', 1, '2025-09-04'),
(2578, 5, 45, 132, '09:00:00', 1, '2025-09-05'),
(2579, 15, 116, 431, '10:00:00', 1, '2025-09-03'),
(2580, 12, 93, 334, '12:00:00', 1, '2025-09-03'),
(2581, 12, 89, 343, '16:00:00', 0, '2025-09-05'),
(2582, 7, 68, 209, '16:00:00', 1, '2025-09-04'),
(2583, 15, 120, 425, '15:00:00', 1, '2025-09-05'),
(2584, 2, 9, 35, '09:00:00', 1, '2025-09-01'),
(2585, 4, 25, 108, '15:00:00', 1, '2025-09-02'),
(2586, 10, 33, 275, '09:00:00', 0, '2025-09-01'),
(2587, 4, 30, 104, '10:00:00', 0, '2025-09-05'),
(2588, 3, 17, 90, '10:00:00', 1, '2025-09-04'),
(2589, 1, 1, 7, '16:00:00', 1, '2025-09-05'),
(2590, 15, 116, 429, '16:00:00', 1, '2025-09-04'),
(2591, 15, 114, 445, '12:00:00', 1, '2025-09-04'),
(2592, 5, 44, 128, '15:00:00', 1, '2025-09-01'),
(2593, 11, 54, 315, '09:00:00', 1, '2025-09-02'),
(2594, 9, 86, 254, '09:00:00', 1, '2025-09-02'),
(2595, 7, 68, 201, '16:00:00', 1, '2025-09-04'),
(2596, 15, 113, 422, '15:00:00', 1, '2025-09-02'),
(2597, 6, 57, 163, '09:00:00', 1, '2025-09-01'),
(2598, 9, 81, 259, '09:00:00', 0, '2025-09-01'),
(2599, 1, 6, 4, '15:00:00', 1, '2025-09-03'),
(2600, 4, 27, 120, '12:00:00', 1, '2025-09-01'),
(2601, 13, 101, 371, '09:00:00', 1, '2025-09-05'),
(2602, 5, 44, 143, '10:00:00', 1, '2025-09-03'),
(2603, 15, 120, 424, '09:00:00', 1, '2025-09-04'),
(2604, 7, 70, 209, '10:00:00', 1, '2025-09-05'),
(2605, 1, 1, 23, '15:00:00', 1, '2025-09-02'),
(2606, 14, 109, 406, '12:00:00', 1, '2025-09-03'),
(2607, 9, 83, 241, '12:00:00', 1, '2025-09-01'),
(2608, 3, 22, 74, '15:00:00', 1, '2025-09-03'),
(2609, 3, 17, 82, '15:00:00', 1, '2025-09-02'),
(2610, 12, 95, 340, '10:00:00', 1, '2025-09-02'),
(2611, 13, 101, 376, '12:00:00', 1, '2025-09-03'),
(2612, 7, 68, 186, '10:00:00', 0, '2025-09-03'),
(2613, 12, 95, 349, '16:00:00', 1, '2025-09-03'),
(2614, 1, 7, 13, '10:00:00', 0, '2025-09-02'),
(2615, 9, 83, 265, '12:00:00', 1, '2025-09-01'),
(2616, 10, 35, 285, '15:00:00', 1, '2025-09-04'),
(2617, 8, 78, 237, '15:00:00', 1, '2025-09-03'),
(2618, 6, 61, 160, '16:00:00', 1, '2025-09-01'),
(2619, 11, 52, 311, '15:00:00', 1, '2025-09-01'),
(2620, 3, 19, 82, '15:00:00', 1, '2025-09-04'),
(2621, 11, 55, 324, '10:00:00', 1, '2025-09-02'),
(2622, 11, 54, 306, '10:00:00', 1, '2025-09-05'),
(2623, 8, 76, 211, '10:00:00', 1, '2025-09-03'),
(2624, 14, 108, 410, '10:00:00', 1, '2025-09-03'),
(2625, 6, 62, 158, '15:00:00', 1, '2025-09-03'),
(2626, 4, 26, 96, '10:00:00', 1, '2025-09-01'),
(2627, 15, 114, 429, '16:00:00', 1, '2025-09-02'),
(2628, 5, 46, 146, '10:00:00', 1, '2025-09-05'),
(2629, 9, 82, 269, '12:00:00', 1, '2025-09-04'),
(2630, 10, 34, 288, '16:00:00', 0, '2025-09-02'),
(2631, 9, 87, 250, '16:00:00', 1, '2025-09-03'),
(2632, 12, 91, 331, '09:00:00', 1, '2025-09-03'),
(2633, 6, 64, 176, '15:00:00', 1, '2025-09-05'),
(2634, 6, 63, 164, '10:00:00', 1, '2025-09-02'),
(2635, 15, 119, 443, '12:00:00', 1, '2025-09-05'),
(2636, 10, 34, 295, '10:00:00', 1, '2025-09-01'),
(2637, 3, 20, 70, '10:00:00', 1, '2025-09-03'),
(2638, 12, 90, 348, '16:00:00', 1, '2025-09-02'),
(2639, 2, 13, 51, '09:00:00', 1, '2025-09-05'),
(2640, 9, 85, 265, '16:00:00', 1, '2025-09-01'),
(2641, 15, 119, 431, '10:00:00', 1, '2025-09-02'),
(2642, 2, 16, 56, '15:00:00', 1, '2025-09-05'),
(2643, 12, 93, 346, '12:00:00', 1, '2025-09-03'),
(2644, 4, 25, 107, '16:00:00', 1, '2025-09-05'),
(2645, 13, 101, 384, '12:00:00', 1, '2025-09-03'),
(2646, 8, 80, 223, '15:00:00', 1, '2025-09-05'),
(2647, 10, 36, 300, '10:00:00', 1, '2025-09-03'),
(2648, 12, 92, 336, '15:00:00', 1, '2025-09-01'),
(2649, 10, 37, 300, '16:00:00', 1, '2025-09-01'),
(2650, 1, 3, 26, '12:00:00', 1, '2025-09-01'),
(2651, 13, 101, 388, '09:00:00', 1, '2025-09-05'),
(2652, 4, 26, 117, '12:00:00', 1, '2025-09-04'),
(2653, 10, 36, 287, '10:00:00', 1, '2025-09-03'),
(2654, 15, 120, 430, '12:00:00', 0, '2025-09-02'),
(2655, 15, 120, 442, '15:00:00', 1, '2025-09-05'),
(2656, 13, 104, 362, '15:00:00', 1, '2025-09-05'),
(2657, 10, 35, 291, '12:00:00', 1, '2025-09-01'),
(2658, 6, 64, 161, '12:00:00', 1, '2025-09-02'),
(2659, 3, 24, 72, '09:00:00', 1, '2025-09-04'),
(2660, 5, 48, 124, '09:00:00', 1, '2025-09-04'),
(2661, 11, 52, 326, '16:00:00', 1, '2025-09-04'),
(2662, 15, 117, 446, '12:00:00', 1, '2025-09-03'),
(2663, 12, 90, 343, '10:00:00', 1, '2025-09-01'),
(2664, 3, 21, 78, '09:00:00', 1, '2025-09-05'),
(2665, 10, 36, 299, '15:00:00', 1, '2025-09-01'),
(2666, 9, 86, 249, '15:00:00', 1, '2025-09-03'),
(2667, 10, 40, 292, '15:00:00', 1, '2025-09-05'),
(2668, 6, 61, 156, '12:00:00', 1, '2025-09-03'),
(2669, 12, 96, 355, '15:00:00', 1, '2025-09-05'),
(2670, 2, 10, 53, '10:00:00', 1, '2025-09-01'),
(2671, 9, 85, 267, '09:00:00', 1, '2025-09-05'),
(2672, 6, 57, 163, '16:00:00', 1, '2025-09-05'),
(2673, 13, 100, 384, '10:00:00', 1, '2025-09-03'),
(2674, 10, 34, 278, '10:00:00', 1, '2025-09-01'),
(2675, 12, 96, 348, '12:00:00', 0, '2025-09-02'),
(2676, 12, 92, 348, '16:00:00', 1, '2025-09-04'),
(2677, 4, 32, 109, '12:00:00', 1, '2025-09-02'),
(2678, 12, 93, 358, '12:00:00', 1, '2025-09-03'),
(2679, 4, 32, 108, '12:00:00', 1, '2025-09-02'),
(2680, 1, 6, 25, '09:00:00', 0, '2025-09-02'),
(2681, 15, 119, 446, '10:00:00', 1, '2025-09-02'),
(2682, 3, 23, 74, '16:00:00', 1, '2025-09-03'),
(2683, 10, 33, 300, '16:00:00', 1, '2025-09-05'),
(2684, 9, 84, 250, '16:00:00', 1, '2025-09-04'),
(2685, 14, 105, 407, '10:00:00', 1, '2025-09-04'),
(2686, 7, 69, 197, '16:00:00', 0, '2025-09-01'),
(2687, 4, 31, 100, '10:00:00', 1, '2025-09-02'),
(2688, 3, 18, 72, '12:00:00', 1, '2025-09-04'),
(2689, 1, 3, 22, '09:00:00', 1, '2025-09-03'),
(2690, 1, 4, 30, '16:00:00', 1, '2025-09-04'),
(2691, 1, 1, 11, '16:00:00', 1, '2025-09-05'),
(2692, 2, 15, 60, '12:00:00', 0, '2025-09-05'),
(2693, 13, 99, 364, '15:00:00', 0, '2025-09-04'),
(2694, 10, 37, 277, '12:00:00', 0, '2025-09-03'),
(2695, 13, 104, 374, '12:00:00', 1, '2025-09-02'),
(2696, 15, 118, 428, '10:00:00', 0, '2025-09-05'),
(2697, 10, 40, 294, '09:00:00', 1, '2025-09-04'),
(2698, 7, 71, 204, '10:00:00', 1, '2025-09-02'),
(2699, 6, 64, 152, '09:00:00', 1, '2025-09-04'),
(2700, 12, 92, 343, '15:00:00', 1, '2025-09-01'),
(2701, 15, 116, 450, '15:00:00', 1, '2025-09-01'),
(2702, 4, 28, 102, '10:00:00', 1, '2025-09-03'),
(2703, 1, 4, 21, '15:00:00', 1, '2025-09-01'),
(2704, 14, 108, 394, '10:00:00', 1, '2025-09-03'),
(2705, 7, 68, 194, '10:00:00', 1, '2025-09-03'),
(2706, 15, 120, 440, '15:00:00', 1, '2025-09-05'),
(2707, 6, 63, 180, '16:00:00', 1, '2025-09-03'),
(2708, 4, 32, 103, '09:00:00', 1, '2025-09-04'),
(2709, 7, 69, 205, '12:00:00', 1, '2025-09-03'),
(2710, 3, 24, 78, '15:00:00', 1, '2025-09-05'),
(2711, 15, 117, 431, '16:00:00', 0, '2025-09-01'),
(2712, 3, 23, 63, '16:00:00', 1, '2025-09-03'),
(2713, 14, 108, 404, '16:00:00', 1, '2025-09-04'),
(2714, 7, 66, 201, '16:00:00', 0, '2025-09-02'),
(2715, 8, 73, 229, '10:00:00', 1, '2025-09-04'),
(2716, 13, 104, 382, '15:00:00', 1, '2025-09-05'),
(2717, 5, 48, 121, '12:00:00', 1, '2025-09-02'),
(2718, 3, 17, 75, '16:00:00', 1, '2025-09-05'),
(2719, 2, 15, 46, '12:00:00', 1, '2025-09-05'),
(2720, 2, 15, 36, '16:00:00', 1, '2025-09-03'),
(2721, 9, 83, 245, '15:00:00', 1, '2025-09-04'),
(2722, 12, 96, 342, '12:00:00', 1, '2025-09-02'),
(2723, 6, 61, 180, '12:00:00', 1, '2025-09-03'),
(2724, 12, 91, 342, '09:00:00', 1, '2025-09-03'),
(2725, 1, 6, 3, '15:00:00', 1, '2025-09-03'),
(2726, 13, 103, 378, '16:00:00', 1, '2025-09-03'),
(2727, 10, 39, 281, '16:00:00', 1, '2025-09-03'),
(2728, 13, 99, 366, '12:00:00', 1, '2025-09-01'),
(2729, 7, 66, 184, '16:00:00', 1, '2025-09-02'),
(2730, 5, 41, 128, '15:00:00', 1, '2025-09-02'),
(2731, 3, 21, 81, '16:00:00', 1, '2025-09-01'),
(2732, 6, 58, 154, '12:00:00', 1, '2025-09-04'),
(2733, 8, 74, 225, '16:00:00', 1, '2025-09-02'),
(2734, 3, 20, 74, '16:00:00', 1, '2025-09-04'),
(2735, 2, 15, 34, '16:00:00', 1, '2025-09-03'),
(2736, 14, 112, 416, '15:00:00', 1, '2025-09-05'),
(2737, 15, 118, 434, '15:00:00', 1, '2025-09-03'),
(2738, 14, 105, 396, '10:00:00', 1, '2025-09-04'),
(2739, 1, 7, 1, '10:00:00', 1, '2025-09-02'),
(2740, 2, 9, 31, '16:00:00', 1, '2025-09-05'),
(2741, 12, 96, 336, '12:00:00', 0, '2025-09-02'),
(2742, 13, 104, 390, '12:00:00', 1, '2025-09-02'),
(2743, 2, 10, 36, '16:00:00', 1, '2025-09-02'),
(2744, 14, 112, 405, '15:00:00', 1, '2025-09-05'),
(2745, 12, 91, 357, '09:00:00', 1, '2025-09-03'),
(2746, 9, 81, 252, '09:00:00', 1, '2025-09-01'),
(2747, 5, 48, 128, '09:00:00', 1, '2025-09-04'),
(2748, 8, 73, 232, '10:00:00', 1, '2025-09-04'),
(2749, 6, 63, 157, '12:00:00', 1, '2025-09-05'),
(2750, 11, 49, 321, '10:00:00', 1, '2025-09-04'),
(2751, 1, 3, 14, '15:00:00', 1, '2025-09-04'),
(2752, 5, 41, 123, '09:00:00', 1, '2025-09-01'),
(2753, 15, 115, 443, '15:00:00', 1, '2025-09-04'),
(2754, 10, 34, 283, '10:00:00', 1, '2025-09-01'),
(2755, 12, 93, 352, '16:00:00', 1, '2025-09-01'),
(2756, 2, 15, 33, '12:00:00', 1, '2025-09-05'),
(2757, 9, 86, 267, '15:00:00', 1, '2025-09-03'),
(2758, 8, 79, 239, '12:00:00', 1, '2025-09-05'),
(2759, 5, 45, 126, '16:00:00', 1, '2025-09-01'),
(2760, 12, 94, 340, '10:00:00', 1, '2025-09-05'),
(2761, 7, 68, 183, '10:00:00', 1, '2025-09-03'),
(2762, 3, 24, 63, '09:00:00', 1, '2025-09-04'),
(2763, 12, 91, 356, '12:00:00', 1, '2025-09-01'),
(2764, 2, 9, 53, '09:00:00', 1, '2025-09-01'),
(2765, 14, 105, 416, '10:00:00', 1, '2025-09-04'),
(2766, 14, 111, 400, '10:00:00', 1, '2025-09-02'),
(2767, 4, 31, 120, '12:00:00', 1, '2025-09-05'),
(2768, 11, 51, 327, '15:00:00', 0, '2025-09-04'),
(2769, 14, 108, 399, '16:00:00', 1, '2025-09-04'),
(2770, 4, 27, 104, '15:00:00', 1, '2025-09-04'),
(2771, 11, 55, 310, '16:00:00', 1, '2025-09-03'),
(2772, 13, 102, 379, '15:00:00', 1, '2025-09-03'),
(2773, 14, 107, 405, '15:00:00', 1, '2025-09-04'),
(2774, 9, 88, 266, '15:00:00', 0, '2025-09-05'),
(2775, 2, 16, 40, '12:00:00', 1, '2025-09-02'),
(2776, 8, 78, 222, '15:00:00', 1, '2025-09-03'),
(2777, 3, 20, 73, '15:00:00', 1, '2025-09-01'),
(2778, 8, 75, 230, '15:00:00', 1, '2025-09-04'),
(2779, 12, 91, 333, '12:00:00', 0, '2025-09-01'),
(2780, 3, 20, 71, '10:00:00', 1, '2025-09-03'),
(2781, 6, 57, 159, '16:00:00', 1, '2025-09-05'),
(2782, 10, 34, 297, '10:00:00', 1, '2025-09-01'),
(2783, 13, 100, 372, '15:00:00', 1, '2025-09-01'),
(2784, 1, 8, 12, '12:00:00', 1, '2025-09-02'),
(2785, 9, 83, 248, '09:00:00', 1, '2025-09-03'),
(2786, 5, 43, 131, '09:00:00', 1, '2025-09-03'),
(2787, 8, 77, 221, '12:00:00', 1, '2025-09-03'),
(2788, 8, 73, 231, '16:00:00', 1, '2025-09-05'),
(2789, 8, 80, 240, '12:00:00', 1, '2025-09-02'),
(2790, 2, 16, 40, '15:00:00', 1, '2025-09-05'),
(2791, 9, 83, 247, '09:00:00', 1, '2025-09-03'),
(2792, 8, 80, 212, '09:00:00', 1, '2025-09-04'),
(2793, 11, 52, 310, '15:00:00', 0, '2025-09-01'),
(2794, 9, 86, 256, '10:00:00', 1, '2025-09-05'),
(2795, 5, 42, 123, '12:00:00', 1, '2025-09-04'),
(2796, 5, 47, 126, '16:00:00', 1, '2025-09-03'),
(2797, 8, 74, 231, '10:00:00', 1, '2025-09-01'),
(2798, 3, 22, 90, '15:00:00', 1, '2025-09-03'),
(2799, 5, 45, 133, '16:00:00', 1, '2025-09-01'),
(2800, 13, 99, 386, '12:00:00', 1, '2025-09-01'),
(2801, 3, 19, 71, '12:00:00', 1, '2025-09-01'),
(2802, 12, 90, 334, '12:00:00', 0, '2025-09-04'),
(2803, 12, 91, 336, '15:00:00', 1, '2025-09-04'),
(2804, 3, 18, 83, '16:00:00', 1, '2025-09-02'),
(2805, 12, 89, 337, '15:00:00', 1, '2025-09-02'),
(2806, 7, 70, 196, '10:00:00', 1, '2025-09-05'),
(2807, 3, 24, 74, '12:00:00', 1, '2025-09-02'),
(2808, 7, 67, 203, '09:00:00', 1, '2025-09-03'),
(2809, 2, 10, 56, '12:00:00', 1, '2025-09-04'),
(2810, 6, 58, 161, '12:00:00', 1, '2025-09-04'),
(2811, 11, 55, 319, '10:00:00', 0, '2025-09-02'),
(2812, 5, 41, 137, '16:00:00', 1, '2025-09-05'),
(2813, 6, 62, 173, '09:00:00', 1, '2025-09-02'),
(2814, 6, 63, 174, '10:00:00', 1, '2025-09-02'),
(2815, 3, 17, 61, '10:00:00', 1, '2025-09-04'),
(2816, 14, 108, 392, '10:00:00', 1, '2025-09-03'),
(2817, 4, 25, 119, '09:00:00', 1, '2025-09-01'),
(2818, 5, 48, 133, '15:00:00', 1, '2025-09-05'),
(2819, 5, 48, 136, '09:00:00', 1, '2025-09-04'),
(2820, 2, 12, 48, '16:00:00', 1, '2025-09-04'),
(2821, 13, 101, 371, '12:00:00', 1, '2025-09-03'),
(2822, 1, 3, 13, '12:00:00', 0, '2025-09-01'),
(2823, 9, 88, 250, '12:00:00', 1, '2025-09-02'),
(2824, 8, 80, 222, '12:00:00', 1, '2025-09-02'),
(2825, 1, 5, 1, '12:00:00', 1, '2025-09-03'),
(2826, 7, 69, 186, '16:00:00', 1, '2025-09-01'),
(2827, 12, 89, 348, '09:00:00', 1, '2025-09-01'),
(2828, 6, 64, 154, '12:00:00', 1, '2025-09-02'),
(2829, 10, 39, 294, '16:00:00', 1, '2025-09-03'),
(2830, 6, 62, 151, '15:00:00', 1, '2025-09-03'),
(2831, 12, 96, 346, '15:00:00', 1, '2025-09-05'),
(2832, 5, 44, 147, '16:00:00', 1, '2025-09-04'),
(2833, 13, 99, 368, '12:00:00', 1, '2025-09-01'),
(2834, 14, 105, 399, '15:00:00', 1, '2025-09-02'),
(2835, 9, 82, 250, '12:00:00', 1, '2025-09-04'),
(2836, 5, 44, 125, '10:00:00', 1, '2025-09-03'),
(2837, 10, 33, 291, '16:00:00', 0, '2025-09-05'),
(2838, 13, 103, 372, '16:00:00', 1, '2025-09-03'),
(2839, 13, 99, 372, '12:00:00', 0, '2025-09-01'),
(2840, 9, 87, 265, '12:00:00', 1, '2025-09-05'),
(2841, 5, 47, 142, '12:00:00', 1, '2025-09-05'),
(2842, 13, 104, 362, '09:00:00', 1, '2025-09-04'),
(2843, 4, 26, 97, '16:00:00', 0, '2025-09-02'),
(2844, 11, 56, 304, '15:00:00', 1, '2025-09-05'),
(2845, 5, 45, 139, '09:00:00', 1, '2025-09-05'),
(2846, 2, 14, 33, '10:00:00', 0, '2025-09-05'),
(2847, 5, 44, 122, '10:00:00', 1, '2025-09-03'),
(2848, 13, 101, 372, '16:00:00', 1, '2025-09-01'),
(2849, 11, 54, 329, '10:00:00', 1, '2025-09-05'),
(2850, 10, 37, 290, '09:00:00', 1, '2025-09-05'),
(2851, 13, 100, 387, '15:00:00', 1, '2025-09-01'),
(2852, 5, 42, 150, '16:00:00', 0, '2025-09-02'),
(2853, 4, 29, 105, '09:00:00', 1, '2025-09-05'),
(2854, 1, 8, 7, '12:00:00', 0, '2025-09-02'),
(2855, 11, 51, 330, '15:00:00', 1, '2025-09-04'),
(2856, 13, 101, 365, '12:00:00', 1, '2025-09-03'),
(2857, 1, 3, 13, '15:00:00', 1, '2025-09-04'),
(2858, 1, 6, 9, '09:00:00', 1, '2025-09-02'),
(2859, 12, 95, 347, '16:00:00', 1, '2025-09-03'),
(2860, 2, 9, 32, '10:00:00', 1, '2025-09-04'),
(2861, 13, 98, 367, '12:00:00', 1, '2025-09-04'),
(2862, 14, 109, 394, '09:00:00', 1, '2025-09-05'),
(2863, 4, 26, 109, '16:00:00', 1, '2025-09-02'),
(2864, 4, 31, 94, '10:00:00', 1, '2025-09-02'),
(2865, 9, 85, 241, '09:00:00', 1, '2025-09-05'),
(2866, 2, 13, 53, '12:00:00', 1, '2025-09-03'),
(2867, 1, 7, 19, '10:00:00', 0, '2025-09-02'),
(2868, 6, 64, 156, '12:00:00', 1, '2025-09-02'),
(2869, 5, 44, 145, '10:00:00', 1, '2025-09-03'),
(2870, 5, 41, 130, '10:00:00', 1, '2025-09-04'),
(2871, 10, 38, 281, '10:00:00', 1, '2025-09-05'),
(2872, 10, 36, 273, '10:00:00', 1, '2025-09-03'),
(2873, 2, 9, 38, '09:00:00', 1, '2025-09-01'),
(2874, 12, 93, 335, '09:00:00', 1, '2025-09-05'),
(2875, 9, 85, 253, '09:00:00', 1, '2025-09-05'),
(2876, 7, 71, 197, '10:00:00', 1, '2025-09-02'),
(2877, 12, 95, 351, '16:00:00', 1, '2025-09-03'),
(2878, 15, 114, 440, '12:00:00', 1, '2025-09-04'),
(2879, 10, 40, 280, '09:00:00', 1, '2025-09-04'),
(2880, 12, 91, 354, '15:00:00', 1, '2025-09-04'),
(2881, 9, 87, 268, '12:00:00', 1, '2025-09-05'),
(2882, 11, 54, 325, '10:00:00', 0, '2025-09-05'),
(2883, 5, 41, 142, '16:00:00', 1, '2025-09-05'),
(2884, 9, 81, 267, '10:00:00', 1, '2025-09-04'),
(2885, 4, 31, 101, '10:00:00', 1, '2025-09-02'),
(2886, 15, 120, 444, '09:00:00', 0, '2025-09-04'),
(2887, 4, 26, 116, '10:00:00', 1, '2025-09-01'),
(2888, 11, 56, 322, '15:00:00', 1, '2025-09-05'),
(2889, 2, 15, 46, '16:00:00', 1, '2025-09-03'),
(2890, 4, 27, 116, '12:00:00', 1, '2025-09-01'),
(2891, 1, 3, 4, '09:00:00', 1, '2025-09-03'),
(2892, 9, 81, 253, '16:00:00', 0, '2025-09-05'),
(2893, 2, 13, 50, '12:00:00', 1, '2025-09-03'),
(2894, 4, 31, 116, '10:00:00', 1, '2025-09-02'),
(2895, 5, 44, 143, '16:00:00', 0, '2025-09-04'),
(2896, 8, 73, 217, '16:00:00', 1, '2025-09-05'),
(2897, 13, 98, 385, '10:00:00', 1, '2025-09-01'),
(2898, 12, 96, 342, '09:00:00', 1, '2025-09-04'),
(2899, 15, 119, 430, '10:00:00', 1, '2025-09-02'),
(2900, 11, 51, 311, '09:00:00', 1, '2025-09-03'),
(2901, 5, 43, 142, '12:00:00', 1, '2025-09-01'),
(2902, 4, 25, 92, '10:00:00', 1, '2025-09-04'),
(2903, 9, 82, 251, '16:00:00', 1, '2025-09-02'),
(2904, 9, 81, 256, '16:00:00', 1, '2025-09-05'),
(2905, 12, 89, 358, '09:00:00', 1, '2025-09-01'),
(2906, 15, 120, 433, '09:00:00', 1, '2025-09-04'),
(2907, 3, 21, 78, '12:00:00', 1, '2025-09-03'),
(2908, 4, 27, 109, '12:00:00', 1, '2025-09-01'),
(2909, 9, 81, 258, '16:00:00', 0, '2025-09-05'),
(2910, 14, 105, 406, '15:00:00', 0, '2025-09-02'),
(2911, 9, 83, 252, '09:00:00', 0, '2025-09-03'),
(2912, 10, 35, 286, '12:00:00', 1, '2025-09-01'),
(2913, 3, 20, 84, '16:00:00', 1, '2025-09-04'),
(2914, 15, 115, 433, '15:00:00', 1, '2025-09-04'),
(2915, 11, 50, 313, '16:00:00', 1, '2025-09-02'),
(2916, 8, 74, 229, '16:00:00', 1, '2025-09-02'),
(2917, 9, 84, 255, '10:00:00', 1, '2025-09-03'),
(2918, 2, 11, 56, '15:00:00', 1, '2025-09-04'),
(2919, 4, 30, 110, '09:00:00', 1, '2025-09-02'),
(2920, 1, 7, 2, '10:00:00', 1, '2025-09-02'),
(2921, 8, 80, 236, '12:00:00', 1, '2025-09-02'),
(2922, 8, 73, 211, '15:00:00', 1, '2025-09-02'),
(2923, 7, 67, 193, '12:00:00', 1, '2025-09-01'),
(2924, 9, 84, 258, '10:00:00', 1, '2025-09-03'),
(2925, 1, 6, 16, '15:00:00', 1, '2025-09-03'),
(2926, 4, 31, 119, '10:00:00', 1, '2025-09-02'),
(2927, 6, 60, 173, '10:00:00', 1, '2025-09-03'),
(2928, 2, 15, 55, '16:00:00', 1, '2025-09-03'),
(2929, 2, 14, 31, '15:00:00', 1, '2025-09-03'),
(2930, 15, 119, 421, '10:00:00', 1, '2025-09-02'),
(2931, 11, 51, 301, '12:00:00', 0, '2025-09-01'),
(2932, 15, 117, 422, '16:00:00', 1, '2025-09-01'),
(2933, 15, 119, 444, '16:00:00', 1, '2025-09-03'),
(2934, 7, 67, 192, '12:00:00', 1, '2025-09-01'),
(2935, 12, 93, 337, '09:00:00', 1, '2025-09-05'),
(2936, 14, 109, 399, '16:00:00', 0, '2025-09-01'),
(2937, 15, 115, 435, '12:00:00', 0, '2025-09-01'),
(2938, 13, 103, 371, '10:00:00', 1, '2025-09-02'),
(2939, 1, 2, 27, '16:00:00', 1, '2025-09-02'),
(2940, 7, 69, 185, '09:00:00', 1, '2025-09-05'),
(2941, 11, 51, 305, '15:00:00', 1, '2025-09-04'),
(2942, 13, 103, 375, '16:00:00', 1, '2025-09-03'),
(2943, 12, 96, 346, '09:00:00', 1, '2025-09-04'),
(2944, 1, 8, 20, '12:00:00', 1, '2025-09-02'),
(2945, 15, 119, 443, '10:00:00', 1, '2025-09-02'),
(2946, 1, 1, 7, '10:00:00', 1, '2025-09-04'),
(2947, 11, 55, 327, '16:00:00', 1, '2025-09-03'),
(2948, 7, 69, 202, '09:00:00', 1, '2025-09-05'),
(2949, 9, 82, 248, '10:00:00', 1, '2025-09-01'),
(2950, 11, 49, 326, '09:00:00', 1, '2025-09-01'),
(2951, 15, 115, 421, '09:00:00', 1, '2025-09-03'),
(2952, 11, 55, 317, '12:00:00', 1, '2025-09-05'),
(2953, 10, 40, 285, '15:00:00', 1, '2025-09-05'),
(2954, 11, 55, 321, '12:00:00', 0, '2025-09-05'),
(2955, 9, 81, 257, '10:00:00', 1, '2025-09-04'),
(2956, 6, 62, 173, '15:00:00', 1, '2025-09-03'),
(2957, 1, 2, 11, '10:00:00', 1, '2025-09-01'),
(2958, 11, 49, 327, '09:00:00', 0, '2025-09-01'),
(2959, 6, 64, 162, '09:00:00', 1, '2025-09-04'),
(2960, 7, 70, 191, '10:00:00', 1, '2025-09-05'),
(2961, 7, 69, 198, '16:00:00', 1, '2025-09-01'),
(2962, 14, 109, 397, '12:00:00', 1, '2025-09-03'),
(2963, 9, 81, 269, '15:00:00', 1, '2025-09-02'),
(2964, 2, 12, 50, '16:00:00', 1, '2025-09-04'),
(2965, 14, 106, 420, '12:00:00', 1, '2025-09-04'),
(2966, 10, 40, 276, '09:00:00', 0, '2025-09-04'),
(2967, 15, 119, 440, '10:00:00', 1, '2025-09-02'),
(2968, 6, 60, 160, '10:00:00', 1, '2025-09-03'),
(2969, 1, 7, 27, '16:00:00', 1, '2025-09-03'),
(2970, 7, 71, 194, '16:00:00', 1, '2025-09-03'),
(2971, 15, 114, 430, '10:00:00', 1, '2025-09-01'),
(2972, 9, 88, 242, '09:00:00', 1, '2025-09-04'),
(2973, 8, 77, 232, '12:00:00', 0, '2025-09-03'),
(2974, 6, 58, 164, '10:00:00', 1, '2025-09-01'),
(2975, 6, 57, 153, '09:00:00', 1, '2025-09-01'),
(2976, 11, 53, 312, '16:00:00', 1, '2025-09-01'),
(2977, 8, 79, 211, '12:00:00', 1, '2025-09-05'),
(2978, 4, 29, 103, '09:00:00', 1, '2025-09-05'),
(2979, 14, 107, 416, '12:00:00', 1, '2025-09-01'),
(2980, 8, 78, 235, '10:00:00', 1, '2025-09-05'),
(2981, 4, 25, 91, '10:00:00', 1, '2025-09-04'),
(2982, 5, 44, 130, '16:00:00', 1, '2025-09-04'),
(2983, 1, 1, 12, '09:00:00', 1, '2025-09-01'),
(2984, 2, 11, 50, '15:00:00', 1, '2025-09-04'),
(2985, 8, 78, 225, '09:00:00', 1, '2025-09-02'),
(2986, 15, 114, 424, '12:00:00', 1, '2025-09-04'),
(2987, 3, 23, 86, '16:00:00', 1, '2025-09-03'),
(2988, 3, 23, 85, '10:00:00', 1, '2025-09-02'),
(2989, 15, 114, 440, '16:00:00', 1, '2025-09-02'),
(2990, 11, 49, 330, '09:00:00', 1, '2025-09-01'),
(2991, 10, 36, 296, '10:00:00', 1, '2025-09-03'),
(2992, 9, 88, 256, '15:00:00', 1, '2025-09-05'),
(2993, 10, 33, 271, '09:00:00', 1, '2025-09-01'),
(2994, 11, 54, 303, '15:00:00', 1, '2025-09-03'),
(2995, 4, 30, 102, '09:00:00', 1, '2025-09-02'),
(2996, 6, 60, 159, '15:00:00', 1, '2025-09-01'),
(2997, 14, 108, 404, '10:00:00', 0, '2025-09-03'),
(2998, 4, 28, 116, '10:00:00', 1, '2025-09-03'),
(2999, 15, 113, 421, '10:00:00', 1, '2025-09-04'),
(3000, 13, 97, 365, '16:00:00', 1, '2025-09-05'),
(3001, 6, 64, 179, '15:00:00', 0, '2025-09-05'),
(3002, 11, 50, 330, '10:00:00', 1, '2025-09-01'),
(3003, 1, 1, 18, '09:00:00', 1, '2025-09-01'),
(3004, 9, 87, 257, '10:00:00', 1, '2025-09-02'),
(3005, 8, 80, 223, '09:00:00', 1, '2025-09-04'),
(3006, 9, 83, 257, '12:00:00', 1, '2025-09-01'),
(3007, 6, 64, 155, '15:00:00', 1, '2025-09-05'),
(3008, 6, 63, 173, '12:00:00', 1, '2025-09-05'),
(3009, 4, 27, 92, '15:00:00', 1, '2025-09-04'),
(3010, 13, 104, 372, '15:00:00', 1, '2025-09-05'),
(3011, 8, 78, 211, '10:00:00', 1, '2025-09-05'),
(3012, 8, 77, 230, '12:00:00', 1, '2025-09-03'),
(3013, 14, 105, 416, '09:00:00', 1, '2025-09-01'),
(3014, 2, 16, 50, '09:00:00', 1, '2025-09-04'),
(3015, 8, 77, 214, '09:00:00', 1, '2025-09-05'),
(3016, 8, 80, 237, '09:00:00', 1, '2025-09-04'),
(3017, 14, 111, 404, '12:00:00', 1, '2025-09-05'),
(3018, 11, 54, 302, '09:00:00', 0, '2025-09-02'),
(3019, 12, 95, 337, '16:00:00', 1, '2025-09-03'),
(3020, 10, 36, 294, '15:00:00', 1, '2025-09-01'),
(3021, 12, 89, 359, '09:00:00', 1, '2025-09-01'),
(3022, 12, 90, 341, '10:00:00', 1, '2025-09-01'),
(3023, 5, 44, 124, '10:00:00', 1, '2025-09-03'),
(3024, 6, 63, 177, '12:00:00', 1, '2025-09-05'),
(3025, 1, 1, 17, '16:00:00', 1, '2025-09-05'),
(3026, 15, 117, 447, '16:00:00', 1, '2025-09-01'),
(3027, 12, 95, 331, '16:00:00', 1, '2025-09-03'),
(3028, 15, 115, 442, '12:00:00', 1, '2025-09-01'),
(3029, 15, 118, 431, '10:00:00', 1, '2025-09-05'),
(3030, 8, 75, 221, '12:00:00', 1, '2025-09-01'),
(3031, 1, 5, 19, '16:00:00', 1, '2025-09-01'),
(3032, 3, 18, 79, '16:00:00', 1, '2025-09-02'),
(3033, 4, 32, 101, '09:00:00', 1, '2025-09-04'),
(3034, 12, 89, 347, '16:00:00', 1, '2025-09-05'),
(3035, 9, 87, 251, '10:00:00', 1, '2025-09-02'),
(3036, 2, 16, 51, '12:00:00', 1, '2025-09-02'),
(3037, 13, 101, 369, '09:00:00', 1, '2025-09-05'),
(3038, 4, 25, 109, '10:00:00', 1, '2025-09-04'),
(3039, 14, 108, 411, '16:00:00', 0, '2025-09-04'),
(3040, 10, 35, 281, '12:00:00', 1, '2025-09-01'),
(3041, 8, 80, 211, '15:00:00', 1, '2025-09-05'),
(3042, 14, 112, 417, '09:00:00', 1, '2025-09-04'),
(3043, 14, 107, 398, '12:00:00', 1, '2025-09-01'),
(3044, 12, 94, 342, '10:00:00', 1, '2025-09-05'),
(3045, 3, 24, 64, '15:00:00', 1, '2025-09-05'),
(3046, 2, 12, 46, '16:00:00', 1, '2025-09-04'),
(3047, 13, 99, 369, '15:00:00', 1, '2025-09-04'),
(3048, 5, 46, 122, '10:00:00', 1, '2025-09-05'),
(3049, 5, 41, 126, '16:00:00', 1, '2025-09-05'),
(3050, 1, 4, 8, '10:00:00', 1, '2025-09-03'),
(3051, 10, 34, 271, '10:00:00', 1, '2025-09-01'),
(3052, 13, 101, 368, '09:00:00', 1, '2025-09-05'),
(3053, 4, 25, 97, '16:00:00', 1, '2025-09-05'),
(3054, 3, 21, 80, '16:00:00', 1, '2025-09-01'),
(3055, 3, 23, 83, '16:00:00', 1, '2025-09-03'),
(3056, 8, 80, 217, '12:00:00', 1, '2025-09-02'),
(3057, 8, 73, 229, '16:00:00', 0, '2025-09-05'),
(3058, 13, 102, 389, '15:00:00', 1, '2025-09-03'),
(3059, 3, 20, 73, '10:00:00', 1, '2025-09-03'),
(3060, 6, 60, 164, '10:00:00', 1, '2025-09-03'),
(3061, 3, 21, 88, '16:00:00', 1, '2025-09-01'),
(3062, 13, 103, 361, '16:00:00', 0, '2025-09-03'),
(3063, 4, 25, 96, '16:00:00', 0, '2025-09-05'),
(3064, 13, 100, 373, '16:00:00', 1, '2025-09-04'),
(3065, 8, 80, 231, '09:00:00', 1, '2025-09-04'),
(3066, 14, 105, 401, '09:00:00', 1, '2025-09-01'),
(3067, 2, 16, 43, '15:00:00', 1, '2025-09-05'),
(3068, 7, 70, 192, '09:00:00', 1, '2025-09-02'),
(3069, 7, 65, 204, '09:00:00', 1, '2025-09-01'),
(3070, 14, 105, 415, '09:00:00', 1, '2025-09-01'),
(3071, 14, 110, 392, '10:00:00', 1, '2025-09-05'),
(3072, 5, 47, 128, '16:00:00', 1, '2025-09-03'),
(3073, 3, 21, 66, '12:00:00', 1, '2025-09-03'),
(3074, 4, 29, 102, '16:00:00', 1, '2025-09-01'),
(3075, 14, 106, 398, '16:00:00', 1, '2025-09-02'),
(3076, 4, 26, 111, '12:00:00', 1, '2025-09-04'),
(3077, 9, 81, 270, '10:00:00', 1, '2025-09-04'),
(3078, 1, 4, 9, '15:00:00', 1, '2025-09-01'),
(3079, 9, 84, 255, '16:00:00', 1, '2025-09-04'),
(3080, 5, 41, 139, '15:00:00', 1, '2025-09-02'),
(3081, 7, 72, 181, '09:00:00', 1, '2025-09-04'),
(3082, 3, 23, 73, '10:00:00', 1, '2025-09-02'),
(3083, 8, 74, 212, '10:00:00', 1, '2025-09-01'),
(3084, 7, 70, 199, '09:00:00', 1, '2025-09-02'),
(3085, 3, 24, 62, '09:00:00', 0, '2025-09-04'),
(3086, 1, 4, 3, '16:00:00', 1, '2025-09-04'),
(3087, 2, 11, 37, '09:00:00', 1, '2025-09-03'),
(3088, 8, 74, 238, '16:00:00', 1, '2025-09-02'),
(3089, 5, 42, 144, '16:00:00', 1, '2025-09-02'),
(3090, 6, 57, 176, '16:00:00', 1, '2025-09-05'),
(3091, 8, 76, 225, '10:00:00', 1, '2025-09-03'),
(3092, 10, 35, 276, '12:00:00', 1, '2025-09-01'),
(3093, 8, 78, 220, '10:00:00', 0, '2025-09-05'),
(3094, 15, 115, 450, '15:00:00', 1, '2025-09-04'),
(3095, 8, 80, 229, '09:00:00', 1, '2025-09-04'),
(3096, 9, 84, 259, '16:00:00', 1, '2025-09-04'),
(3097, 13, 99, 371, '09:00:00', 0, '2025-09-03'),
(3098, 4, 29, 118, '16:00:00', 1, '2025-09-01'),
(3099, 1, 5, 17, '16:00:00', 1, '2025-09-01'),
(3100, 3, 19, 72, '09:00:00', 1, '2025-09-03'),
(3101, 4, 28, 104, '15:00:00', 1, '2025-09-01'),
(3102, 1, 4, 23, '15:00:00', 1, '2025-09-01'),
(3103, 4, 25, 109, '16:00:00', 1, '2025-09-05'),
(3104, 12, 92, 358, '15:00:00', 1, '2025-09-01'),
(3105, 3, 17, 87, '09:00:00', 1, '2025-09-01'),
(3106, 6, 57, 178, '10:00:00', 1, '2025-09-04'),
(3107, 4, 26, 106, '10:00:00', 0, '2025-09-01'),
(3108, 7, 68, 182, '16:00:00', 1, '2025-09-04'),
(3109, 14, 107, 406, '09:00:00', 1, '2025-09-03'),
(3110, 7, 65, 201, '15:00:00', 1, '2025-09-02'),
(3111, 12, 94, 344, '10:00:00', 0, '2025-09-05'),
(3112, 1, 1, 7, '15:00:00', 1, '2025-09-02'),
(3113, 5, 44, 140, '10:00:00', 1, '2025-09-03'),
(3114, 9, 87, 258, '16:00:00', 1, '2025-09-03'),
(3115, 13, 103, 385, '10:00:00', 1, '2025-09-02'),
(3116, 15, 116, 421, '16:00:00', 1, '2025-09-04'),
(3117, 8, 73, 224, '15:00:00', 1, '2025-09-02'),
(3118, 9, 86, 260, '09:00:00', 1, '2025-09-02'),
(3119, 9, 84, 260, '10:00:00', 1, '2025-09-03'),
(3120, 14, 112, 402, '15:00:00', 1, '2025-09-05'),
(3121, 5, 43, 136, '12:00:00', 1, '2025-09-01'),
(3122, 5, 47, 148, '16:00:00', 1, '2025-09-03'),
(3123, 15, 119, 436, '10:00:00', 1, '2025-09-02'),
(3124, 15, 119, 445, '10:00:00', 0, '2025-09-02'),
(3125, 4, 30, 97, '15:00:00', 1, '2025-09-03'),
(3126, 9, 82, 261, '10:00:00', 1, '2025-09-01'),
(3127, 4, 31, 97, '12:00:00', 1, '2025-09-05'),
(3128, 5, 43, 145, '12:00:00', 1, '2025-09-01'),
(3129, 4, 25, 118, '16:00:00', 1, '2025-09-05'),
(3130, 14, 106, 415, '12:00:00', 1, '2025-09-04'),
(3131, 13, 98, 379, '16:00:00', 1, '2025-09-02'),
(3132, 6, 57, 165, '10:00:00', 1, '2025-09-04'),
(3133, 12, 89, 345, '09:00:00', 1, '2025-09-01'),
(3134, 9, 81, 242, '10:00:00', 1, '2025-09-04'),
(3135, 15, 115, 440, '09:00:00', 0, '2025-09-03'),
(3136, 9, 83, 253, '12:00:00', 1, '2025-09-01'),
(3137, 15, 119, 435, '10:00:00', 0, '2025-09-02'),
(3138, 3, 18, 67, '16:00:00', 1, '2025-09-02'),
(3139, 7, 71, 201, '10:00:00', 0, '2025-09-02'),
(3140, 3, 19, 65, '09:00:00', 1, '2025-09-03'),
(3141, 5, 46, 127, '15:00:00', 1, '2025-09-03'),
(3142, 15, 117, 435, '09:00:00', 1, '2025-09-05'),
(3143, 1, 2, 27, '12:00:00', 1, '2025-09-04'),
(3144, 6, 61, 164, '12:00:00', 1, '2025-09-03'),
(3145, 8, 75, 240, '09:00:00', 1, '2025-09-03'),
(3146, 6, 59, 169, '09:00:00', 1, '2025-09-03'),
(3147, 4, 28, 92, '15:00:00', 1, '2025-09-01'),
(3148, 2, 10, 51, '16:00:00', 1, '2025-09-02'),
(3149, 9, 83, 264, '09:00:00', 1, '2025-09-03'),
(3150, 14, 112, 402, '09:00:00', 1, '2025-09-04'),
(3151, 10, 39, 280, '16:00:00', 1, '2025-09-03'),
(3152, 8, 80, 221, '09:00:00', 1, '2025-09-04'),
(3153, 4, 30, 116, '10:00:00', 1, '2025-09-05'),
(3154, 14, 105, 395, '09:00:00', 1, '2025-09-01'),
(3155, 6, 63, 167, '12:00:00', 1, '2025-09-05'),
(3156, 6, 64, 166, '15:00:00', 1, '2025-09-05'),
(3157, 5, 44, 137, '15:00:00', 1, '2025-09-01'),
(3158, 6, 58, 165, '12:00:00', 1, '2025-09-04'),
(3159, 10, 35, 292, '15:00:00', 1, '2025-09-04'),
(3160, 7, 66, 201, '10:00:00', 0, '2025-09-01'),
(3161, 10, 33, 295, '15:00:00', 1, '2025-09-02'),
(3162, 4, 29, 96, '12:00:00', 1, '2025-09-03'),
(3163, 4, 28, 98, '10:00:00', 1, '2025-09-03'),
(3164, 4, 25, 91, '09:00:00', 1, '2025-09-01'),
(3165, 2, 10, 44, '16:00:00', 1, '2025-09-02'),
(3166, 1, 1, 28, '16:00:00', 1, '2025-09-05'),
(3167, 11, 53, 316, '12:00:00', 1, '2025-09-03'),
(3168, 6, 63, 171, '16:00:00', 1, '2025-09-03'),
(3169, 11, 53, 308, '12:00:00', 1, '2025-09-03'),
(3170, 3, 22, 66, '10:00:00', 1, '2025-09-05'),
(3171, 7, 67, 199, '12:00:00', 1, '2025-09-01'),
(3172, 1, 4, 14, '15:00:00', 1, '2025-09-01'),
(3173, 9, 86, 250, '15:00:00', 1, '2025-09-03'),
(3174, 7, 71, 181, '12:00:00', 1, '2025-09-05'),
(3175, 9, 84, 257, '10:00:00', 1, '2025-09-03'),
(3176, 1, 4, 3, '15:00:00', 1, '2025-09-01'),
(3177, 9, 85, 263, '16:00:00', 0, '2025-09-01'),
(3178, 10, 38, 275, '10:00:00', 1, '2025-09-05'),
(3179, 8, 80, 218, '09:00:00', 0, '2025-09-04'),
(3180, 4, 26, 111, '16:00:00', 1, '2025-09-02'),
(3181, 14, 112, 415, '12:00:00', 1, '2025-09-02'),
(3182, 14, 111, 398, '10:00:00', 0, '2025-09-02'),
(3183, 13, 102, 385, '15:00:00', 1, '2025-09-03'),
(3184, 15, 119, 438, '16:00:00', 1, '2025-09-03'),
(3185, 10, 36, 295, '10:00:00', 1, '2025-09-03'),
(3186, 15, 113, 444, '09:00:00', 1, '2025-09-01'),
(3187, 10, 33, 288, '09:00:00', 1, '2025-09-01'),
(3188, 6, 63, 167, '10:00:00', 1, '2025-09-02'),
(3189, 7, 69, 200, '16:00:00', 1, '2025-09-01'),
(3190, 4, 31, 108, '12:00:00', 1, '2025-09-05'),
(3191, 13, 102, 369, '15:00:00', 1, '2025-09-03'),
(3192, 9, 81, 270, '16:00:00', 1, '2025-09-05'),
(3193, 15, 116, 432, '15:00:00', 1, '2025-09-01'),
(3194, 11, 51, 305, '09:00:00', 0, '2025-09-03'),
(3195, 4, 26, 92, '12:00:00', 1, '2025-09-04'),
(3196, 7, 67, 188, '12:00:00', 1, '2025-09-01'),
(3197, 13, 99, 380, '09:00:00', 0, '2025-09-03'),
(3198, 8, 73, 227, '16:00:00', 0, '2025-09-05'),
(3199, 2, 12, 31, '15:00:00', 1, '2025-09-01'),
(3200, 4, 31, 105, '10:00:00', 1, '2025-09-02'),
(3201, 15, 115, 432, '09:00:00', 0, '2025-09-03'),
(3202, 9, 88, 248, '12:00:00', 1, '2025-09-02'),
(3203, 15, 117, 429, '16:00:00', 1, '2025-09-01'),
(3204, 13, 102, 377, '10:00:00', 1, '2025-09-05'),
(3205, 4, 27, 104, '12:00:00', 1, '2025-09-01'),
(3206, 15, 114, 445, '10:00:00', 1, '2025-09-01'),
(3207, 9, 87, 256, '16:00:00', 1, '2025-09-03'),
(3208, 9, 81, 248, '10:00:00', 1, '2025-09-04'),
(3209, 2, 13, 44, '12:00:00', 1, '2025-09-03'),
(3210, 1, 8, 1, '15:00:00', 0, '2025-09-05'),
(3211, 5, 42, 122, '10:00:00', 1, '2025-09-01'),
(3212, 15, 116, 424, '16:00:00', 1, '2025-09-04'),
(3213, 1, 8, 30, '15:00:00', 1, '2025-09-05'),
(3214, 13, 98, 375, '16:00:00', 1, '2025-09-02'),
(3215, 8, 79, 224, '12:00:00', 1, '2025-09-05'),
(3216, 4, 25, 95, '09:00:00', 1, '2025-09-01'),
(3217, 15, 118, 435, '10:00:00', 1, '2025-09-05'),
(3218, 11, 49, 307, '10:00:00', 1, '2025-09-04'),
(3219, 1, 7, 24, '16:00:00', 1, '2025-09-03'),
(3220, 9, 83, 264, '15:00:00', 1, '2025-09-04'),
(3221, 14, 107, 411, '15:00:00', 1, '2025-09-04'),
(3222, 5, 41, 123, '16:00:00', 1, '2025-09-05'),
(3223, 14, 109, 410, '16:00:00', 1, '2025-09-01'),
(3224, 13, 100, 366, '10:00:00', 1, '2025-09-03'),
(3225, 6, 64, 162, '15:00:00', 1, '2025-09-05'),
(3226, 3, 24, 63, '15:00:00', 1, '2025-09-05'),
(3227, 2, 12, 52, '10:00:00', 1, '2025-09-03'),
(3228, 7, 71, 183, '16:00:00', 1, '2025-09-03'),
(3229, 10, 37, 282, '12:00:00', 1, '2025-09-03'),
(3230, 14, 107, 404, '15:00:00', 1, '2025-09-04'),
(3231, 11, 51, 313, '15:00:00', 1, '2025-09-04'),
(3232, 11, 53, 309, '12:00:00', 1, '2025-09-03'),
(3233, 13, 97, 389, '15:00:00', 1, '2025-09-02'),
(3234, 1, 1, 22, '09:00:00', 1, '2025-09-01'),
(3235, 3, 19, 61, '12:00:00', 1, '2025-09-01'),
(3236, 2, 12, 45, '16:00:00', 1, '2025-09-04'),
(3237, 3, 24, 80, '09:00:00', 1, '2025-09-04'),
(3238, 9, 85, 255, '09:00:00', 1, '2025-09-05'),
(3239, 14, 106, 414, '10:00:00', 1, '2025-09-01'),
(3240, 3, 19, 77, '12:00:00', 1, '2025-09-01'),
(3241, 11, 49, 325, '15:00:00', 1, '2025-09-02'),
(3242, 15, 118, 439, '10:00:00', 1, '2025-09-05'),
(3243, 6, 58, 168, '16:00:00', 1, '2025-09-02'),
(3244, 5, 41, 133, '16:00:00', 1, '2025-09-05'),
(3245, 3, 23, 87, '12:00:00', 1, '2025-09-05'),
(3246, 10, 36, 297, '15:00:00', 1, '2025-09-01'),
(3247, 6, 60, 159, '16:00:00', 1, '2025-09-04'),
(3248, 8, 74, 218, '12:00:00', 1, '2025-09-04'),
(3249, 2, 12, 35, '16:00:00', 1, '2025-09-04'),
(3250, 2, 13, 50, '16:00:00', 0, '2025-09-01'),
(3251, 1, 3, 30, '09:00:00', 1, '2025-09-03'),
(3252, 14, 111, 400, '16:00:00', 1, '2025-09-03'),
(3253, 1, 1, 25, '16:00:00', 1, '2025-09-05'),
(3254, 9, 87, 270, '16:00:00', 1, '2025-09-03'),
(3255, 9, 84, 252, '16:00:00', 1, '2025-09-04'),
(3256, 6, 63, 152, '16:00:00', 1, '2025-09-03'),
(3257, 8, 74, 226, '16:00:00', 1, '2025-09-02'),
(3258, 13, 98, 370, '10:00:00', 1, '2025-09-01'),
(3259, 3, 24, 87, '12:00:00', 0, '2025-09-02'),
(3260, 14, 107, 414, '12:00:00', 1, '2025-09-01'),
(3261, 8, 73, 230, '15:00:00', 1, '2025-09-02'),
(3262, 6, 64, 153, '09:00:00', 1, '2025-09-04'),
(3263, 10, 36, 291, '10:00:00', 1, '2025-09-03'),
(3264, 3, 24, 71, '12:00:00', 1, '2025-09-02'),
(3265, 7, 72, 191, '15:00:00', 1, '2025-09-05'),
(3266, 1, 8, 17, '09:00:00', 1, '2025-09-04'),
(3267, 5, 42, 129, '10:00:00', 1, '2025-09-01'),
(3268, 2, 12, 33, '10:00:00', 1, '2025-09-03'),
(3269, 6, 63, 175, '10:00:00', 1, '2025-09-02'),
(3270, 13, 104, 377, '09:00:00', 1, '2025-09-04'),
(3271, 13, 104, 363, '12:00:00', 1, '2025-09-02'),
(3272, 7, 70, 206, '15:00:00', 1, '2025-09-03'),
(3273, 5, 41, 129, '10:00:00', 1, '2025-09-04'),
(3274, 3, 21, 72, '16:00:00', 1, '2025-09-01'),
(3275, 10, 36, 300, '15:00:00', 1, '2025-09-01'),
(3276, 13, 97, 389, '09:00:00', 1, '2025-09-01'),
(3277, 14, 111, 410, '16:00:00', 1, '2025-09-03'),
(3278, 14, 110, 416, '09:00:00', 1, '2025-09-02'),
(3279, 9, 82, 241, '12:00:00', 1, '2025-09-04'),
(3280, 8, 80, 226, '09:00:00', 1, '2025-09-04'),
(3281, 7, 66, 195, '16:00:00', 1, '2025-09-02'),
(3282, 4, 28, 115, '15:00:00', 1, '2025-09-01'),
(3283, 3, 20, 75, '16:00:00', 1, '2025-09-04'),
(3284, 11, 56, 301, '12:00:00', 1, '2025-09-02'),
(3285, 3, 17, 75, '10:00:00', 1, '2025-09-04'),
(3286, 1, 8, 3, '12:00:00', 1, '2025-09-02'),
(3287, 13, 100, 367, '10:00:00', 1, '2025-09-03'),
(3288, 2, 16, 51, '09:00:00', 1, '2025-09-04'),
(3289, 2, 10, 56, '16:00:00', 1, '2025-09-02'),
(3290, 3, 18, 72, '16:00:00', 0, '2025-09-02'),
(3291, 5, 44, 138, '15:00:00', 1, '2025-09-01'),
(3292, 10, 39, 292, '12:00:00', 0, '2025-09-05'),
(3293, 10, 34, 292, '16:00:00', 1, '2025-09-02'),
(3294, 1, 3, 6, '12:00:00', 1, '2025-09-01'),
(3295, 2, 15, 49, '12:00:00', 1, '2025-09-05'),
(3296, 11, 53, 324, '16:00:00', 1, '2025-09-01'),
(3297, 1, 2, 19, '16:00:00', 1, '2025-09-02'),
(3298, 1, 6, 29, '15:00:00', 1, '2025-09-03'),
(3299, 13, 103, 367, '16:00:00', 0, '2025-09-03'),
(3300, 2, 16, 60, '12:00:00', 1, '2025-09-02'),
(3301, 11, 52, 329, '10:00:00', 1, '2025-09-03'),
(3302, 5, 43, 122, '09:00:00', 1, '2025-09-03'),
(3303, 14, 106, 398, '10:00:00', 1, '2025-09-01'),
(3304, 11, 55, 321, '10:00:00', 1, '2025-09-02'),
(3305, 6, 62, 167, '09:00:00', 1, '2025-09-02'),
(3306, 8, 78, 216, '10:00:00', 1, '2025-09-05'),
(3307, 12, 90, 352, '16:00:00', 0, '2025-09-02'),
(3308, 2, 13, 50, '09:00:00', 1, '2025-09-05'),
(3309, 13, 100, 387, '10:00:00', 1, '2025-09-03'),
(3310, 13, 98, 382, '12:00:00', 1, '2025-09-04'),
(3311, 11, 51, 301, '09:00:00', 1, '2025-09-03'),
(3312, 5, 48, 147, '09:00:00', 1, '2025-09-04'),
(3313, 6, 63, 165, '12:00:00', 1, '2025-09-05'),
(3314, 1, 8, 25, '15:00:00', 1, '2025-09-05'),
(3315, 14, 109, 401, '12:00:00', 1, '2025-09-03'),
(3316, 14, 106, 419, '10:00:00', 1, '2025-09-01'),
(3317, 7, 65, 201, '16:00:00', 1, '2025-09-05'),
(3318, 1, 2, 23, '10:00:00', 1, '2025-09-01'),
(3319, 6, 60, 169, '16:00:00', 1, '2025-09-04'),
(3320, 8, 79, 240, '10:00:00', 1, '2025-09-02'),
(3321, 2, 10, 46, '10:00:00', 1, '2025-09-01'),
(3322, 13, 100, 379, '15:00:00', 0, '2025-09-01'),
(3323, 15, 120, 447, '12:00:00', 1, '2025-09-02'),
(3324, 1, 7, 30, '12:00:00', 1, '2025-09-05'),
(3325, 5, 46, 140, '15:00:00', 1, '2025-09-03'),
(3326, 1, 4, 8, '16:00:00', 1, '2025-09-04'),
(3327, 8, 79, 221, '16:00:00', 1, '2025-09-03'),
(3328, 3, 20, 77, '16:00:00', 1, '2025-09-04'),
(3329, 1, 3, 19, '12:00:00', 1, '2025-09-01'),
(3330, 13, 99, 376, '15:00:00', 1, '2025-09-04'),
(3331, 9, 83, 251, '15:00:00', 1, '2025-09-04'),
(3332, 11, 56, 318, '09:00:00', 1, '2025-09-04'),
(3333, 12, 93, 338, '12:00:00', 1, '2025-09-03'),
(3334, 6, 63, 165, '16:00:00', 1, '2025-09-03'),
(3335, 4, 30, 103, '10:00:00', 1, '2025-09-05'),
(3336, 3, 24, 80, '15:00:00', 1, '2025-09-05'),
(3337, 11, 49, 318, '10:00:00', 1, '2025-09-04'),
(3338, 10, 38, 288, '15:00:00', 1, '2025-09-03'),
(3339, 2, 9, 60, '15:00:00', 1, '2025-09-02'),
(3340, 6, 60, 162, '15:00:00', 1, '2025-09-01'),
(3341, 3, 24, 73, '15:00:00', 1, '2025-09-05'),
(3342, 14, 106, 411, '16:00:00', 1, '2025-09-02'),
(3343, 14, 105, 392, '09:00:00', 1, '2025-09-01'),
(3344, 8, 74, 230, '16:00:00', 1, '2025-09-02'),
(3345, 12, 90, 341, '16:00:00', 1, '2025-09-02'),
(3346, 8, 74, 225, '12:00:00', 1, '2025-09-04'),
(3347, 4, 26, 101, '10:00:00', 1, '2025-09-01'),
(3348, 9, 81, 262, '16:00:00', 1, '2025-09-05'),
(3349, 7, 70, 181, '10:00:00', 0, '2025-09-05'),
(3350, 13, 98, 387, '12:00:00', 1, '2025-09-04'),
(3351, 13, 99, 380, '15:00:00', 1, '2025-09-04'),
(3352, 8, 78, 214, '10:00:00', 1, '2025-09-05'),
(3353, 6, 57, 168, '10:00:00', 1, '2025-09-04'),
(3354, 13, 100, 367, '15:00:00', 1, '2025-09-01'),
(3355, 14, 110, 398, '10:00:00', 1, '2025-09-05'),
(3356, 2, 16, 57, '09:00:00', 1, '2025-09-04'),
(3357, 14, 111, 418, '10:00:00', 1, '2025-09-02'),
(3358, 8, 80, 234, '12:00:00', 1, '2025-09-02'),
(3359, 9, 84, 252, '10:00:00', 1, '2025-09-03'),
(3360, 4, 28, 107, '16:00:00', 1, '2025-09-04'),
(3361, 6, 63, 172, '10:00:00', 1, '2025-09-02'),
(3362, 11, 54, 306, '09:00:00', 1, '2025-09-02'),
(3363, 4, 31, 112, '12:00:00', 1, '2025-09-05'),
(3364, 5, 44, 126, '15:00:00', 0, '2025-09-01'),
(3365, 3, 21, 90, '09:00:00', 1, '2025-09-05'),
(3366, 4, 30, 110, '10:00:00', 1, '2025-09-05'),
(3367, 13, 97, 361, '15:00:00', 0, '2025-09-02'),
(3368, 8, 74, 224, '10:00:00', 1, '2025-09-01'),
(3369, 5, 47, 121, '16:00:00', 1, '2025-09-03'),
(3370, 8, 80, 234, '15:00:00', 1, '2025-09-05'),
(3371, 7, 72, 201, '12:00:00', 1, '2025-09-02'),
(3372, 1, 5, 11, '09:00:00', 1, '2025-09-05'),
(3373, 3, 20, 79, '10:00:00', 1, '2025-09-03'),
(3374, 2, 11, 32, '09:00:00', 0, '2025-09-03'),
(3375, 3, 23, 82, '12:00:00', 1, '2025-09-05'),
(3376, 9, 81, 264, '15:00:00', 1, '2025-09-02'),
(3377, 7, 67, 207, '09:00:00', 1, '2025-09-03'),
(3378, 10, 38, 287, '10:00:00', 1, '2025-09-05'),
(3379, 13, 101, 380, '16:00:00', 1, '2025-09-01'),
(3380, 1, 2, 20, '16:00:00', 1, '2025-09-02'),
(3381, 15, 114, 429, '10:00:00', 1, '2025-09-01'),
(3382, 2, 10, 41, '12:00:00', 1, '2025-09-04'),
(3383, 3, 21, 88, '09:00:00', 1, '2025-09-05'),
(3384, 12, 90, 348, '12:00:00', 1, '2025-09-04'),
(3385, 5, 41, 125, '16:00:00', 0, '2025-09-05'),
(3386, 7, 72, 190, '12:00:00', 1, '2025-09-02'),
(3387, 9, 84, 251, '10:00:00', 1, '2025-09-03'),
(3388, 1, 2, 5, '12:00:00', 1, '2025-09-04'),
(3389, 11, 51, 325, '09:00:00', 1, '2025-09-03'),
(3390, 3, 18, 63, '16:00:00', 1, '2025-09-02'),
(3391, 3, 23, 86, '10:00:00', 1, '2025-09-02'),
(3392, 10, 33, 289, '15:00:00', 0, '2025-09-02'),
(3393, 15, 117, 428, '16:00:00', 1, '2025-09-01'),
(3394, 13, 100, 384, '15:00:00', 1, '2025-09-01'),
(3395, 1, 5, 20, '09:00:00', 1, '2025-09-05'),
(3396, 7, 66, 200, '12:00:00', 1, '2025-09-04'),
(3397, 12, 89, 341, '09:00:00', 1, '2025-09-01'),
(3398, 8, 75, 216, '12:00:00', 0, '2025-09-01'),
(3399, 11, 56, 327, '15:00:00', 1, '2025-09-05'),
(3400, 13, 99, 370, '09:00:00', 1, '2025-09-03'),
(3401, 2, 15, 50, '16:00:00', 0, '2025-09-03'),
(3402, 6, 61, 173, '16:00:00', 1, '2025-09-01'),
(3403, 9, 83, 254, '12:00:00', 1, '2025-09-01'),
(3404, 6, 60, 176, '15:00:00', 1, '2025-09-01'),
(3405, 9, 85, 267, '16:00:00', 1, '2025-09-01'),
(3406, 10, 40, 293, '12:00:00', 1, '2025-09-02'),
(3407, 7, 70, 206, '10:00:00', 1, '2025-09-05'),
(3408, 3, 22, 83, '09:00:00', 1, '2025-09-02'),
(3409, 8, 79, 211, '10:00:00', 0, '2025-09-02'),
(3410, 7, 67, 210, '12:00:00', 1, '2025-09-01'),
(3411, 15, 114, 447, '12:00:00', 1, '2025-09-04'),
(3412, 5, 48, 146, '12:00:00', 1, '2025-09-02'),
(3413, 8, 80, 219, '15:00:00', 1, '2025-09-05'),
(3414, 12, 90, 351, '10:00:00', 1, '2025-09-01'),
(3415, 10, 33, 283, '15:00:00', 1, '2025-09-02'),
(3416, 3, 24, 83, '15:00:00', 1, '2025-09-05'),
(3417, 11, 55, 316, '10:00:00', 0, '2025-09-02'),
(3418, 13, 97, 375, '10:00:00', 1, '2025-09-04'),
(3419, 2, 10, 54, '12:00:00', 1, '2025-09-04'),
(3420, 6, 64, 171, '15:00:00', 1, '2025-09-05'),
(3421, 5, 45, 141, '16:00:00', 1, '2025-09-01'),
(3422, 15, 120, 429, '15:00:00', 1, '2025-09-05'),
(3423, 13, 97, 369, '16:00:00', 1, '2025-09-05'),
(3424, 12, 89, 349, '10:00:00', 0, '2025-09-04'),
(3425, 13, 104, 370, '15:00:00', 1, '2025-09-05'),
(3426, 1, 8, 20, '09:00:00', 1, '2025-09-04'),
(3427, 13, 102, 385, '10:00:00', 1, '2025-09-05'),
(3428, 9, 83, 249, '09:00:00', 1, '2025-09-03'),
(3429, 10, 35, 276, '15:00:00', 1, '2025-09-04'),
(3430, 3, 18, 61, '10:00:00', 1, '2025-09-01'),
(3431, 2, 14, 35, '10:00:00', 1, '2025-09-05'),
(3432, 1, 3, 8, '15:00:00', 1, '2025-09-04'),
(3433, 2, 11, 58, '15:00:00', 1, '2025-09-04'),
(3434, 3, 18, 76, '16:00:00', 1, '2025-09-02'),
(3435, 6, 62, 172, '10:00:00', 1, '2025-09-05'),
(3436, 5, 45, 148, '16:00:00', 1, '2025-09-01'),
(3437, 9, 87, 246, '16:00:00', 1, '2025-09-03'),
(3438, 9, 81, 251, '10:00:00', 1, '2025-09-04'),
(3439, 5, 48, 125, '12:00:00', 1, '2025-09-02'),
(3440, 7, 65, 187, '15:00:00', 1, '2025-09-02'),
(3441, 14, 110, 397, '09:00:00', 0, '2025-09-02'),
(3442, 3, 20, 72, '15:00:00', 0, '2025-09-01'),
(3443, 7, 71, 208, '16:00:00', 1, '2025-09-03'),
(3444, 2, 15, 49, '10:00:00', 1, '2025-09-02'),
(3445, 6, 64, 173, '15:00:00', 1, '2025-09-05'),
(3446, 15, 118, 449, '15:00:00', 0, '2025-09-03'),
(3447, 15, 113, 440, '16:00:00', 1, '2025-09-05'),
(3448, 2, 12, 45, '15:00:00', 1, '2025-09-01'),
(3449, 7, 68, 210, '16:00:00', 1, '2025-09-04'),
(3450, 15, 113, 426, '16:00:00', 1, '2025-09-05'),
(3451, 2, 11, 41, '15:00:00', 0, '2025-09-04'),
(3452, 10, 33, 285, '15:00:00', 1, '2025-09-02'),
(3453, 15, 119, 442, '12:00:00', 1, '2025-09-05'),
(3454, 11, 55, 309, '16:00:00', 1, '2025-09-03'),
(3455, 15, 113, 447, '16:00:00', 0, '2025-09-05'),
(3456, 14, 108, 397, '15:00:00', 1, '2025-09-01'),
(3457, 6, 57, 176, '09:00:00', 1, '2025-09-01'),
(3458, 11, 55, 306, '10:00:00', 1, '2025-09-02'),
(3459, 6, 59, 175, '12:00:00', 1, '2025-09-01'),
(3460, 14, 111, 406, '16:00:00', 1, '2025-09-03'),
(3461, 10, 34, 297, '12:00:00', 1, '2025-09-04'),
(3462, 8, 76, 216, '15:00:00', 1, '2025-09-01'),
(3463, 7, 68, 185, '15:00:00', 1, '2025-09-01'),
(3464, 1, 4, 8, '15:00:00', 1, '2025-09-01'),
(3465, 5, 48, 145, '15:00:00', 1, '2025-09-05'),
(3466, 1, 1, 23, '10:00:00', 1, '2025-09-04'),
(3467, 6, 64, 156, '15:00:00', 0, '2025-09-05'),
(3468, 13, 97, 381, '09:00:00', 1, '2025-09-01'),
(3469, 8, 74, 223, '12:00:00', 1, '2025-09-04'),
(3470, 4, 31, 104, '12:00:00', 1, '2025-09-05'),
(3471, 15, 119, 448, '16:00:00', 1, '2025-09-03'),
(3472, 7, 66, 192, '16:00:00', 1, '2025-09-02'),
(3473, 6, 63, 170, '10:00:00', 0, '2025-09-02'),
(3474, 8, 77, 223, '12:00:00', 1, '2025-09-03'),
(3475, 5, 45, 124, '12:00:00', 0, '2025-09-03'),
(3476, 7, 65, 181, '10:00:00', 1, '2025-09-04'),
(3477, 6, 60, 152, '10:00:00', 1, '2025-09-03'),
(3478, 5, 43, 149, '12:00:00', 1, '2025-09-01'),
(3479, 2, 15, 31, '16:00:00', 1, '2025-09-03'),
(3480, 3, 19, 62, '09:00:00', 1, '2025-09-03'),
(3481, 15, 113, 441, '09:00:00', 0, '2025-09-01'),
(3482, 6, 64, 166, '09:00:00', 1, '2025-09-04'),
(3483, 10, 40, 300, '15:00:00', 0, '2025-09-05'),
(3484, 5, 41, 135, '09:00:00', 1, '2025-09-01'),
(3485, 2, 9, 59, '09:00:00', 0, '2025-09-01'),
(3486, 11, 51, 303, '15:00:00', 1, '2025-09-04'),
(3487, 11, 52, 330, '15:00:00', 1, '2025-09-01'),
(3488, 5, 41, 134, '10:00:00', 1, '2025-09-04'),
(3489, 6, 60, 162, '10:00:00', 1, '2025-09-03'),
(3490, 10, 39, 273, '10:00:00', 1, '2025-09-02'),
(3491, 15, 115, 450, '09:00:00', 1, '2025-09-03'),
(3492, 8, 73, 216, '09:00:00', 1, '2025-09-01'),
(3493, 8, 79, 236, '12:00:00', 1, '2025-09-05'),
(3494, 5, 42, 125, '12:00:00', 1, '2025-09-04'),
(3495, 2, 9, 41, '10:00:00', 1, '2025-09-04'),
(3496, 1, 1, 15, '10:00:00', 1, '2025-09-04'),
(3497, 13, 97, 364, '16:00:00', 1, '2025-09-05'),
(3498, 4, 30, 107, '09:00:00', 1, '2025-09-02'),
(3499, 7, 68, 194, '15:00:00', 1, '2025-09-01'),
(3500, 7, 71, 188, '12:00:00', 1, '2025-09-05'),
(3501, 7, 66, 190, '12:00:00', 1, '2025-09-04'),
(3502, 11, 54, 327, '09:00:00', 0, '2025-09-02'),
(3503, 3, 20, 85, '15:00:00', 1, '2025-09-01'),
(3504, 10, 33, 297, '09:00:00', 1, '2025-09-01'),
(3505, 12, 89, 341, '10:00:00', 1, '2025-09-04'),
(3506, 9, 82, 254, '12:00:00', 1, '2025-09-04'),
(3507, 9, 81, 249, '15:00:00', 1, '2025-09-02'),
(3508, 4, 25, 101, '16:00:00', 0, '2025-09-05'),
(3509, 11, 53, 314, '09:00:00', 1, '2025-09-05'),
(3510, 7, 72, 206, '12:00:00', 1, '2025-09-02'),
(3511, 13, 98, 372, '12:00:00', 1, '2025-09-04'),
(3512, 14, 109, 414, '09:00:00', 1, '2025-09-05'),
(3513, 6, 58, 166, '16:00:00', 1, '2025-09-02'),
(3514, 8, 76, 227, '10:00:00', 1, '2025-09-03'),
(3515, 9, 87, 256, '10:00:00', 1, '2025-09-02'),
(3516, 10, 33, 299, '10:00:00', 1, '2025-09-04'),
(3517, 5, 47, 140, '10:00:00', 1, '2025-09-02'),
(3518, 14, 112, 410, '15:00:00', 1, '2025-09-05'),
(3519, 5, 43, 121, '15:00:00', 1, '2025-09-04'),
(3520, 11, 50, 304, '10:00:00', 1, '2025-09-01'),
(3521, 14, 112, 407, '09:00:00', 1, '2025-09-04'),
(3522, 6, 64, 152, '15:00:00', 0, '2025-09-05'),
(3523, 10, 39, 294, '10:00:00', 0, '2025-09-02'),
(3524, 8, 78, 233, '10:00:00', 1, '2025-09-05'),
(3525, 14, 112, 411, '09:00:00', 1, '2025-09-04'),
(3526, 2, 13, 44, '16:00:00', 1, '2025-09-01'),
(3527, 4, 29, 111, '12:00:00', 1, '2025-09-03'),
(3528, 5, 45, 138, '09:00:00', 1, '2025-09-05'),
(3529, 4, 30, 105, '15:00:00', 0, '2025-09-03'),
(3530, 14, 107, 394, '12:00:00', 1, '2025-09-01'),
(3531, 11, 50, 314, '12:00:00', 1, '2025-09-04'),
(3532, 7, 70, 204, '10:00:00', 1, '2025-09-05'),
(3533, 13, 103, 367, '10:00:00', 1, '2025-09-02'),
(3534, 8, 80, 226, '12:00:00', 1, '2025-09-02'),
(3535, 15, 117, 447, '09:00:00', 1, '2025-09-05'),
(3536, 1, 3, 12, '09:00:00', 1, '2025-09-03'),
(3537, 12, 94, 355, '09:00:00', 1, '2025-09-02'),
(3538, 4, 26, 110, '10:00:00', 1, '2025-09-01'),
(3539, 5, 44, 149, '15:00:00', 1, '2025-09-01'),
(3540, 1, 7, 12, '10:00:00', 1, '2025-09-02'),
(3541, 9, 81, 268, '10:00:00', 1, '2025-09-04'),
(3542, 9, 84, 247, '16:00:00', 1, '2025-09-04'),
(3543, 12, 91, 358, '15:00:00', 0, '2025-09-04'),
(3544, 13, 101, 378, '09:00:00', 1, '2025-09-05'),
(3545, 6, 59, 165, '09:00:00', 1, '2025-09-03'),
(3546, 1, 6, 27, '10:00:00', 1, '2025-09-05'),
(3547, 14, 109, 411, '12:00:00', 1, '2025-09-03'),
(3548, 14, 105, 408, '15:00:00', 1, '2025-09-02'),
(3549, 12, 96, 339, '15:00:00', 1, '2025-09-05'),
(3550, 5, 45, 128, '12:00:00', 0, '2025-09-03'),
(3551, 14, 111, 392, '16:00:00', 1, '2025-09-03'),
(3552, 15, 113, 434, '15:00:00', 1, '2025-09-02'),
(3553, 12, 93, 348, '09:00:00', 1, '2025-09-05'),
(3554, 2, 9, 40, '09:00:00', 1, '2025-09-01'),
(3555, 6, 58, 164, '16:00:00', 1, '2025-09-02'),
(3556, 13, 102, 376, '15:00:00', 1, '2025-09-03'),
(3557, 9, 87, 264, '16:00:00', 1, '2025-09-03'),
(3558, 5, 41, 122, '15:00:00', 1, '2025-09-02'),
(3559, 10, 37, 278, '09:00:00', 1, '2025-09-05'),
(3560, 9, 88, 267, '15:00:00', 1, '2025-09-05'),
(3561, 13, 102, 372, '15:00:00', 1, '2025-09-03'),
(3562, 12, 96, 341, '12:00:00', 1, '2025-09-02'),
(3563, 4, 25, 119, '15:00:00', 1, '2025-09-02'),
(3564, 5, 44, 127, '16:00:00', 1, '2025-09-04'),
(3565, 1, 7, 14, '16:00:00', 1, '2025-09-03'),
(3566, 13, 104, 366, '12:00:00', 1, '2025-09-02'),
(3567, 9, 87, 260, '12:00:00', 1, '2025-09-05'),
(3568, 7, 71, 182, '10:00:00', 1, '2025-09-02'),
(3569, 15, 116, 446, '15:00:00', 1, '2025-09-01'),
(3570, 10, 37, 274, '16:00:00', 0, '2025-09-01'),
(3571, 2, 11, 34, '12:00:00', 1, '2025-09-01'),
(3572, 3, 24, 63, '12:00:00', 1, '2025-09-02'),
(3573, 9, 85, 244, '09:00:00', 1, '2025-09-05'),
(3574, 12, 93, 355, '16:00:00', 1, '2025-09-01'),
(3575, 9, 83, 252, '15:00:00', 1, '2025-09-04'),
(3576, 4, 28, 109, '16:00:00', 1, '2025-09-04'),
(3577, 15, 116, 432, '10:00:00', 0, '2025-09-03'),
(3578, 13, 101, 378, '12:00:00', 1, '2025-09-03'),
(3579, 1, 7, 22, '10:00:00', 1, '2025-09-02'),
(3580, 4, 25, 120, '09:00:00', 0, '2025-09-01'),
(3581, 11, 56, 313, '15:00:00', 0, '2025-09-05'),
(3582, 10, 34, 284, '12:00:00', 1, '2025-09-04'),
(3583, 14, 106, 408, '16:00:00', 1, '2025-09-02'),
(3584, 5, 48, 139, '12:00:00', 1, '2025-09-02'),
(3585, 12, 95, 342, '16:00:00', 1, '2025-09-03'),
(3586, 2, 15, 45, '16:00:00', 1, '2025-09-03'),
(3587, 13, 100, 377, '15:00:00', 1, '2025-09-01'),
(3588, 15, 119, 446, '12:00:00', 1, '2025-09-05'),
(3589, 6, 59, 161, '12:00:00', 1, '2025-09-01'),
(3590, 14, 107, 411, '12:00:00', 0, '2025-09-01'),
(3591, 5, 45, 135, '09:00:00', 1, '2025-09-05'),
(3592, 10, 36, 288, '16:00:00', 1, '2025-09-04'),
(3593, 15, 115, 444, '12:00:00', 1, '2025-09-01'),
(3594, 13, 101, 367, '09:00:00', 0, '2025-09-05'),
(3595, 15, 117, 448, '12:00:00', 1, '2025-09-03'),
(3596, 12, 89, 335, '10:00:00', 1, '2025-09-04'),
(3597, 6, 64, 165, '09:00:00', 1, '2025-09-04'),
(3598, 11, 52, 308, '10:00:00', 1, '2025-09-03'),
(3599, 4, 25, 99, '09:00:00', 1, '2025-09-01'),
(3600, 12, 94, 350, '15:00:00', 1, '2025-09-03'),
(3601, 12, 93, 358, '16:00:00', 1, '2025-09-01'),
(3602, 2, 13, 37, '12:00:00', 1, '2025-09-03'),
(3603, 9, 84, 268, '16:00:00', 1, '2025-09-04'),
(3604, 2, 15, 52, '12:00:00', 1, '2025-09-05'),
(3605, 5, 47, 147, '12:00:00', 0, '2025-09-05'),
(3606, 5, 47, 147, '10:00:00', 0, '2025-09-02'),
(3607, 1, 4, 5, '16:00:00', 1, '2025-09-04'),
(3608, 15, 120, 448, '15:00:00', 1, '2025-09-05'),
(3609, 10, 35, 284, '12:00:00', 1, '2025-09-01'),
(3610, 9, 87, 251, '12:00:00', 1, '2025-09-05'),
(3611, 13, 101, 378, '16:00:00', 1, '2025-09-01'),
(3612, 10, 39, 285, '12:00:00', 1, '2025-09-05'),
(3613, 8, 73, 240, '10:00:00', 1, '2025-09-04'),
(3614, 15, 115, 425, '09:00:00', 1, '2025-09-03'),
(3615, 8, 75, 234, '15:00:00', 1, '2025-09-04'),
(3616, 1, 7, 11, '12:00:00', 1, '2025-09-05'),
(3617, 10, 39, 282, '12:00:00', 1, '2025-09-05'),
(3618, 9, 81, 258, '10:00:00', 1, '2025-09-04'),
(3619, 4, 25, 116, '16:00:00', 1, '2025-09-05'),
(3620, 10, 39, 280, '12:00:00', 1, '2025-09-05'),
(3621, 9, 85, 243, '12:00:00', 1, '2025-09-03'),
(3622, 9, 84, 249, '10:00:00', 1, '2025-09-03'),
(3623, 3, 23, 72, '12:00:00', 1, '2025-09-05'),
(3624, 2, 11, 31, '09:00:00', 1, '2025-09-03'),
(3625, 1, 6, 28, '15:00:00', 1, '2025-09-03'),
(3626, 8, 76, 235, '15:00:00', 1, '2025-09-01'),
(3627, 1, 6, 23, '15:00:00', 1, '2025-09-03'),
(3628, 11, 50, 313, '10:00:00', 1, '2025-09-01'),
(3629, 1, 3, 15, '15:00:00', 1, '2025-09-04'),
(3630, 15, 116, 429, '10:00:00', 1, '2025-09-03'),
(3631, 8, 77, 225, '09:00:00', 1, '2025-09-05'),
(3632, 12, 90, 343, '16:00:00', 1, '2025-09-02'),
(3633, 13, 99, 375, '15:00:00', 1, '2025-09-04'),
(3634, 7, 72, 184, '15:00:00', 1, '2025-09-05'),
(3635, 9, 84, 251, '16:00:00', 1, '2025-09-04'),
(3636, 12, 89, 358, '15:00:00', 1, '2025-09-02'),
(3637, 1, 8, 19, '15:00:00', 1, '2025-09-05'),
(3638, 5, 45, 140, '16:00:00', 1, '2025-09-01'),
(3639, 4, 25, 101, '09:00:00', 1, '2025-09-01'),
(3640, 13, 100, 376, '15:00:00', 1, '2025-09-01'),
(3641, 3, 23, 69, '16:00:00', 0, '2025-09-03'),
(3642, 12, 93, 353, '16:00:00', 1, '2025-09-01'),
(3643, 2, 9, 44, '09:00:00', 1, '2025-09-01'),
(3644, 14, 105, 413, '15:00:00', 1, '2025-09-02'),
(3645, 12, 94, 346, '09:00:00', 1, '2025-09-02'),
(3646, 1, 1, 6, '09:00:00', 1, '2025-09-01'),
(3647, 4, 30, 108, '09:00:00', 1, '2025-09-02'),
(3648, 6, 64, 170, '09:00:00', 1, '2025-09-04'),
(3649, 7, 66, 194, '12:00:00', 1, '2025-09-04'),
(3650, 12, 89, 331, '09:00:00', 1, '2025-09-01'),
(3651, 2, 13, 60, '09:00:00', 1, '2025-09-05'),
(3652, 8, 73, 229, '09:00:00', 1, '2025-09-01'),
(3653, 4, 25, 92, '15:00:00', 1, '2025-09-02'),
(3654, 8, 79, 232, '12:00:00', 1, '2025-09-05'),
(3655, 10, 36, 284, '15:00:00', 1, '2025-09-01'),
(3656, 6, 64, 177, '09:00:00', 1, '2025-09-04'),
(3657, 14, 111, 394, '16:00:00', 1, '2025-09-03'),
(3658, 15, 117, 439, '09:00:00', 1, '2025-09-05'),
(3659, 3, 18, 63, '12:00:00', 1, '2025-09-04'),
(3660, 3, 17, 71, '15:00:00', 1, '2025-09-02'),
(3661, 4, 26, 98, '10:00:00', 0, '2025-09-01'),
(3662, 2, 9, 60, '09:00:00', 1, '2025-09-01'),
(3663, 8, 78, 234, '10:00:00', 1, '2025-09-05'),
(3664, 3, 19, 66, '09:00:00', 1, '2025-09-03'),
(3665, 8, 80, 234, '09:00:00', 1, '2025-09-04'),
(3666, 6, 64, 164, '09:00:00', 1, '2025-09-04'),
(3667, 15, 115, 435, '15:00:00', 1, '2025-09-04'),
(3668, 13, 100, 374, '10:00:00', 1, '2025-09-03'),
(3669, 7, 65, 189, '09:00:00', 1, '2025-09-01'),
(3670, 6, 60, 178, '16:00:00', 0, '2025-09-04'),
(3671, 14, 105, 412, '15:00:00', 1, '2025-09-02'),
(3672, 3, 24, 61, '09:00:00', 1, '2025-09-04'),
(3673, 5, 42, 140, '16:00:00', 1, '2025-09-02'),
(3674, 4, 29, 115, '16:00:00', 1, '2025-09-01'),
(3675, 3, 24, 87, '15:00:00', 1, '2025-09-05'),
(3676, 9, 85, 252, '12:00:00', 1, '2025-09-03'),
(3677, 7, 67, 205, '09:00:00', 1, '2025-09-03'),
(3678, 7, 65, 181, '15:00:00', 1, '2025-09-02'),
(3679, 3, 19, 61, '09:00:00', 1, '2025-09-03'),
(3680, 6, 59, 168, '12:00:00', 1, '2025-09-01'),
(3681, 4, 31, 118, '10:00:00', 1, '2025-09-02'),
(3682, 2, 16, 43, '12:00:00', 1, '2025-09-02'),
(3683, 3, 17, 63, '15:00:00', 1, '2025-09-02'),
(3684, 8, 75, 218, '12:00:00', 1, '2025-09-01'),
(3685, 14, 112, 419, '15:00:00', 1, '2025-09-05'),
(3686, 10, 39, 300, '16:00:00', 0, '2025-09-03'),
(3687, 15, 114, 450, '12:00:00', 1, '2025-09-04'),
(3688, 14, 108, 397, '10:00:00', 0, '2025-09-03'),
(3689, 3, 22, 65, '10:00:00', 1, '2025-09-05'),
(3690, 12, 89, 332, '15:00:00', 1, '2025-09-02'),
(3691, 6, 61, 159, '12:00:00', 1, '2025-09-03'),
(3692, 3, 23, 80, '10:00:00', 1, '2025-09-02'),
(3693, 10, 35, 288, '12:00:00', 1, '2025-09-01'),
(3694, 6, 64, 164, '15:00:00', 1, '2025-09-05'),
(3695, 1, 6, 14, '15:00:00', 1, '2025-09-03'),
(3696, 8, 79, 222, '16:00:00', 1, '2025-09-03'),
(3697, 4, 26, 118, '12:00:00', 1, '2025-09-04'),
(3698, 4, 29, 108, '12:00:00', 1, '2025-09-03'),
(3699, 13, 103, 388, '16:00:00', 1, '2025-09-03'),
(3700, 5, 48, 134, '12:00:00', 1, '2025-09-02'),
(3701, 9, 88, 265, '09:00:00', 1, '2025-09-04'),
(3702, 7, 68, 203, '10:00:00', 1, '2025-09-03'),
(3703, 3, 19, 85, '09:00:00', 1, '2025-09-03'),
(3704, 15, 117, 433, '12:00:00', 1, '2025-09-03'),
(3705, 10, 35, 297, '12:00:00', 1, '2025-09-01'),
(3706, 6, 57, 160, '15:00:00', 1, '2025-09-02'),
(3707, 3, 23, 70, '12:00:00', 0, '2025-09-05'),
(3708, 3, 23, 62, '12:00:00', 1, '2025-09-05'),
(3709, 8, 78, 211, '15:00:00', 0, '2025-09-03'),
(3710, 2, 14, 43, '09:00:00', 1, '2025-09-02'),
(3711, 7, 69, 204, '16:00:00', 1, '2025-09-01'),
(3712, 10, 36, 286, '15:00:00', 1, '2025-09-01'),
(3713, 10, 39, 271, '16:00:00', 1, '2025-09-03'),
(3714, 1, 1, 15, '09:00:00', 1, '2025-09-01'),
(3715, 9, 84, 261, '10:00:00', 1, '2025-09-03'),
(3716, 2, 12, 43, '10:00:00', 1, '2025-09-03'),
(3717, 7, 71, 208, '10:00:00', 1, '2025-09-02'),
(3718, 2, 10, 40, '12:00:00', 1, '2025-09-04'),
(3719, 13, 99, 375, '09:00:00', 1, '2025-09-03'),
(3720, 1, 7, 29, '16:00:00', 1, '2025-09-03'),
(3721, 14, 105, 406, '10:00:00', 1, '2025-09-04'),
(3722, 10, 37, 292, '16:00:00', 1, '2025-09-01'),
(3723, 9, 86, 266, '10:00:00', 1, '2025-09-05'),
(3724, 3, 23, 87, '10:00:00', 1, '2025-09-02'),
(3725, 10, 40, 289, '15:00:00', 1, '2025-09-05'),
(3726, 4, 28, 119, '10:00:00', 1, '2025-09-03'),
(3727, 13, 97, 370, '09:00:00', 1, '2025-09-01'),
(3728, 5, 47, 140, '16:00:00', 1, '2025-09-03'),
(3729, 9, 81, 264, '16:00:00', 1, '2025-09-05'),
(3730, 6, 60, 163, '15:00:00', 1, '2025-09-01'),
(3731, 1, 6, 7, '10:00:00', 1, '2025-09-05'),
(3732, 8, 76, 223, '15:00:00', 1, '2025-09-01'),
(3733, 4, 25, 104, '16:00:00', 1, '2025-09-05'),
(3734, 15, 113, 431, '16:00:00', 1, '2025-09-05'),
(3735, 1, 1, 30, '16:00:00', 1, '2025-09-05'),
(3736, 13, 101, 390, '16:00:00', 1, '2025-09-01'),
(3737, 4, 26, 112, '16:00:00', 1, '2025-09-02'),
(3738, 3, 24, 68, '12:00:00', 1, '2025-09-02'),
(3739, 11, 56, 302, '15:00:00', 1, '2025-09-05'),
(3740, 5, 46, 142, '15:00:00', 1, '2025-09-03'),
(3741, 4, 25, 113, '10:00:00', 1, '2025-09-04'),
(3742, 4, 29, 95, '09:00:00', 1, '2025-09-05'),
(3743, 7, 67, 183, '15:00:00', 1, '2025-09-04'),
(3744, 13, 100, 375, '16:00:00', 1, '2025-09-04'),
(3745, 7, 69, 209, '12:00:00', 0, '2025-09-03'),
(3746, 5, 47, 136, '16:00:00', 1, '2025-09-03'),
(3747, 13, 101, 387, '09:00:00', 1, '2025-09-05'),
(3748, 4, 26, 94, '12:00:00', 1, '2025-09-04'),
(3749, 4, 31, 111, '10:00:00', 1, '2025-09-02'),
(3750, 10, 39, 299, '10:00:00', 1, '2025-09-02'),
(3751, 1, 4, 4, '15:00:00', 1, '2025-09-01'),
(3752, 15, 115, 433, '12:00:00', 1, '2025-09-01'),
(3753, 12, 91, 338, '12:00:00', 1, '2025-09-01'),
(3754, 14, 108, 395, '15:00:00', 1, '2025-09-01'),
(3755, 8, 79, 219, '16:00:00', 1, '2025-09-03'),
(3756, 4, 28, 106, '15:00:00', 1, '2025-09-01'),
(3757, 5, 46, 142, '09:00:00', 1, '2025-09-02'),
(3758, 2, 9, 55, '16:00:00', 1, '2025-09-05'),
(3759, 6, 57, 172, '10:00:00', 1, '2025-09-04'),
(3760, 6, 61, 166, '16:00:00', 1, '2025-09-01'),
(3761, 10, 36, 292, '10:00:00', 1, '2025-09-03'),
(3762, 1, 1, 11, '09:00:00', 1, '2025-09-01'),
(3763, 3, 20, 65, '15:00:00', 1, '2025-09-01'),
(3764, 10, 34, 293, '12:00:00', 1, '2025-09-04'),
(3765, 9, 82, 260, '16:00:00', 1, '2025-09-02'),
(3766, 3, 23, 75, '12:00:00', 1, '2025-09-05'),
(3767, 8, 74, 228, '16:00:00', 1, '2025-09-02'),
(3768, 10, 33, 283, '09:00:00', 1, '2025-09-01'),
(3769, 4, 25, 107, '10:00:00', 1, '2025-09-04'),
(3770, 8, 73, 212, '15:00:00', 1, '2025-09-02'),
(3771, 12, 90, 350, '16:00:00', 1, '2025-09-02'),
(3772, 4, 32, 114, '09:00:00', 0, '2025-09-04'),
(3773, 6, 57, 163, '15:00:00', 1, '2025-09-02'),
(3774, 8, 77, 216, '09:00:00', 1, '2025-09-05'),
(3775, 15, 114, 424, '16:00:00', 1, '2025-09-02'),
(3776, 6, 64, 165, '12:00:00', 1, '2025-09-02'),
(3777, 6, 59, 171, '12:00:00', 1, '2025-09-01'),
(3778, 1, 1, 10, '10:00:00', 1, '2025-09-04'),
(3779, 12, 94, 358, '09:00:00', 1, '2025-09-02'),
(3780, 14, 107, 402, '09:00:00', 1, '2025-09-03'),
(3781, 9, 88, 259, '15:00:00', 1, '2025-09-05'),
(3782, 14, 111, 416, '12:00:00', 1, '2025-09-05'),
(3783, 6, 61, 173, '12:00:00', 1, '2025-09-03'),
(3784, 11, 55, 318, '12:00:00', 1, '2025-09-05'),
(3785, 2, 9, 50, '16:00:00', 1, '2025-09-05'),
(3786, 13, 98, 378, '10:00:00', 1, '2025-09-01'),
(3787, 9, 85, 253, '16:00:00', 1, '2025-09-01'),
(3788, 7, 65, 199, '16:00:00', 1, '2025-09-05'),
(3789, 5, 41, 124, '09:00:00', 1, '2025-09-01'),
(3790, 12, 91, 331, '15:00:00', 1, '2025-09-04'),
(3791, 2, 16, 59, '09:00:00', 1, '2025-09-04'),
(3792, 2, 13, 34, '16:00:00', 1, '2025-09-01'),
(3793, 2, 14, 46, '09:00:00', 1, '2025-09-02'),
(3794, 2, 9, 45, '09:00:00', 1, '2025-09-01'),
(3795, 2, 14, 58, '10:00:00', 1, '2025-09-05'),
(3796, 15, 113, 432, '16:00:00', 1, '2025-09-05'),
(3797, 5, 46, 127, '10:00:00', 1, '2025-09-05'),
(3798, 5, 41, 128, '09:00:00', 1, '2025-09-01'),
(3799, 4, 25, 101, '15:00:00', 1, '2025-09-02'),
(3800, 10, 34, 284, '10:00:00', 1, '2025-09-01'),
(3801, 3, 23, 66, '12:00:00', 1, '2025-09-05'),
(3802, 6, 64, 166, '12:00:00', 1, '2025-09-02'),
(3803, 9, 84, 269, '15:00:00', 1, '2025-09-01'),
(3804, 10, 39, 297, '16:00:00', 1, '2025-09-03'),
(3805, 7, 67, 207, '15:00:00', 0, '2025-09-04'),
(3806, 15, 114, 432, '16:00:00', 1, '2025-09-02'),
(3807, 12, 91, 344, '15:00:00', 1, '2025-09-04'),
(3808, 8, 75, 220, '15:00:00', 1, '2025-09-04'),
(3809, 4, 32, 99, '12:00:00', 1, '2025-09-02'),
(3810, 3, 21, 67, '12:00:00', 1, '2025-09-03'),
(3811, 15, 115, 438, '15:00:00', 1, '2025-09-04'),
(3812, 4, 27, 118, '15:00:00', 1, '2025-09-04'),
(3813, 10, 33, 271, '16:00:00', 1, '2025-09-05'),
(3814, 1, 5, 2, '09:00:00', 1, '2025-09-05'),
(3815, 2, 12, 44, '15:00:00', 1, '2025-09-01'),
(3816, 4, 30, 120, '10:00:00', 1, '2025-09-05'),
(3817, 6, 62, 165, '15:00:00', 1, '2025-09-03'),
(3818, 10, 33, 272, '09:00:00', 1, '2025-09-01'),
(3819, 4, 27, 116, '09:00:00', 1, '2025-09-03'),
(3820, 4, 26, 119, '12:00:00', 1, '2025-09-04'),
(3821, 9, 81, 257, '15:00:00', 1, '2025-09-02'),
(3822, 9, 83, 267, '12:00:00', 1, '2025-09-01'),
(3823, 3, 21, 79, '16:00:00', 1, '2025-09-01'),
(3824, 2, 15, 37, '12:00:00', 1, '2025-09-05'),
(3825, 15, 118, 432, '10:00:00', 1, '2025-09-05'),
(3826, 12, 90, 334, '10:00:00', 1, '2025-09-01'),
(3827, 11, 50, 327, '10:00:00', 1, '2025-09-01'),
(3828, 8, 79, 233, '10:00:00', 1, '2025-09-02'),
(3829, 11, 50, 330, '12:00:00', 1, '2025-09-04'),
(3830, 1, 4, 10, '10:00:00', 1, '2025-09-03'),
(3831, 10, 37, 275, '12:00:00', 0, '2025-09-03'),
(3832, 12, 94, 341, '10:00:00', 0, '2025-09-05'),
(3833, 15, 120, 435, '12:00:00', 1, '2025-09-02'),
(3834, 15, 115, 434, '12:00:00', 1, '2025-09-01'),
(3835, 14, 107, 395, '15:00:00', 1, '2025-09-04'),
(3836, 7, 65, 200, '16:00:00', 1, '2025-09-05'),
(3837, 2, 15, 37, '10:00:00', 0, '2025-09-02'),
(3838, 13, 101, 386, '16:00:00', 0, '2025-09-01'),
(3839, 6, 58, 156, '10:00:00', 1, '2025-09-01'),
(3840, 13, 101, 372, '09:00:00', 1, '2025-09-05'),
(3841, 7, 72, 189, '12:00:00', 1, '2025-09-02'),
(3842, 2, 12, 34, '10:00:00', 1, '2025-09-03'),
(3843, 1, 3, 3, '09:00:00', 1, '2025-09-03'),
(3844, 1, 4, 11, '16:00:00', 1, '2025-09-04'),
(3845, 12, 90, 332, '16:00:00', 1, '2025-09-02'),
(3846, 9, 82, 269, '10:00:00', 1, '2025-09-01'),
(3847, 3, 21, 87, '16:00:00', 1, '2025-09-01'),
(3848, 6, 63, 166, '12:00:00', 1, '2025-09-05'),
(3849, 1, 2, 2, '10:00:00', 1, '2025-09-01'),
(3850, 14, 109, 407, '09:00:00', 1, '2025-09-05'),
(3851, 14, 111, 394, '12:00:00', 1, '2025-09-05'),
(3852, 6, 57, 161, '10:00:00', 0, '2025-09-04'),
(3853, 15, 119, 450, '16:00:00', 1, '2025-09-03'),
(3854, 7, 67, 204, '09:00:00', 1, '2025-09-03'),
(3855, 6, 57, 155, '16:00:00', 1, '2025-09-05'),
(3856, 3, 22, 87, '15:00:00', 1, '2025-09-03'),
(3857, 12, 95, 335, '10:00:00', 1, '2025-09-02'),
(3858, 11, 53, 316, '16:00:00', 1, '2025-09-01'),
(3859, 14, 112, 410, '09:00:00', 1, '2025-09-04'),
(3860, 2, 11, 31, '12:00:00', 1, '2025-09-01'),
(3861, 15, 113, 422, '16:00:00', 1, '2025-09-05'),
(3862, 10, 34, 290, '10:00:00', 1, '2025-09-01'),
(3863, 12, 92, 342, '16:00:00', 1, '2025-09-04'),
(3864, 13, 104, 386, '15:00:00', 1, '2025-09-05'),
(3865, 5, 43, 132, '12:00:00', 1, '2025-09-01'),
(3866, 11, 50, 310, '16:00:00', 1, '2025-09-02'),
(3867, 14, 110, 396, '10:00:00', 1, '2025-09-05'),
(3868, 7, 66, 197, '10:00:00', 1, '2025-09-01'),
(3869, 13, 97, 389, '10:00:00', 1, '2025-09-04'),
(3870, 13, 103, 370, '16:00:00', 1, '2025-09-03'),
(3871, 7, 65, 197, '15:00:00', 1, '2025-09-02'),
(3872, 11, 49, 318, '15:00:00', 1, '2025-09-02'),
(3873, 12, 89, 347, '15:00:00', 1, '2025-09-02'),
(3874, 4, 28, 101, '16:00:00', 0, '2025-09-04'),
(3875, 7, 67, 196, '09:00:00', 0, '2025-09-03'),
(3876, 8, 73, 213, '10:00:00', 1, '2025-09-04'),
(3877, 5, 45, 147, '16:00:00', 1, '2025-09-01'),
(3878, 6, 59, 159, '09:00:00', 0, '2025-09-03'),
(3879, 15, 113, 438, '15:00:00', 1, '2025-09-02'),
(3880, 7, 70, 205, '09:00:00', 1, '2025-09-02'),
(3881, 14, 107, 391, '15:00:00', 1, '2025-09-04'),
(3882, 6, 63, 160, '10:00:00', 0, '2025-09-02'),
(3883, 10, 37, 294, '09:00:00', 1, '2025-09-05'),
(3884, 6, 58, 155, '16:00:00', 1, '2025-09-02'),
(3885, 6, 62, 177, '09:00:00', 1, '2025-09-02'),
(3886, 14, 109, 413, '09:00:00', 1, '2025-09-05'),
(3887, 10, 39, 292, '10:00:00', 0, '2025-09-02'),
(3888, 3, 19, 66, '12:00:00', 1, '2025-09-01'),
(3889, 15, 114, 447, '10:00:00', 1, '2025-09-01'),
(3890, 10, 38, 273, '09:00:00', 1, '2025-09-02'),
(3891, 11, 55, 330, '10:00:00', 1, '2025-09-02'),
(3892, 15, 114, 448, '10:00:00', 1, '2025-09-01'),
(3893, 13, 98, 384, '10:00:00', 1, '2025-09-01'),
(3894, 1, 3, 18, '15:00:00', 1, '2025-09-04'),
(3895, 13, 103, 374, '12:00:00', 1, '2025-09-05'),
(3896, 1, 7, 3, '16:00:00', 1, '2025-09-03'),
(3897, 4, 26, 115, '10:00:00', 0, '2025-09-01'),
(3898, 9, 82, 249, '10:00:00', 1, '2025-09-01'),
(3899, 12, 91, 343, '09:00:00', 1, '2025-09-03'),
(3900, 9, 83, 246, '09:00:00', 1, '2025-09-03'),
(3901, 7, 69, 188, '12:00:00', 1, '2025-09-03'),
(3902, 6, 58, 163, '10:00:00', 1, '2025-09-01'),
(3903, 5, 44, 133, '15:00:00', 1, '2025-09-01'),
(3904, 7, 69, 194, '12:00:00', 1, '2025-09-03'),
(3905, 4, 25, 117, '15:00:00', 1, '2025-09-02'),
(3906, 15, 115, 441, '09:00:00', 0, '2025-09-03'),
(3907, 15, 120, 446, '12:00:00', 1, '2025-09-02'),
(3908, 5, 44, 131, '16:00:00', 0, '2025-09-04'),
(3909, 12, 92, 347, '10:00:00', 1, '2025-09-03'),
(3910, 6, 57, 174, '16:00:00', 1, '2025-09-05'),
(3911, 13, 99, 364, '12:00:00', 1, '2025-09-01'),
(3912, 1, 4, 6, '10:00:00', 1, '2025-09-03'),
(3913, 7, 66, 183, '12:00:00', 0, '2025-09-04'),
(3914, 15, 113, 428, '10:00:00', 1, '2025-09-04'),
(3915, 7, 70, 202, '09:00:00', 1, '2025-09-02'),
(3916, 15, 118, 435, '15:00:00', 1, '2025-09-03'),
(3917, 14, 112, 411, '12:00:00', 1, '2025-09-02'),
(3918, 8, 74, 220, '16:00:00', 1, '2025-09-02'),
(3919, 15, 118, 442, '10:00:00', 1, '2025-09-05'),
(3920, 8, 77, 229, '12:00:00', 1, '2025-09-03'),
(3921, 3, 17, 82, '10:00:00', 1, '2025-09-04'),
(3922, 11, 50, 320, '16:00:00', 1, '2025-09-02'),
(3923, 2, 12, 42, '10:00:00', 1, '2025-09-03'),
(3924, 11, 54, 323, '10:00:00', 1, '2025-09-05'),
(3925, 13, 101, 371, '16:00:00', 1, '2025-09-01'),
(3926, 12, 94, 332, '09:00:00', 0, '2025-09-02'),
(3927, 8, 80, 217, '09:00:00', 1, '2025-09-04'),
(3928, 5, 42, 137, '10:00:00', 1, '2025-09-01'),
(3929, 7, 72, 205, '12:00:00', 1, '2025-09-02'),
(3930, 2, 11, 36, '15:00:00', 1, '2025-09-04'),
(3931, 10, 35, 272, '09:00:00', 1, '2025-09-03'),
(3932, 2, 13, 45, '16:00:00', 1, '2025-09-01'),
(3933, 13, 104, 364, '12:00:00', 1, '2025-09-02'),
(3934, 2, 11, 60, '09:00:00', 1, '2025-09-03'),
(3935, 14, 111, 394, '10:00:00', 1, '2025-09-02'),
(3936, 14, 110, 408, '15:00:00', 1, '2025-09-03'),
(3937, 2, 14, 38, '10:00:00', 1, '2025-09-05'),
(3938, 8, 75, 211, '09:00:00', 0, '2025-09-03'),
(3939, 4, 31, 102, '16:00:00', 1, '2025-09-03'),
(3940, 9, 81, 248, '09:00:00', 1, '2025-09-01'),
(3941, 7, 67, 206, '12:00:00', 1, '2025-09-01'),
(3942, 12, 92, 353, '10:00:00', 1, '2025-09-03'),
(3943, 4, 31, 107, '12:00:00', 1, '2025-09-05'),
(3944, 10, 35, 277, '12:00:00', 1, '2025-09-01'),
(3945, 10, 33, 290, '09:00:00', 1, '2025-09-01'),
(3946, 12, 90, 358, '12:00:00', 1, '2025-09-04'),
(3947, 9, 87, 246, '12:00:00', 1, '2025-09-05'),
(3948, 6, 63, 152, '12:00:00', 1, '2025-09-05'),
(3949, 3, 17, 86, '16:00:00', 1, '2025-09-05'),
(3950, 7, 67, 191, '15:00:00', 1, '2025-09-04'),
(3951, 9, 86, 259, '09:00:00', 1, '2025-09-02'),
(3952, 5, 46, 140, '10:00:00', 1, '2025-09-05'),
(3953, 9, 85, 262, '09:00:00', 1, '2025-09-05'),
(3954, 13, 97, 390, '16:00:00', 1, '2025-09-05'),
(3955, 15, 119, 444, '12:00:00', 1, '2025-09-05'),
(3956, 15, 119, 439, '16:00:00', 1, '2025-09-03'),
(3957, 13, 97, 385, '16:00:00', 1, '2025-09-05'),
(3958, 12, 91, 345, '15:00:00', 1, '2025-09-04'),
(3959, 1, 2, 24, '12:00:00', 1, '2025-09-04'),
(3960, 3, 21, 75, '12:00:00', 1, '2025-09-03'),
(3961, 9, 88, 251, '15:00:00', 1, '2025-09-05'),
(3962, 3, 24, 70, '12:00:00', 0, '2025-09-02'),
(3963, 10, 38, 287, '15:00:00', 0, '2025-09-03'),
(3964, 15, 115, 434, '09:00:00', 1, '2025-09-03'),
(3965, 4, 28, 99, '15:00:00', 1, '2025-09-01'),
(3966, 5, 44, 143, '15:00:00', 1, '2025-09-01'),
(3967, 7, 70, 210, '09:00:00', 1, '2025-09-02'),
(3968, 9, 88, 242, '15:00:00', 1, '2025-09-05'),
(3969, 7, 65, 196, '15:00:00', 1, '2025-09-02'),
(3970, 1, 3, 23, '09:00:00', 1, '2025-09-03'),
(3971, 3, 18, 62, '16:00:00', 1, '2025-09-02'),
(3972, 8, 80, 228, '09:00:00', 1, '2025-09-04'),
(3973, 1, 8, 8, '15:00:00', 1, '2025-09-05'),
(3974, 8, 75, 214, '15:00:00', 1, '2025-09-04'),
(3975, 11, 54, 304, '09:00:00', 1, '2025-09-02'),
(3976, 9, 83, 259, '15:00:00', 1, '2025-09-04'),
(3977, 1, 4, 12, '15:00:00', 1, '2025-09-01'),
(3978, 13, 103, 384, '16:00:00', 1, '2025-09-03'),
(3979, 9, 84, 248, '10:00:00', 1, '2025-09-03'),
(3980, 5, 43, 125, '09:00:00', 1, '2025-09-03'),
(3981, 3, 24, 75, '15:00:00', 1, '2025-09-05'),
(3982, 4, 28, 104, '16:00:00', 1, '2025-09-04'),
(3983, 13, 102, 374, '15:00:00', 1, '2025-09-03'),
(3984, 9, 85, 260, '09:00:00', 1, '2025-09-05'),
(3985, 7, 65, 202, '09:00:00', 1, '2025-09-01'),
(3986, 8, 73, 216, '15:00:00', 1, '2025-09-02'),
(3987, 8, 80, 232, '15:00:00', 1, '2025-09-05'),
(3988, 9, 81, 255, '09:00:00', 1, '2025-09-01'),
(3989, 1, 7, 22, '16:00:00', 1, '2025-09-03'),
(3990, 3, 19, 77, '09:00:00', 1, '2025-09-03'),
(3991, 12, 91, 356, '15:00:00', 1, '2025-09-04'),
(3992, 12, 93, 333, '12:00:00', 1, '2025-09-03'),
(3993, 7, 72, 192, '09:00:00', 1, '2025-09-04'),
(3994, 14, 106, 403, '12:00:00', 1, '2025-09-04'),
(3995, 6, 63, 171, '12:00:00', 1, '2025-09-05'),
(3996, 13, 101, 387, '12:00:00', 1, '2025-09-03'),
(3997, 7, 67, 186, '15:00:00', 1, '2025-09-04'),
(3998, 13, 103, 377, '16:00:00', 1, '2025-09-03'),
(3999, 1, 1, 4, '15:00:00', 1, '2025-09-02'),
(4000, 3, 17, 87, '10:00:00', 1, '2025-09-04'),
(4001, 15, 119, 428, '10:00:00', 1, '2025-09-02'),
(4002, 10, 35, 298, '15:00:00', 1, '2025-09-04'),
(4003, 4, 28, 116, '16:00:00', 1, '2025-09-04'),
(4004, 14, 108, 413, '16:00:00', 1, '2025-09-04'),
(4005, 10, 35, 275, '15:00:00', 1, '2025-09-04'),
(4006, 15, 115, 424, '12:00:00', 1, '2025-09-01'),
(4007, 7, 65, 210, '10:00:00', 1, '2025-09-04'),
(4008, 2, 15, 31, '12:00:00', 1, '2025-09-05'),
(4009, 13, 104, 386, '09:00:00', 1, '2025-09-04'),
(4010, 2, 12, 37, '10:00:00', 1, '2025-09-03'),
(4011, 4, 28, 99, '10:00:00', 1, '2025-09-03'),
(4012, 11, 50, 306, '16:00:00', 1, '2025-09-02'),
(4013, 3, 17, 67, '09:00:00', 1, '2025-09-01'),
(4014, 10, 35, 271, '12:00:00', 1, '2025-09-01'),
(4015, 1, 6, 7, '09:00:00', 1, '2025-09-02'),
(4016, 8, 78, 212, '09:00:00', 1, '2025-09-02'),
(4017, 8, 77, 219, '16:00:00', 1, '2025-09-01'),
(4018, 4, 30, 115, '15:00:00', 1, '2025-09-03'),
(4019, 7, 72, 197, '15:00:00', 1, '2025-09-05'),
(4020, 8, 75, 238, '09:00:00', 1, '2025-09-03'),
(4021, 8, 79, 223, '16:00:00', 1, '2025-09-03'),
(4022, 12, 92, 347, '16:00:00', 1, '2025-09-04'),
(4023, 11, 55, 312, '12:00:00', 1, '2025-09-05'),
(4024, 7, 65, 183, '15:00:00', 0, '2025-09-02'),
(4025, 4, 32, 91, '09:00:00', 1, '2025-09-04'),
(4026, 4, 30, 106, '09:00:00', 1, '2025-09-02'),
(4027, 8, 78, 227, '15:00:00', 1, '2025-09-03'),
(4028, 2, 13, 45, '09:00:00', 1, '2025-09-05'),
(4029, 3, 20, 74, '15:00:00', 1, '2025-09-01'),
(4030, 11, 54, 320, '15:00:00', 1, '2025-09-03'),
(4031, 11, 50, 323, '16:00:00', 1, '2025-09-02'),
(4032, 10, 34, 298, '12:00:00', 0, '2025-09-04'),
(4033, 8, 74, 240, '12:00:00', 1, '2025-09-04'),
(4034, 2, 9, 46, '09:00:00', 1, '2025-09-01'),
(4035, 4, 32, 98, '12:00:00', 1, '2025-09-02'),
(4036, 15, 118, 427, '15:00:00', 1, '2025-09-03'),
(4037, 14, 108, 412, '10:00:00', 1, '2025-09-03'),
(4038, 2, 16, 53, '12:00:00', 1, '2025-09-02'),
(4039, 15, 120, 445, '15:00:00', 1, '2025-09-05'),
(4040, 14, 110, 397, '10:00:00', 1, '2025-09-05'),
(4041, 2, 16, 35, '09:00:00', 1, '2025-09-04'),
(4042, 12, 90, 338, '16:00:00', 1, '2025-09-02'),
(4043, 6, 63, 172, '12:00:00', 0, '2025-09-05'),
(4044, 9, 83, 244, '09:00:00', 1, '2025-09-03'),
(4045, 8, 77, 211, '12:00:00', 1, '2025-09-03'),
(4046, 6, 58, 175, '10:00:00', 1, '2025-09-01'),
(4047, 3, 18, 69, '12:00:00', 1, '2025-09-04'),
(4048, 12, 96, 348, '09:00:00', 1, '2025-09-04'),
(4049, 12, 89, 354, '10:00:00', 1, '2025-09-04'),
(4050, 2, 16, 32, '12:00:00', 1, '2025-09-02'),
(4051, 11, 56, 307, '09:00:00', 1, '2025-09-04'),
(4052, 7, 69, 200, '09:00:00', 1, '2025-09-05'),
(4053, 3, 22, 82, '10:00:00', 1, '2025-09-05'),
(4054, 1, 8, 14, '15:00:00', 1, '2025-09-05'),
(4055, 3, 24, 79, '12:00:00', 1, '2025-09-02'),
(4056, 15, 116, 438, '15:00:00', 1, '2025-09-01'),
(4057, 6, 57, 158, '10:00:00', 1, '2025-09-04'),
(4058, 8, 73, 235, '15:00:00', 1, '2025-09-02'),
(4059, 4, 27, 96, '09:00:00', 1, '2025-09-03'),
(4060, 6, 60, 159, '10:00:00', 1, '2025-09-03'),
(4061, 5, 45, 132, '16:00:00', 1, '2025-09-01'),
(4062, 11, 50, 310, '10:00:00', 0, '2025-09-01'),
(4063, 15, 115, 430, '15:00:00', 1, '2025-09-04'),
(4064, 12, 91, 352, '12:00:00', 1, '2025-09-01'),
(4065, 14, 112, 394, '15:00:00', 0, '2025-09-05'),
(4066, 9, 86, 261, '10:00:00', 1, '2025-09-05'),
(4067, 11, 53, 310, '12:00:00', 1, '2025-09-03'),
(4068, 1, 8, 23, '15:00:00', 1, '2025-09-05'),
(4069, 12, 93, 342, '12:00:00', 1, '2025-09-03'),
(4070, 14, 111, 392, '10:00:00', 1, '2025-09-02'),
(4071, 3, 17, 85, '10:00:00', 1, '2025-09-04'),
(4072, 12, 96, 353, '09:00:00', 0, '2025-09-04'),
(4073, 15, 119, 426, '16:00:00', 1, '2025-09-03'),
(4074, 12, 94, 331, '10:00:00', 1, '2025-09-05'),
(4075, 14, 110, 412, '09:00:00', 1, '2025-09-02'),
(4076, 12, 92, 357, '16:00:00', 1, '2025-09-04'),
(4077, 9, 84, 253, '15:00:00', 1, '2025-09-01'),
(4078, 4, 27, 118, '12:00:00', 0, '2025-09-01'),
(4079, 2, 10, 59, '16:00:00', 1, '2025-09-02'),
(4080, 9, 86, 263, '15:00:00', 1, '2025-09-03'),
(4081, 13, 97, 372, '15:00:00', 1, '2025-09-02'),
(4082, 8, 78, 215, '09:00:00', 0, '2025-09-02'),
(4083, 8, 75, 212, '12:00:00', 1, '2025-09-01'),
(4084, 13, 102, 364, '15:00:00', 1, '2025-09-03'),
(4085, 2, 10, 44, '12:00:00', 1, '2025-09-04'),
(4086, 14, 105, 395, '15:00:00', 1, '2025-09-02'),
(4087, 10, 38, 297, '10:00:00', 1, '2025-09-05'),
(4088, 2, 11, 58, '12:00:00', 1, '2025-09-01'),
(4089, 6, 60, 172, '16:00:00', 1, '2025-09-04'),
(4090, 11, 51, 320, '12:00:00', 1, '2025-09-01'),
(4091, 1, 2, 14, '12:00:00', 1, '2025-09-04'),
(4092, 8, 73, 211, '16:00:00', 1, '2025-09-05'),
(4093, 1, 3, 17, '15:00:00', 1, '2025-09-04'),
(4094, 9, 86, 253, '10:00:00', 1, '2025-09-05'),
(4095, 14, 108, 394, '15:00:00', 1, '2025-09-01'),
(4096, 2, 13, 31, '16:00:00', 1, '2025-09-01'),
(4097, 10, 34, 290, '16:00:00', 1, '2025-09-02'),
(4098, 7, 67, 188, '15:00:00', 1, '2025-09-04'),
(4099, 5, 41, 133, '15:00:00', 1, '2025-09-02'),
(4100, 15, 120, 438, '09:00:00', 1, '2025-09-04'),
(4101, 11, 56, 325, '09:00:00', 1, '2025-09-04'),
(4102, 15, 117, 445, '16:00:00', 1, '2025-09-01'),
(4103, 6, 62, 168, '09:00:00', 0, '2025-09-02'),
(4104, 15, 119, 447, '16:00:00', 1, '2025-09-03'),
(4105, 11, 55, 323, '10:00:00', 1, '2025-09-02'),
(4106, 13, 104, 388, '12:00:00', 1, '2025-09-02'),
(4107, 7, 65, 192, '15:00:00', 1, '2025-09-02'),
(4108, 5, 46, 136, '15:00:00', 1, '2025-09-03'),
(4109, 7, 68, 205, '15:00:00', 1, '2025-09-01'),
(4110, 13, 98, 378, '12:00:00', 1, '2025-09-04'),
(4111, 2, 12, 41, '15:00:00', 1, '2025-09-01'),
(4112, 14, 106, 392, '10:00:00', 1, '2025-09-01'),
(4113, 4, 32, 108, '09:00:00', 1, '2025-09-04'),
(4114, 12, 89, 345, '15:00:00', 1, '2025-09-02'),
(4115, 7, 66, 202, '12:00:00', 1, '2025-09-04'),
(4116, 10, 39, 295, '10:00:00', 1, '2025-09-02'),
(4117, 10, 36, 285, '15:00:00', 1, '2025-09-01'),
(4118, 3, 18, 81, '12:00:00', 1, '2025-09-04'),
(4119, 11, 50, 318, '16:00:00', 0, '2025-09-02'),
(4120, 3, 17, 83, '16:00:00', 0, '2025-09-05'),
(4121, 15, 120, 429, '09:00:00', 1, '2025-09-04'),
(4122, 5, 46, 136, '09:00:00', 1, '2025-09-02'),
(4123, 4, 26, 91, '16:00:00', 1, '2025-09-02'),
(4124, 9, 85, 260, '16:00:00', 1, '2025-09-01'),
(4125, 1, 3, 23, '15:00:00', 1, '2025-09-04'),
(4126, 15, 113, 439, '09:00:00', 1, '2025-09-01'),
(4127, 15, 113, 427, '10:00:00', 1, '2025-09-04'),
(4128, 15, 114, 422, '12:00:00', 1, '2025-09-04'),
(4129, 8, 78, 214, '15:00:00', 1, '2025-09-03'),
(4130, 8, 80, 240, '09:00:00', 0, '2025-09-04'),
(4131, 1, 8, 26, '12:00:00', 1, '2025-09-02'),
(4132, 9, 86, 247, '10:00:00', 0, '2025-09-05'),
(4133, 7, 70, 197, '09:00:00', 0, '2025-09-02'),
(4134, 5, 42, 121, '12:00:00', 1, '2025-09-04'),
(4135, 9, 85, 255, '16:00:00', 1, '2025-09-01'),
(4136, 2, 11, 35, '15:00:00', 1, '2025-09-04'),
(4137, 3, 17, 69, '16:00:00', 1, '2025-09-05'),
(4138, 13, 101, 389, '12:00:00', 1, '2025-09-03'),
(4139, 12, 92, 346, '15:00:00', 1, '2025-09-01'),
(4140, 2, 12, 32, '16:00:00', 1, '2025-09-04'),
(4141, 13, 97, 374, '09:00:00', 1, '2025-09-01'),
(4142, 6, 60, 174, '10:00:00', 1, '2025-09-03'),
(4143, 13, 98, 375, '10:00:00', 1, '2025-09-01'),
(4144, 8, 75, 212, '09:00:00', 1, '2025-09-03'),
(4145, 12, 90, 344, '10:00:00', 1, '2025-09-01'),
(4146, 15, 116, 435, '15:00:00', 1, '2025-09-01'),
(4147, 6, 61, 178, '12:00:00', 1, '2025-09-03'),
(4148, 8, 79, 235, '10:00:00', 0, '2025-09-02'),
(4149, 14, 110, 395, '09:00:00', 1, '2025-09-02'),
(4150, 5, 43, 137, '15:00:00', 1, '2025-09-04'),
(4151, 3, 17, 64, '10:00:00', 1, '2025-09-04'),
(4152, 13, 102, 363, '15:00:00', 0, '2025-09-03'),
(4153, 12, 95, 348, '16:00:00', 1, '2025-09-03'),
(4154, 8, 76, 219, '10:00:00', 1, '2025-09-03'),
(4155, 12, 96, 359, '09:00:00', 1, '2025-09-04'),
(4156, 11, 50, 314, '16:00:00', 1, '2025-09-02'),
(4157, 8, 74, 214, '10:00:00', 1, '2025-09-01'),
(4158, 3, 17, 89, '10:00:00', 1, '2025-09-04'),
(4159, 10, 35, 279, '12:00:00', 1, '2025-09-01'),
(4160, 3, 23, 65, '16:00:00', 0, '2025-09-03'),
(4161, 8, 74, 216, '12:00:00', 1, '2025-09-04'),
(4162, 1, 3, 10, '12:00:00', 1, '2025-09-01'),
(4163, 13, 98, 364, '10:00:00', 1, '2025-09-01'),
(4164, 7, 69, 182, '09:00:00', 1, '2025-09-05'),
(4165, 4, 28, 94, '10:00:00', 0, '2025-09-03'),
(4166, 14, 111, 416, '16:00:00', 1, '2025-09-03'),
(4167, 2, 9, 43, '15:00:00', 1, '2025-09-02'),
(4168, 9, 87, 259, '16:00:00', 1, '2025-09-03'),
(4169, 9, 86, 262, '15:00:00', 1, '2025-09-03'),
(4170, 6, 59, 166, '09:00:00', 1, '2025-09-03'),
(4171, 3, 23, 64, '12:00:00', 1, '2025-09-05'),
(4172, 9, 86, 262, '09:00:00', 1, '2025-09-02'),
(4173, 5, 47, 122, '12:00:00', 1, '2025-09-05'),
(4174, 2, 10, 47, '12:00:00', 1, '2025-09-04'),
(4175, 5, 46, 127, '09:00:00', 1, '2025-09-02'),
(4176, 11, 54, 311, '09:00:00', 1, '2025-09-02'),
(4177, 14, 108, 415, '15:00:00', 1, '2025-09-01'),
(4178, 12, 93, 348, '16:00:00', 0, '2025-09-01'),
(4179, 11, 56, 314, '12:00:00', 1, '2025-09-02'),
(4180, 2, 16, 46, '12:00:00', 1, '2025-09-02'),
(4181, 7, 72, 196, '15:00:00', 1, '2025-09-05'),
(4182, 14, 112, 396, '12:00:00', 1, '2025-09-02'),
(4183, 1, 8, 3, '09:00:00', 1, '2025-09-04'),
(4184, 5, 43, 129, '09:00:00', 1, '2025-09-03'),
(4185, 7, 65, 194, '15:00:00', 1, '2025-09-02'),
(4186, 2, 15, 49, '16:00:00', 1, '2025-09-03'),
(4187, 2, 13, 56, '09:00:00', 1, '2025-09-05'),
(4188, 1, 3, 1, '12:00:00', 1, '2025-09-01'),
(4189, 13, 98, 381, '16:00:00', 0, '2025-09-02'),
(4190, 8, 79, 216, '12:00:00', 1, '2025-09-05'),
(4191, 2, 16, 39, '09:00:00', 1, '2025-09-04'),
(4192, 1, 4, 7, '16:00:00', 0, '2025-09-04'),
(4193, 11, 52, 313, '16:00:00', 1, '2025-09-04'),
(4194, 1, 6, 10, '15:00:00', 0, '2025-09-03'),
(4195, 3, 17, 73, '10:00:00', 1, '2025-09-04'),
(4196, 3, 21, 65, '12:00:00', 1, '2025-09-03'),
(4197, 4, 28, 100, '10:00:00', 0, '2025-09-03'),
(4198, 1, 8, 6, '12:00:00', 1, '2025-09-02'),
(4199, 2, 15, 46, '10:00:00', 1, '2025-09-02'),
(4200, 8, 76, 237, '10:00:00', 1, '2025-09-03'),
(4201, 5, 44, 141, '16:00:00', 1, '2025-09-04'),
(4202, 14, 105, 391, '16:00:00', 1, '2025-09-05'),
(4203, 4, 27, 103, '12:00:00', 1, '2025-09-01'),
(4204, 5, 48, 147, '15:00:00', 1, '2025-09-05'),
(4205, 1, 6, 15, '09:00:00', 1, '2025-09-02'),
(4206, 10, 40, 299, '09:00:00', 1, '2025-09-04'),
(4207, 3, 17, 84, '15:00:00', 1, '2025-09-02'),
(4208, 1, 6, 19, '09:00:00', 1, '2025-09-02'),
(4209, 15, 115, 425, '15:00:00', 0, '2025-09-04'),
(4210, 7, 72, 208, '15:00:00', 1, '2025-09-05'),
(4211, 8, 80, 224, '09:00:00', 1, '2025-09-04'),
(4212, 6, 61, 177, '12:00:00', 1, '2025-09-03'),
(4213, 2, 15, 48, '10:00:00', 1, '2025-09-02'),
(4214, 11, 50, 314, '10:00:00', 1, '2025-09-01'),
(4215, 9, 81, 269, '09:00:00', 1, '2025-09-01'),
(4216, 9, 83, 269, '15:00:00', 0, '2025-09-04'),
(4217, 10, 36, 274, '16:00:00', 1, '2025-09-04'),
(4218, 14, 105, 409, '09:00:00', 1, '2025-09-01'),
(4219, 4, 25, 106, '09:00:00', 1, '2025-09-01'),
(4220, 14, 111, 419, '16:00:00', 1, '2025-09-03'),
(4221, 2, 12, 34, '16:00:00', 1, '2025-09-04'),
(4222, 15, 118, 443, '10:00:00', 1, '2025-09-05'),
(4223, 15, 116, 426, '10:00:00', 1, '2025-09-03'),
(4224, 13, 104, 376, '15:00:00', 1, '2025-09-05'),
(4225, 13, 102, 363, '10:00:00', 1, '2025-09-05'),
(4226, 5, 42, 126, '12:00:00', 1, '2025-09-04'),
(4227, 3, 24, 69, '12:00:00', 0, '2025-09-02'),
(4228, 10, 33, 280, '16:00:00', 1, '2025-09-05'),
(4229, 12, 96, 343, '15:00:00', 0, '2025-09-05'),
(4230, 4, 29, 117, '09:00:00', 1, '2025-09-05'),
(4231, 2, 10, 59, '10:00:00', 1, '2025-09-01'),
(4232, 6, 62, 180, '15:00:00', 1, '2025-09-03'),
(4233, 13, 102, 385, '09:00:00', 1, '2025-09-02'),
(4234, 6, 64, 160, '15:00:00', 1, '2025-09-05'),
(4235, 15, 113, 446, '09:00:00', 1, '2025-09-01'),
(4236, 8, 74, 219, '16:00:00', 1, '2025-09-02'),
(4237, 11, 56, 316, '09:00:00', 1, '2025-09-04'),
(4238, 10, 39, 286, '12:00:00', 1, '2025-09-05'),
(4239, 1, 1, 8, '16:00:00', 1, '2025-09-05'),
(4240, 6, 61, 157, '09:00:00', 0, '2025-09-05'),
(4241, 2, 15, 37, '16:00:00', 1, '2025-09-03'),
(4242, 9, 86, 251, '15:00:00', 1, '2025-09-03'),
(4243, 4, 25, 101, '10:00:00', 1, '2025-09-04'),
(4244, 9, 86, 245, '10:00:00', 1, '2025-09-05'),
(4245, 11, 50, 326, '10:00:00', 1, '2025-09-01'),
(4246, 4, 25, 112, '15:00:00', 1, '2025-09-02'),
(4247, 10, 38, 282, '15:00:00', 1, '2025-09-03'),
(4248, 7, 65, 194, '10:00:00', 1, '2025-09-04'),
(4249, 4, 30, 115, '10:00:00', 1, '2025-09-05'),
(4250, 7, 68, 187, '16:00:00', 1, '2025-09-04'),
(4251, 14, 107, 401, '15:00:00', 1, '2025-09-04'),
(4252, 5, 47, 130, '16:00:00', 1, '2025-09-03'),
(4253, 5, 41, 121, '10:00:00', 1, '2025-09-04'),
(4254, 11, 50, 328, '16:00:00', 1, '2025-09-02'),
(4255, 7, 70, 194, '15:00:00', 1, '2025-09-03'),
(4256, 5, 48, 147, '12:00:00', 1, '2025-09-02'),
(4257, 4, 29, 104, '09:00:00', 1, '2025-09-05'),
(4258, 2, 15, 60, '10:00:00', 1, '2025-09-02'),
(4259, 2, 16, 56, '09:00:00', 1, '2025-09-04'),
(4260, 12, 91, 337, '15:00:00', 1, '2025-09-04'),
(4261, 1, 4, 17, '16:00:00', 1, '2025-09-04'),
(4262, 6, 63, 168, '16:00:00', 1, '2025-09-03'),
(4263, 12, 89, 348, '16:00:00', 1, '2025-09-05'),
(4264, 10, 37, 284, '16:00:00', 1, '2025-09-01'),
(4265, 2, 14, 37, '09:00:00', 1, '2025-09-02'),
(4266, 6, 58, 170, '10:00:00', 1, '2025-09-01'),
(4267, 11, 49, 317, '15:00:00', 1, '2025-09-02'),
(4268, 7, 69, 209, '16:00:00', 1, '2025-09-01'),
(4269, 12, 91, 357, '15:00:00', 1, '2025-09-04'),
(4270, 3, 18, 75, '12:00:00', 1, '2025-09-04'),
(4271, 5, 45, 127, '09:00:00', 0, '2025-09-05'),
(4272, 15, 115, 442, '09:00:00', 1, '2025-09-03'),
(4273, 1, 5, 20, '12:00:00', 1, '2025-09-03'),
(4274, 12, 94, 340, '15:00:00', 0, '2025-09-03'),
(4275, 13, 97, 382, '10:00:00', 1, '2025-09-04'),
(4276, 9, 85, 249, '09:00:00', 1, '2025-09-05'),
(4277, 11, 54, 320, '10:00:00', 1, '2025-09-05'),
(4278, 6, 62, 172, '15:00:00', 1, '2025-09-03'),
(4279, 3, 20, 80, '16:00:00', 1, '2025-09-04'),
(4280, 7, 68, 193, '16:00:00', 1, '2025-09-04'),
(4281, 12, 92, 344, '16:00:00', 1, '2025-09-04'),
(4282, 13, 97, 390, '09:00:00', 1, '2025-09-01'),
(4283, 11, 54, 307, '15:00:00', 1, '2025-09-03'),
(4284, 2, 9, 56, '15:00:00', 1, '2025-09-02'),
(4285, 8, 74, 235, '16:00:00', 1, '2025-09-02'),
(4286, 14, 107, 397, '09:00:00', 1, '2025-09-03'),
(4287, 4, 30, 105, '09:00:00', 0, '2025-09-02'),
(4288, 13, 97, 374, '16:00:00', 1, '2025-09-05'),
(4289, 15, 114, 425, '10:00:00', 1, '2025-09-01'),
(4290, 2, 15, 57, '16:00:00', 1, '2025-09-03'),
(4291, 2, 14, 39, '09:00:00', 1, '2025-09-02'),
(4292, 11, 55, 320, '10:00:00', 1, '2025-09-02'),
(4293, 14, 111, 409, '12:00:00', 1, '2025-09-05'),
(4294, 11, 49, 315, '15:00:00', 1, '2025-09-02'),
(4295, 6, 61, 155, '09:00:00', 0, '2025-09-05'),
(4296, 11, 52, 302, '16:00:00', 1, '2025-09-04'),
(4297, 2, 15, 41, '16:00:00', 1, '2025-09-03'),
(4298, 2, 14, 44, '15:00:00', 1, '2025-09-03'),
(4299, 4, 31, 105, '16:00:00', 1, '2025-09-03'),
(4300, 4, 29, 104, '16:00:00', 1, '2025-09-01'),
(4301, 7, 71, 203, '12:00:00', 1, '2025-09-05'),
(4302, 11, 52, 304, '15:00:00', 1, '2025-09-01'),
(4303, 13, 103, 380, '10:00:00', 1, '2025-09-02'),
(4304, 2, 16, 34, '15:00:00', 1, '2025-09-05'),
(4305, 11, 55, 330, '12:00:00', 1, '2025-09-05'),
(4306, 6, 58, 157, '16:00:00', 1, '2025-09-02'),
(4307, 8, 75, 229, '15:00:00', 1, '2025-09-04'),
(4308, 14, 107, 414, '15:00:00', 0, '2025-09-04'),
(4309, 8, 80, 235, '12:00:00', 1, '2025-09-02'),
(4310, 3, 21, 83, '16:00:00', 1, '2025-09-01'),
(4311, 15, 119, 434, '12:00:00', 1, '2025-09-05'),
(4312, 8, 75, 226, '12:00:00', 1, '2025-09-01'),
(4313, 11, 53, 321, '16:00:00', 1, '2025-09-01'),
(4314, 13, 99, 386, '15:00:00', 1, '2025-09-04'),
(4315, 5, 42, 133, '12:00:00', 0, '2025-09-04'),
(4316, 2, 11, 45, '09:00:00', 1, '2025-09-03'),
(4317, 10, 34, 299, '16:00:00', 1, '2025-09-02'),
(4318, 8, 77, 214, '16:00:00', 1, '2025-09-01'),
(4319, 14, 105, 420, '16:00:00', 0, '2025-09-05'),
(4320, 13, 101, 385, '09:00:00', 1, '2025-09-05'),
(4321, 10, 37, 278, '16:00:00', 1, '2025-09-01'),
(4322, 11, 49, 306, '16:00:00', 1, '2025-09-05'),
(4323, 5, 43, 123, '12:00:00', 1, '2025-09-01'),
(4324, 12, 89, 335, '15:00:00', 1, '2025-09-02'),
(4325, 14, 109, 411, '09:00:00', 1, '2025-09-05'),
(4326, 13, 102, 378, '10:00:00', 1, '2025-09-05'),
(4327, 10, 36, 279, '15:00:00', 1, '2025-09-01'),
(4328, 3, 22, 78, '09:00:00', 1, '2025-09-02'),
(4329, 5, 46, 128, '15:00:00', 0, '2025-09-03'),
(4330, 11, 56, 316, '15:00:00', 1, '2025-09-05'),
(4331, 1, 2, 9, '10:00:00', 1, '2025-09-01'),
(4332, 10, 33, 284, '15:00:00', 1, '2025-09-02'),
(4333, 8, 77, 229, '09:00:00', 0, '2025-09-05'),
(4334, 12, 91, 336, '12:00:00', 1, '2025-09-01'),
(4335, 12, 93, 356, '12:00:00', 1, '2025-09-03'),
(4336, 9, 88, 254, '09:00:00', 1, '2025-09-04'),
(4337, 5, 46, 143, '10:00:00', 1, '2025-09-05'),
(4338, 4, 30, 114, '10:00:00', 1, '2025-09-05'),
(4339, 12, 94, 353, '15:00:00', 1, '2025-09-03'),
(4340, 9, 84, 248, '15:00:00', 1, '2025-09-01'),
(4341, 15, 119, 426, '12:00:00', 0, '2025-09-05'),
(4342, 13, 103, 373, '16:00:00', 0, '2025-09-03'),
(4343, 12, 94, 346, '15:00:00', 1, '2025-09-03'),
(4344, 13, 101, 388, '12:00:00', 1, '2025-09-03'),
(4345, 5, 45, 122, '16:00:00', 1, '2025-09-01'),
(4346, 8, 73, 221, '09:00:00', 1, '2025-09-01'),
(4347, 4, 29, 114, '12:00:00', 1, '2025-09-03'),
(4348, 9, 81, 253, '15:00:00', 1, '2025-09-02'),
(4349, 5, 45, 150, '12:00:00', 1, '2025-09-03'),
(4350, 9, 83, 249, '15:00:00', 1, '2025-09-04'),
(4351, 3, 19, 89, '15:00:00', 1, '2025-09-04'),
(4352, 9, 88, 245, '12:00:00', 1, '2025-09-02'),
(4353, 13, 104, 381, '15:00:00', 1, '2025-09-05'),
(4354, 6, 58, 171, '16:00:00', 1, '2025-09-02'),
(4355, 10, 36, 287, '16:00:00', 1, '2025-09-04'),
(4356, 3, 17, 70, '09:00:00', 1, '2025-09-01'),
(4357, 15, 118, 443, '09:00:00', 1, '2025-09-02'),
(4358, 7, 65, 207, '10:00:00', 0, '2025-09-04'),
(4359, 10, 39, 286, '16:00:00', 0, '2025-09-03'),
(4360, 6, 63, 177, '10:00:00', 1, '2025-09-02'),
(4361, 1, 4, 26, '15:00:00', 1, '2025-09-01'),
(4362, 3, 24, 90, '12:00:00', 0, '2025-09-02'),
(4363, 12, 92, 351, '10:00:00', 1, '2025-09-03'),
(4364, 2, 16, 46, '15:00:00', 1, '2025-09-05'),
(4365, 1, 1, 1, '16:00:00', 1, '2025-09-05'),
(4366, 11, 51, 302, '12:00:00', 1, '2025-09-01'),
(4367, 1, 5, 27, '16:00:00', 0, '2025-09-01'),
(4368, 5, 46, 128, '10:00:00', 1, '2025-09-05'),
(4369, 1, 2, 4, '10:00:00', 1, '2025-09-01'),
(4370, 10, 36, 278, '16:00:00', 0, '2025-09-04'),
(4371, 11, 51, 310, '09:00:00', 1, '2025-09-03'),
(4372, 14, 107, 419, '12:00:00', 0, '2025-09-01'),
(4373, 5, 43, 124, '15:00:00', 1, '2025-09-04'),
(4374, 6, 57, 175, '10:00:00', 1, '2025-09-04'),
(4375, 3, 18, 78, '12:00:00', 1, '2025-09-04'),
(4376, 3, 22, 67, '09:00:00', 1, '2025-09-02'),
(4377, 8, 73, 217, '09:00:00', 1, '2025-09-01'),
(4378, 1, 8, 29, '15:00:00', 0, '2025-09-05'),
(4379, 6, 58, 173, '16:00:00', 1, '2025-09-02'),
(4380, 13, 104, 366, '09:00:00', 1, '2025-09-04'),
(4381, 3, 19, 83, '09:00:00', 0, '2025-09-03'),
(4382, 2, 9, 46, '16:00:00', 1, '2025-09-05'),
(4383, 10, 33, 289, '09:00:00', 1, '2025-09-01'),
(4384, 9, 81, 267, '16:00:00', 1, '2025-09-05'),
(4385, 15, 119, 449, '16:00:00', 1, '2025-09-03'),
(4386, 3, 19, 75, '12:00:00', 1, '2025-09-01'),
(4387, 13, 102, 368, '10:00:00', 1, '2025-09-05'),
(4388, 1, 2, 13, '16:00:00', 0, '2025-09-02'),
(4389, 10, 34, 285, '16:00:00', 1, '2025-09-02'),
(4390, 10, 37, 292, '09:00:00', 1, '2025-09-05'),
(4391, 11, 55, 325, '12:00:00', 0, '2025-09-05'),
(4392, 3, 21, 86, '12:00:00', 1, '2025-09-03'),
(4393, 14, 105, 394, '15:00:00', 1, '2025-09-02'),
(4394, 4, 32, 106, '09:00:00', 1, '2025-09-04'),
(4395, 2, 16, 33, '09:00:00', 1, '2025-09-04'),
(4396, 5, 46, 144, '10:00:00', 0, '2025-09-05'),
(4397, 8, 74, 227, '10:00:00', 1, '2025-09-01'),
(4398, 2, 9, 37, '10:00:00', 1, '2025-09-04'),
(4399, 12, 89, 356, '15:00:00', 1, '2025-09-02'),
(4400, 5, 41, 123, '15:00:00', 1, '2025-09-02'),
(4401, 11, 55, 325, '16:00:00', 1, '2025-09-03'),
(4402, 2, 12, 47, '16:00:00', 1, '2025-09-04'),
(4403, 11, 56, 308, '09:00:00', 1, '2025-09-04'),
(4404, 15, 116, 442, '10:00:00', 1, '2025-09-03'),
(4405, 13, 104, 371, '09:00:00', 0, '2025-09-04'),
(4406, 2, 9, 37, '09:00:00', 1, '2025-09-01'),
(4407, 8, 73, 213, '16:00:00', 1, '2025-09-05'),
(4408, 13, 98, 368, '10:00:00', 1, '2025-09-01'),
(4409, 6, 57, 174, '10:00:00', 1, '2025-09-04'),
(4410, 8, 73, 235, '09:00:00', 1, '2025-09-01'),
(4411, 12, 91, 351, '12:00:00', 1, '2025-09-01'),
(4412, 11, 51, 314, '09:00:00', 1, '2025-09-03'),
(4413, 6, 58, 179, '12:00:00', 1, '2025-09-04'),
(4414, 3, 20, 61, '10:00:00', 1, '2025-09-03'),
(4415, 11, 55, 315, '12:00:00', 1, '2025-09-05'),
(4416, 10, 34, 275, '10:00:00', 1, '2025-09-01'),
(4417, 7, 68, 199, '15:00:00', 1, '2025-09-01'),
(4418, 6, 62, 154, '09:00:00', 0, '2025-09-02'),
(4419, 7, 69, 189, '09:00:00', 1, '2025-09-05'),
(4420, 6, 61, 170, '12:00:00', 1, '2025-09-03'),
(4421, 14, 108, 400, '10:00:00', 1, '2025-09-03'),
(4422, 1, 8, 10, '15:00:00', 1, '2025-09-05'),
(4423, 9, 86, 269, '10:00:00', 1, '2025-09-05'),
(4424, 5, 47, 146, '16:00:00', 1, '2025-09-03'),
(4425, 14, 109, 416, '16:00:00', 1, '2025-09-01'),
(4426, 13, 99, 379, '09:00:00', 1, '2025-09-03'),
(4427, 13, 97, 376, '16:00:00', 1, '2025-09-05'),
(4428, 4, 26, 101, '12:00:00', 1, '2025-09-04'),
(4429, 3, 20, 69, '15:00:00', 1, '2025-09-01'),
(4430, 10, 34, 288, '12:00:00', 1, '2025-09-04'),
(4431, 3, 20, 63, '15:00:00', 1, '2025-09-01'),
(4432, 15, 116, 433, '16:00:00', 1, '2025-09-04'),
(4433, 2, 12, 60, '16:00:00', 1, '2025-09-04'),
(4434, 6, 57, 173, '16:00:00', 1, '2025-09-05'),
(4435, 2, 9, 42, '09:00:00', 1, '2025-09-01'),
(4436, 3, 20, 66, '15:00:00', 1, '2025-09-01'),
(4437, 8, 78, 221, '15:00:00', 1, '2025-09-03'),
(4438, 7, 66, 199, '10:00:00', 1, '2025-09-01'),
(4439, 3, 20, 83, '16:00:00', 1, '2025-09-04'),
(4440, 10, 39, 280, '10:00:00', 1, '2025-09-02'),
(4441, 8, 77, 231, '09:00:00', 1, '2025-09-05'),
(4442, 7, 68, 203, '15:00:00', 1, '2025-09-01'),
(4443, 15, 114, 434, '16:00:00', 1, '2025-09-02'),
(4444, 14, 109, 391, '16:00:00', 1, '2025-09-01'),
(4445, 8, 78, 221, '10:00:00', 0, '2025-09-05'),
(4446, 10, 33, 272, '10:00:00', 1, '2025-09-04'),
(4447, 9, 82, 265, '10:00:00', 1, '2025-09-01'),
(4448, 5, 42, 135, '12:00:00', 1, '2025-09-04'),
(4449, 8, 79, 236, '16:00:00', 1, '2025-09-03'),
(4450, 13, 103, 364, '12:00:00', 1, '2025-09-05'),
(4451, 6, 63, 170, '12:00:00', 0, '2025-09-05'),
(4452, 1, 3, 17, '12:00:00', 1, '2025-09-01'),
(4453, 2, 16, 37, '12:00:00', 1, '2025-09-02'),
(4454, 10, 34, 273, '12:00:00', 0, '2025-09-04'),
(4455, 7, 67, 201, '09:00:00', 1, '2025-09-03'),
(4456, 5, 48, 138, '09:00:00', 1, '2025-09-04'),
(4457, 13, 99, 382, '15:00:00', 1, '2025-09-04'),
(4458, 15, 118, 422, '10:00:00', 1, '2025-09-05'),
(4459, 15, 116, 442, '15:00:00', 1, '2025-09-01'),
(4460, 8, 76, 239, '16:00:00', 0, '2025-09-04'),
(4461, 12, 91, 351, '15:00:00', 1, '2025-09-04'),
(4462, 8, 74, 214, '12:00:00', 1, '2025-09-04'),
(4463, 8, 75, 224, '12:00:00', 1, '2025-09-01'),
(4464, 8, 74, 222, '16:00:00', 1, '2025-09-02'),
(4465, 6, 60, 170, '15:00:00', 1, '2025-09-01'),
(4466, 13, 100, 381, '16:00:00', 1, '2025-09-04'),
(4467, 10, 36, 279, '10:00:00', 1, '2025-09-03'),
(4468, 5, 45, 126, '09:00:00', 1, '2025-09-05'),
(4469, 2, 9, 58, '10:00:00', 1, '2025-09-04'),
(4470, 2, 9, 47, '16:00:00', 1, '2025-09-05'),
(4471, 7, 66, 184, '10:00:00', 0, '2025-09-01'),
(4472, 13, 103, 369, '16:00:00', 1, '2025-09-03'),
(4473, 6, 61, 151, '16:00:00', 1, '2025-09-01'),
(4474, 13, 102, 388, '09:00:00', 1, '2025-09-02'),
(4475, 15, 119, 430, '12:00:00', 1, '2025-09-05'),
(4476, 9, 81, 254, '16:00:00', 1, '2025-09-05'),
(4477, 11, 53, 317, '16:00:00', 1, '2025-09-01'),
(4478, 13, 101, 374, '12:00:00', 1, '2025-09-03'),
(4479, 12, 92, 340, '16:00:00', 0, '2025-09-04'),
(4480, 14, 106, 391, '12:00:00', 1, '2025-09-04'),
(4481, 12, 89, 333, '09:00:00', 1, '2025-09-01'),
(4482, 5, 48, 143, '12:00:00', 1, '2025-09-02'),
(4483, 6, 60, 160, '16:00:00', 1, '2025-09-04'),
(4484, 8, 79, 237, '10:00:00', 1, '2025-09-02'),
(4485, 11, 53, 301, '09:00:00', 1, '2025-09-05'),
(4486, 9, 84, 264, '15:00:00', 1, '2025-09-01'),
(4487, 3, 17, 83, '09:00:00', 1, '2025-09-01'),
(4488, 15, 114, 441, '16:00:00', 1, '2025-09-02'),
(4489, 9, 84, 243, '16:00:00', 1, '2025-09-04'),
(4490, 12, 90, 352, '10:00:00', 1, '2025-09-01'),
(4491, 8, 77, 238, '12:00:00', 1, '2025-09-03'),
(4492, 10, 40, 297, '15:00:00', 1, '2025-09-05'),
(4493, 4, 30, 99, '09:00:00', 1, '2025-09-02'),
(4494, 13, 101, 362, '16:00:00', 1, '2025-09-01'),
(4495, 1, 1, 23, '09:00:00', 1, '2025-09-01'),
(4496, 14, 112, 409, '09:00:00', 0, '2025-09-04'),
(4497, 11, 49, 326, '16:00:00', 1, '2025-09-05'),
(4498, 5, 45, 130, '16:00:00', 1, '2025-09-01'),
(4499, 7, 65, 185, '09:00:00', 1, '2025-09-01'),
(4500, 15, 113, 432, '10:00:00', 1, '2025-09-04'),
(4501, 7, 69, 201, '12:00:00', 1, '2025-09-03'),
(4502, 12, 90, 358, '16:00:00', 0, '2025-09-02'),
(4503, 9, 81, 262, '09:00:00', 1, '2025-09-01'),
(4504, 5, 45, 138, '16:00:00', 1, '2025-09-01'),
(4505, 13, 101, 386, '12:00:00', 1, '2025-09-03'),
(4506, 13, 98, 382, '16:00:00', 1, '2025-09-02'),
(4507, 5, 43, 126, '15:00:00', 1, '2025-09-04'),
(4508, 15, 114, 444, '12:00:00', 1, '2025-09-04'),
(4509, 15, 119, 443, '16:00:00', 1, '2025-09-03'),
(4510, 5, 42, 137, '12:00:00', 1, '2025-09-04'),
(4511, 14, 109, 417, '16:00:00', 1, '2025-09-01'),
(4512, 6, 59, 179, '09:00:00', 1, '2025-09-03'),
(4513, 13, 100, 364, '15:00:00', 1, '2025-09-01'),
(4514, 6, 62, 161, '10:00:00', 1, '2025-09-05'),
(4515, 2, 14, 56, '09:00:00', 1, '2025-09-02'),
(4516, 12, 95, 340, '12:00:00', 1, '2025-09-05'),
(4517, 13, 98, 380, '12:00:00', 0, '2025-09-04'),
(4518, 7, 72, 210, '15:00:00', 1, '2025-09-05'),
(4519, 6, 59, 158, '12:00:00', 1, '2025-09-01'),
(4520, 15, 117, 422, '12:00:00', 1, '2025-09-03'),
(4521, 10, 35, 292, '12:00:00', 1, '2025-09-01'),
(4522, 3, 17, 84, '09:00:00', 1, '2025-09-01'),
(4523, 1, 2, 11, '16:00:00', 1, '2025-09-02'),
(4524, 9, 82, 266, '12:00:00', 1, '2025-09-04'),
(4525, 6, 63, 158, '12:00:00', 1, '2025-09-05'),
(4526, 7, 71, 205, '16:00:00', 1, '2025-09-03'),
(4527, 3, 22, 72, '09:00:00', 1, '2025-09-02'),
(4528, 9, 87, 250, '10:00:00', 1, '2025-09-02'),
(4529, 11, 52, 321, '10:00:00', 0, '2025-09-03'),
(4530, 14, 105, 392, '16:00:00', 1, '2025-09-05'),
(4531, 6, 57, 179, '09:00:00', 1, '2025-09-01'),
(4532, 5, 43, 147, '15:00:00', 0, '2025-09-04'),
(4533, 3, 19, 76, '12:00:00', 1, '2025-09-01'),
(4534, 1, 3, 20, '12:00:00', 1, '2025-09-01'),
(4535, 12, 91, 355, '15:00:00', 1, '2025-09-04'),
(4536, 7, 68, 185, '10:00:00', 1, '2025-09-03'),
(4537, 15, 116, 425, '16:00:00', 1, '2025-09-04'),
(4538, 10, 34, 287, '10:00:00', 0, '2025-09-01'),
(4539, 1, 1, 23, '16:00:00', 1, '2025-09-05'),
(4540, 7, 72, 197, '09:00:00', 1, '2025-09-04'),
(4541, 12, 94, 334, '10:00:00', 1, '2025-09-05'),
(4542, 4, 31, 114, '16:00:00', 1, '2025-09-03'),
(4543, 15, 116, 428, '15:00:00', 1, '2025-09-01'),
(4544, 11, 51, 306, '09:00:00', 1, '2025-09-03'),
(4545, 6, 57, 162, '09:00:00', 1, '2025-09-01'),
(4546, 9, 87, 254, '12:00:00', 1, '2025-09-05'),
(4547, 15, 117, 437, '12:00:00', 1, '2025-09-03'),
(4548, 11, 52, 324, '16:00:00', 1, '2025-09-04'),
(4549, 10, 37, 299, '16:00:00', 1, '2025-09-01'),
(4550, 15, 113, 439, '16:00:00', 1, '2025-09-05'),
(4551, 7, 66, 194, '16:00:00', 1, '2025-09-02'),
(4552, 7, 66, 189, '16:00:00', 1, '2025-09-02'),
(4553, 3, 19, 74, '15:00:00', 1, '2025-09-04'),
(4554, 15, 117, 427, '16:00:00', 1, '2025-09-01'),
(4555, 15, 116, 447, '16:00:00', 1, '2025-09-04'),
(4556, 12, 90, 345, '12:00:00', 1, '2025-09-04'),
(4557, 12, 94, 348, '09:00:00', 1, '2025-09-02'),
(4558, 14, 110, 403, '15:00:00', 1, '2025-09-03'),
(4559, 9, 86, 245, '09:00:00', 1, '2025-09-02'),
(4560, 13, 97, 363, '10:00:00', 1, '2025-09-04'),
(4561, 12, 89, 352, '16:00:00', 1, '2025-09-05'),
(4562, 10, 33, 287, '09:00:00', 1, '2025-09-01'),
(4563, 7, 65, 207, '09:00:00', 1, '2025-09-01'),
(4564, 8, 74, 216, '10:00:00', 1, '2025-09-01'),
(4565, 12, 93, 331, '09:00:00', 1, '2025-09-05'),
(4566, 10, 38, 281, '15:00:00', 1, '2025-09-03'),
(4567, 4, 26, 91, '10:00:00', 1, '2025-09-01'),
(4568, 9, 84, 256, '15:00:00', 1, '2025-09-01'),
(4569, 6, 60, 160, '15:00:00', 1, '2025-09-01'),
(4570, 8, 73, 229, '15:00:00', 1, '2025-09-02'),
(4571, 13, 98, 364, '12:00:00', 1, '2025-09-04'),
(4572, 5, 42, 148, '12:00:00', 1, '2025-09-04'),
(4573, 2, 12, 39, '16:00:00', 1, '2025-09-04'),
(4574, 2, 11, 41, '09:00:00', 1, '2025-09-03'),
(4575, 8, 75, 218, '09:00:00', 0, '2025-09-03'),
(4576, 5, 44, 136, '16:00:00', 1, '2025-09-04'),
(4577, 10, 37, 285, '16:00:00', 0, '2025-09-01'),
(4578, 4, 28, 118, '10:00:00', 1, '2025-09-03'),
(4579, 2, 14, 59, '10:00:00', 1, '2025-09-05'),
(4580, 13, 101, 383, '12:00:00', 1, '2025-09-03'),
(4581, 5, 48, 143, '15:00:00', 0, '2025-09-05'),
(4582, 6, 64, 175, '09:00:00', 0, '2025-09-04'),
(4583, 2, 11, 57, '12:00:00', 1, '2025-09-01'),
(4584, 8, 76, 238, '10:00:00', 1, '2025-09-03'),
(4585, 12, 90, 331, '12:00:00', 1, '2025-09-04'),
(4586, 7, 68, 192, '16:00:00', 1, '2025-09-04'),
(4587, 12, 95, 358, '10:00:00', 1, '2025-09-02'),
(4588, 12, 89, 339, '15:00:00', 0, '2025-09-02'),
(4589, 7, 65, 206, '09:00:00', 0, '2025-09-01'),
(4590, 8, 80, 220, '12:00:00', 1, '2025-09-02'),
(4591, 10, 38, 281, '09:00:00', 1, '2025-09-02'),
(4592, 9, 88, 262, '09:00:00', 1, '2025-09-04'),
(4593, 4, 27, 99, '12:00:00', 1, '2025-09-01'),
(4594, 13, 102, 379, '10:00:00', 1, '2025-09-05'),
(4595, 6, 62, 176, '15:00:00', 1, '2025-09-03'),
(4596, 3, 22, 85, '09:00:00', 1, '2025-09-02'),
(4597, 11, 49, 317, '10:00:00', 1, '2025-09-04'),
(4598, 5, 42, 147, '12:00:00', 1, '2025-09-04'),
(4599, 6, 57, 162, '16:00:00', 1, '2025-09-05'),
(4600, 14, 105, 400, '15:00:00', 1, '2025-09-02'),
(4601, 3, 17, 78, '10:00:00', 1, '2025-09-04'),
(4602, 11, 54, 302, '15:00:00', 1, '2025-09-03'),
(4603, 10, 40, 295, '15:00:00', 1, '2025-09-05'),
(4604, 10, 37, 290, '12:00:00', 1, '2025-09-03'),
(4605, 1, 7, 9, '16:00:00', 1, '2025-09-03'),
(4606, 13, 98, 365, '10:00:00', 1, '2025-09-01'),
(4607, 7, 69, 208, '12:00:00', 1, '2025-09-03'),
(4608, 4, 32, 102, '12:00:00', 1, '2025-09-02'),
(4609, 14, 111, 413, '10:00:00', 1, '2025-09-02'),
(4610, 9, 87, 241, '12:00:00', 0, '2025-09-05'),
(4611, 8, 77, 239, '12:00:00', 1, '2025-09-03'),
(4612, 9, 84, 250, '10:00:00', 0, '2025-09-03'),
(4613, 4, 25, 93, '10:00:00', 1, '2025-09-04'),
(4614, 6, 58, 151, '10:00:00', 1, '2025-09-01'),
(4615, 10, 39, 294, '12:00:00', 1, '2025-09-05'),
(4616, 1, 1, 16, '10:00:00', 1, '2025-09-04'),
(4617, 3, 23, 85, '12:00:00', 1, '2025-09-05'),
(4618, 14, 107, 417, '12:00:00', 1, '2025-09-01'),
(4619, 12, 95, 348, '10:00:00', 1, '2025-09-02'),
(4620, 4, 26, 103, '16:00:00', 1, '2025-09-02'),
(4621, 7, 68, 188, '10:00:00', 1, '2025-09-03'),
(4622, 7, 71, 201, '16:00:00', 1, '2025-09-03'),
(4623, 6, 59, 155, '09:00:00', 1, '2025-09-03'),
(4624, 7, 70, 183, '09:00:00', 1, '2025-09-02'),
(4625, 7, 66, 196, '12:00:00', 1, '2025-09-04'),
(4626, 2, 10, 58, '12:00:00', 1, '2025-09-04'),
(4627, 4, 29, 101, '12:00:00', 1, '2025-09-03'),
(4628, 13, 99, 384, '15:00:00', 0, '2025-09-04'),
(4629, 1, 4, 6, '15:00:00', 1, '2025-09-01'),
(4630, 6, 59, 171, '09:00:00', 1, '2025-09-03'),
(4631, 9, 83, 266, '12:00:00', 1, '2025-09-01'),
(4632, 13, 97, 362, '15:00:00', 1, '2025-09-02'),
(4633, 11, 49, 305, '15:00:00', 1, '2025-09-02'),
(4634, 2, 15, 40, '12:00:00', 1, '2025-09-05'),
(4635, 11, 51, 325, '15:00:00', 1, '2025-09-04'),
(4636, 8, 74, 229, '12:00:00', 0, '2025-09-04'),
(4637, 12, 91, 336, '09:00:00', 1, '2025-09-03'),
(4638, 4, 32, 99, '09:00:00', 1, '2025-09-04'),
(4639, 4, 32, 97, '15:00:00', 1, '2025-09-05'),
(4640, 14, 105, 414, '09:00:00', 1, '2025-09-01'),
(4641, 4, 30, 101, '09:00:00', 1, '2025-09-02'),
(4642, 1, 6, 29, '09:00:00', 0, '2025-09-02'),
(4643, 3, 20, 83, '15:00:00', 1, '2025-09-01'),
(4644, 13, 97, 373, '15:00:00', 0, '2025-09-02'),
(4645, 15, 113, 449, '16:00:00', 1, '2025-09-05'),
(4646, 1, 3, 10, '09:00:00', 1, '2025-09-03'),
(4647, 11, 54, 319, '10:00:00', 1, '2025-09-05'),
(4648, 6, 57, 162, '15:00:00', 1, '2025-09-02'),
(4649, 8, 78, 214, '09:00:00', 1, '2025-09-02'),
(4650, 13, 101, 366, '16:00:00', 1, '2025-09-01'),
(4651, 8, 77, 227, '09:00:00', 1, '2025-09-05'),
(4652, 3, 24, 85, '09:00:00', 1, '2025-09-04'),
(4653, 10, 39, 279, '10:00:00', 1, '2025-09-02'),
(4654, 2, 13, 57, '09:00:00', 1, '2025-09-05'),
(4655, 2, 12, 45, '10:00:00', 1, '2025-09-03'),
(4656, 10, 40, 281, '12:00:00', 1, '2025-09-02'),
(4657, 2, 16, 36, '09:00:00', 1, '2025-09-04'),
(4658, 13, 103, 364, '10:00:00', 1, '2025-09-02'),
(4659, 10, 40, 273, '12:00:00', 1, '2025-09-02'),
(4660, 2, 16, 33, '15:00:00', 1, '2025-09-05'),
(4661, 9, 85, 254, '09:00:00', 1, '2025-09-05'),
(4662, 4, 26, 109, '12:00:00', 1, '2025-09-04'),
(4663, 11, 54, 315, '15:00:00', 1, '2025-09-03'),
(4664, 8, 77, 218, '09:00:00', 1, '2025-09-05'),
(4665, 1, 5, 26, '16:00:00', 1, '2025-09-01'),
(4666, 6, 60, 151, '15:00:00', 1, '2025-09-01'),
(4667, 1, 3, 6, '15:00:00', 1, '2025-09-04'),
(4668, 8, 80, 228, '12:00:00', 1, '2025-09-02'),
(4669, 2, 13, 54, '16:00:00', 1, '2025-09-01'),
(4670, 6, 63, 175, '12:00:00', 1, '2025-09-05'),
(4671, 3, 23, 89, '12:00:00', 1, '2025-09-05'),
(4672, 1, 1, 2, '09:00:00', 1, '2025-09-01'),
(4673, 2, 16, 49, '15:00:00', 1, '2025-09-05'),
(4674, 6, 58, 153, '12:00:00', 1, '2025-09-04'),
(4675, 7, 71, 183, '12:00:00', 0, '2025-09-05'),
(4676, 4, 31, 92, '16:00:00', 1, '2025-09-03'),
(4677, 14, 107, 417, '15:00:00', 1, '2025-09-04'),
(4678, 2, 9, 36, '15:00:00', 1, '2025-09-02'),
(4679, 13, 97, 385, '15:00:00', 1, '2025-09-02'),
(4680, 1, 6, 17, '15:00:00', 1, '2025-09-03'),
(4681, 12, 90, 345, '10:00:00', 1, '2025-09-01'),
(4682, 11, 49, 315, '10:00:00', 1, '2025-09-04'),
(4683, 7, 70, 191, '15:00:00', 1, '2025-09-03'),
(4684, 13, 98, 371, '12:00:00', 1, '2025-09-04'),
(4685, 4, 25, 93, '15:00:00', 1, '2025-09-02'),
(4686, 5, 42, 127, '16:00:00', 0, '2025-09-02'),
(4687, 11, 56, 303, '15:00:00', 1, '2025-09-05'),
(4688, 13, 97, 387, '09:00:00', 1, '2025-09-01'),
(4689, 10, 34, 273, '16:00:00', 0, '2025-09-02'),
(4690, 5, 45, 130, '09:00:00', 1, '2025-09-05'),
(4691, 1, 5, 29, '12:00:00', 1, '2025-09-03'),
(4692, 11, 52, 322, '16:00:00', 1, '2025-09-04'),
(4693, 4, 31, 98, '16:00:00', 1, '2025-09-03'),
(4694, 13, 100, 366, '16:00:00', 1, '2025-09-04'),
(4695, 12, 95, 341, '12:00:00', 1, '2025-09-05'),
(4696, 10, 35, 291, '09:00:00', 1, '2025-09-03'),
(4697, 7, 70, 205, '10:00:00', 1, '2025-09-05'),
(4698, 14, 110, 415, '15:00:00', 1, '2025-09-03'),
(4699, 10, 35, 285, '09:00:00', 1, '2025-09-03'),
(4700, 10, 33, 288, '15:00:00', 1, '2025-09-02'),
(4701, 7, 66, 185, '10:00:00', 1, '2025-09-01'),
(4702, 6, 58, 169, '10:00:00', 1, '2025-09-01'),
(4703, 1, 7, 6, '12:00:00', 0, '2025-09-05'),
(4704, 6, 63, 178, '16:00:00', 1, '2025-09-03'),
(4705, 5, 48, 125, '15:00:00', 1, '2025-09-05'),
(4706, 10, 36, 298, '16:00:00', 0, '2025-09-04'),
(4707, 4, 25, 97, '15:00:00', 1, '2025-09-02'),
(4708, 5, 47, 150, '10:00:00', 0, '2025-09-02'),
(4709, 5, 46, 121, '15:00:00', 1, '2025-09-03'),
(4710, 1, 2, 22, '16:00:00', 1, '2025-09-02'),
(4711, 15, 114, 437, '16:00:00', 1, '2025-09-02'),
(4712, 14, 112, 407, '12:00:00', 1, '2025-09-02'),
(4713, 6, 64, 153, '12:00:00', 1, '2025-09-02'),
(4714, 6, 63, 162, '12:00:00', 1, '2025-09-05'),
(4715, 1, 8, 28, '09:00:00', 1, '2025-09-04'),
(4716, 8, 74, 231, '12:00:00', 1, '2025-09-04'),
(4717, 13, 98, 361, '12:00:00', 1, '2025-09-04'),
(4718, 13, 97, 366, '16:00:00', 1, '2025-09-05'),
(4719, 8, 76, 221, '15:00:00', 1, '2025-09-01'),
(4720, 10, 35, 293, '09:00:00', 1, '2025-09-03'),
(4721, 11, 53, 323, '12:00:00', 1, '2025-09-03'),
(4722, 10, 37, 272, '12:00:00', 0, '2025-09-03'),
(4723, 2, 9, 36, '10:00:00', 1, '2025-09-04'),
(4724, 6, 61, 157, '16:00:00', 0, '2025-09-01'),
(4725, 14, 109, 404, '16:00:00', 0, '2025-09-01'),
(4726, 4, 28, 115, '10:00:00', 0, '2025-09-03'),
(4727, 14, 109, 418, '09:00:00', 1, '2025-09-05'),
(4728, 11, 50, 307, '10:00:00', 1, '2025-09-01'),
(4729, 3, 17, 89, '16:00:00', 1, '2025-09-05'),
(4730, 5, 41, 150, '10:00:00', 1, '2025-09-04'),
(4731, 12, 92, 357, '15:00:00', 0, '2025-09-01'),
(4732, 10, 34, 295, '16:00:00', 1, '2025-09-02'),
(4733, 7, 65, 190, '10:00:00', 0, '2025-09-04'),
(4734, 1, 4, 15, '16:00:00', 1, '2025-09-04'),
(4735, 10, 35, 292, '09:00:00', 1, '2025-09-03'),
(4736, 5, 43, 122, '15:00:00', 1, '2025-09-04'),
(4737, 6, 61, 163, '16:00:00', 1, '2025-09-01'),
(4738, 4, 27, 109, '15:00:00', 1, '2025-09-04'),
(4739, 7, 71, 205, '12:00:00', 1, '2025-09-05'),
(4740, 3, 19, 81, '12:00:00', 1, '2025-09-01'),
(4741, 5, 45, 148, '12:00:00', 0, '2025-09-03'),
(4742, 7, 70, 197, '15:00:00', 1, '2025-09-03'),
(4743, 3, 19, 84, '09:00:00', 1, '2025-09-03'),
(4744, 7, 68, 200, '15:00:00', 1, '2025-09-01'),
(4745, 8, 73, 219, '16:00:00', 1, '2025-09-05'),
(4746, 10, 33, 271, '15:00:00', 1, '2025-09-02'),
(4747, 10, 34, 297, '16:00:00', 1, '2025-09-02'),
(4748, 6, 63, 175, '16:00:00', 1, '2025-09-03'),
(4749, 3, 19, 88, '09:00:00', 1, '2025-09-03'),
(4750, 13, 104, 381, '12:00:00', 1, '2025-09-02'),
(4751, 7, 70, 198, '10:00:00', 1, '2025-09-05'),
(4752, 7, 66, 188, '12:00:00', 1, '2025-09-04'),
(4753, 14, 109, 402, '09:00:00', 0, '2025-09-05'),
(4754, 14, 106, 415, '16:00:00', 0, '2025-09-02'),
(4755, 11, 52, 302, '10:00:00', 0, '2025-09-03'),
(4756, 3, 20, 68, '15:00:00', 1, '2025-09-01'),
(4757, 1, 4, 3, '10:00:00', 1, '2025-09-03'),
(4758, 2, 12, 38, '16:00:00', 0, '2025-09-04'),
(4759, 2, 15, 54, '16:00:00', 1, '2025-09-03'),
(4760, 12, 95, 357, '10:00:00', 1, '2025-09-02'),
(4761, 9, 81, 269, '16:00:00', 1, '2025-09-05'),
(4762, 9, 83, 260, '15:00:00', 1, '2025-09-04'),
(4763, 10, 36, 282, '15:00:00', 1, '2025-09-01'),
(4764, 8, 78, 238, '15:00:00', 1, '2025-09-03'),
(4765, 14, 108, 407, '16:00:00', 1, '2025-09-04'),
(4766, 10, 35, 283, '12:00:00', 1, '2025-09-01'),
(4767, 10, 39, 285, '16:00:00', 1, '2025-09-03'),
(4768, 8, 73, 212, '09:00:00', 1, '2025-09-01'),
(4769, 7, 69, 201, '09:00:00', 1, '2025-09-05'),
(4770, 7, 70, 204, '09:00:00', 1, '2025-09-02'),
(4771, 6, 63, 167, '16:00:00', 1, '2025-09-03'),
(4772, 4, 32, 101, '15:00:00', 1, '2025-09-05'),
(4773, 4, 27, 106, '09:00:00', 1, '2025-09-03'),
(4774, 9, 81, 252, '10:00:00', 1, '2025-09-04'),
(4775, 13, 104, 380, '12:00:00', 0, '2025-09-02'),
(4776, 7, 70, 182, '09:00:00', 1, '2025-09-02'),
(4777, 4, 28, 103, '16:00:00', 1, '2025-09-04'),
(4778, 1, 8, 25, '09:00:00', 1, '2025-09-04'),
(4779, 8, 79, 214, '16:00:00', 1, '2025-09-03'),
(4780, 12, 94, 336, '15:00:00', 1, '2025-09-03'),
(4781, 10, 36, 296, '16:00:00', 1, '2025-09-04'),
(4782, 15, 117, 442, '16:00:00', 1, '2025-09-01'),
(4783, 7, 65, 200, '15:00:00', 1, '2025-09-02'),
(4784, 4, 25, 109, '15:00:00', 1, '2025-09-02'),
(4785, 2, 14, 40, '09:00:00', 0, '2025-09-02'),
(4786, 10, 33, 290, '15:00:00', 1, '2025-09-02'),
(4787, 8, 74, 223, '10:00:00', 1, '2025-09-01'),
(4788, 8, 75, 232, '12:00:00', 1, '2025-09-01'),
(4789, 8, 80, 232, '12:00:00', 1, '2025-09-02'),
(4790, 3, 23, 76, '16:00:00', 1, '2025-09-03'),
(4791, 9, 84, 245, '10:00:00', 1, '2025-09-03'),
(4792, 11, 55, 312, '16:00:00', 1, '2025-09-03'),
(4793, 13, 98, 387, '16:00:00', 1, '2025-09-02'),
(4794, 4, 28, 94, '16:00:00', 1, '2025-09-04'),
(4795, 9, 84, 246, '16:00:00', 1, '2025-09-04'),
(4796, 15, 114, 438, '16:00:00', 1, '2025-09-02'),
(4797, 3, 22, 82, '09:00:00', 1, '2025-09-02'),
(4798, 9, 87, 252, '16:00:00', 1, '2025-09-03'),
(4799, 11, 52, 307, '10:00:00', 1, '2025-09-03'),
(4800, 1, 4, 5, '10:00:00', 0, '2025-09-03'),
(4801, 5, 45, 143, '12:00:00', 0, '2025-09-03'),
(4802, 12, 93, 341, '16:00:00', 0, '2025-09-01'),
(4803, 11, 53, 326, '16:00:00', 1, '2025-09-01'),
(4804, 5, 44, 148, '16:00:00', 1, '2025-09-04'),
(4805, 5, 43, 134, '09:00:00', 1, '2025-09-03'),
(4806, 10, 35, 273, '09:00:00', 1, '2025-09-03'),
(4807, 15, 119, 428, '16:00:00', 1, '2025-09-03'),
(4808, 8, 77, 225, '12:00:00', 1, '2025-09-03'),
(4809, 3, 22, 68, '10:00:00', 1, '2025-09-05'),
(4810, 7, 70, 199, '15:00:00', 1, '2025-09-03'),
(4811, 8, 74, 217, '10:00:00', 1, '2025-09-01'),
(4812, 9, 86, 270, '15:00:00', 1, '2025-09-03'),
(4813, 1, 8, 5, '15:00:00', 1, '2025-09-05'),
(4814, 10, 36, 287, '15:00:00', 1, '2025-09-01'),
(4815, 13, 104, 378, '12:00:00', 0, '2025-09-02'),
(4816, 15, 113, 425, '15:00:00', 1, '2025-09-02'),
(4817, 8, 79, 228, '16:00:00', 1, '2025-09-03'),
(4818, 5, 46, 148, '15:00:00', 1, '2025-09-03'),
(4819, 3, 17, 61, '15:00:00', 1, '2025-09-02'),
(4820, 1, 1, 18, '16:00:00', 1, '2025-09-05'),
(4821, 15, 113, 450, '10:00:00', 1, '2025-09-04'),
(4822, 10, 37, 296, '09:00:00', 1, '2025-09-05'),
(4823, 11, 53, 309, '09:00:00', 1, '2025-09-05'),
(4824, 14, 109, 406, '09:00:00', 1, '2025-09-05'),
(4825, 12, 95, 336, '10:00:00', 1, '2025-09-02'),
(4826, 2, 15, 35, '16:00:00', 1, '2025-09-03'),
(4827, 2, 11, 55, '09:00:00', 1, '2025-09-03'),
(4828, 7, 69, 186, '12:00:00', 1, '2025-09-03'),
(4829, 9, 86, 268, '15:00:00', 1, '2025-09-03'),
(4830, 8, 73, 240, '15:00:00', 1, '2025-09-02'),
(4831, 15, 116, 439, '16:00:00', 1, '2025-09-04'),
(4832, 8, 74, 238, '12:00:00', 1, '2025-09-04'),
(4833, 15, 118, 444, '09:00:00', 1, '2025-09-02'),
(4834, 1, 1, 3, '15:00:00', 1, '2025-09-02'),
(4835, 6, 62, 171, '10:00:00', 1, '2025-09-05'),
(4836, 1, 8, 5, '09:00:00', 1, '2025-09-04'),
(4837, 14, 112, 413, '12:00:00', 1, '2025-09-02'),
(4838, 4, 31, 115, '12:00:00', 1, '2025-09-05'),
(4839, 11, 53, 319, '09:00:00', 1, '2025-09-05'),
(4840, 14, 106, 419, '12:00:00', 1, '2025-09-04'),
(4841, 8, 77, 231, '16:00:00', 1, '2025-09-01'),
(4842, 15, 113, 430, '16:00:00', 1, '2025-09-05'),
(4843, 7, 70, 181, '15:00:00', 1, '2025-09-03'),
(4844, 4, 25, 104, '09:00:00', 1, '2025-09-01'),
(4845, 11, 53, 318, '16:00:00', 1, '2025-09-01'),
(4846, 15, 115, 448, '12:00:00', 1, '2025-09-01'),
(4847, 11, 55, 326, '16:00:00', 1, '2025-09-03'),
(4848, 5, 43, 128, '15:00:00', 1, '2025-09-04'),
(4849, 15, 118, 426, '10:00:00', 1, '2025-09-05'),
(4850, 5, 45, 123, '09:00:00', 1, '2025-09-05'),
(4851, 14, 108, 403, '15:00:00', 1, '2025-09-01'),
(4852, 8, 77, 240, '16:00:00', 1, '2025-09-01'),
(4853, 11, 55, 305, '12:00:00', 1, '2025-09-05'),
(4854, 8, 78, 228, '15:00:00', 1, '2025-09-03'),
(4855, 7, 66, 189, '12:00:00', 1, '2025-09-04'),
(4856, 12, 89, 352, '09:00:00', 1, '2025-09-01'),
(4857, 1, 8, 2, '15:00:00', 1, '2025-09-05'),
(4858, 15, 120, 444, '12:00:00', 1, '2025-09-02'),
(4859, 2, 12, 55, '15:00:00', 0, '2025-09-01'),
(4860, 13, 99, 370, '15:00:00', 1, '2025-09-04'),
(4861, 14, 110, 401, '15:00:00', 1, '2025-09-03'),
(4862, 6, 59, 180, '12:00:00', 1, '2025-09-01'),
(4863, 4, 30, 98, '15:00:00', 1, '2025-09-03'),
(4864, 13, 102, 390, '10:00:00', 1, '2025-09-05'),
(4865, 11, 52, 328, '10:00:00', 1, '2025-09-03'),
(4866, 1, 6, 13, '15:00:00', 1, '2025-09-03'),
(4867, 1, 3, 3, '15:00:00', 0, '2025-09-04'),
(4868, 4, 32, 104, '15:00:00', 1, '2025-09-05'),
(4869, 15, 118, 444, '15:00:00', 1, '2025-09-03'),
(4870, 1, 6, 8, '15:00:00', 1, '2025-09-03'),
(4871, 12, 94, 343, '10:00:00', 1, '2025-09-05'),
(4872, 4, 28, 97, '16:00:00', 1, '2025-09-04'),
(4873, 13, 98, 376, '16:00:00', 1, '2025-09-02'),
(4874, 9, 83, 243, '09:00:00', 1, '2025-09-03'),
(4875, 1, 1, 17, '15:00:00', 1, '2025-09-02'),
(4876, 8, 79, 217, '16:00:00', 1, '2025-09-03'),
(4877, 12, 92, 356, '16:00:00', 1, '2025-09-04'),
(4878, 3, 19, 85, '12:00:00', 1, '2025-09-01'),
(4879, 1, 8, 20, '15:00:00', 1, '2025-09-05'),
(4880, 5, 48, 141, '09:00:00', 1, '2025-09-04'),
(4881, 8, 73, 233, '15:00:00', 1, '2025-09-02'),
(4882, 8, 77, 213, '12:00:00', 1, '2025-09-03'),
(4883, 1, 8, 12, '15:00:00', 1, '2025-09-05'),
(4884, 1, 3, 24, '09:00:00', 1, '2025-09-03'),
(4885, 12, 91, 360, '15:00:00', 1, '2025-09-04'),
(4886, 15, 120, 450, '15:00:00', 1, '2025-09-05'),
(4887, 5, 46, 137, '10:00:00', 1, '2025-09-05'),
(4888, 14, 108, 409, '15:00:00', 1, '2025-09-01'),
(4889, 12, 89, 344, '09:00:00', 1, '2025-09-01'),
(4890, 5, 41, 121, '16:00:00', 1, '2025-09-05'),
(4891, 3, 20, 89, '16:00:00', 1, '2025-09-04'),
(4892, 5, 43, 145, '15:00:00', 1, '2025-09-04'),
(4893, 5, 46, 122, '15:00:00', 1, '2025-09-03'),
(4894, 3, 19, 71, '15:00:00', 1, '2025-09-04'),
(4895, 4, 25, 103, '16:00:00', 1, '2025-09-05'),
(4896, 6, 60, 176, '10:00:00', 1, '2025-09-03'),
(4897, 9, 82, 260, '12:00:00', 1, '2025-09-04'),
(4898, 12, 92, 336, '10:00:00', 1, '2025-09-03'),
(4899, 10, 40, 291, '15:00:00', 1, '2025-09-05'),
(4900, 8, 76, 228, '16:00:00', 0, '2025-09-04'),
(4901, 15, 119, 449, '12:00:00', 1, '2025-09-05'),
(4902, 8, 80, 232, '09:00:00', 1, '2025-09-04'),
(4903, 11, 52, 320, '15:00:00', 1, '2025-09-01'),
(4904, 10, 37, 299, '12:00:00', 1, '2025-09-03'),
(4905, 11, 51, 326, '12:00:00', 1, '2025-09-01'),
(4906, 10, 33, 282, '10:00:00', 0, '2025-09-04'),
(4907, 10, 40, 287, '12:00:00', 1, '2025-09-02'),
(4908, 6, 59, 156, '15:00:00', 1, '2025-09-04'),
(4909, 8, 76, 223, '10:00:00', 1, '2025-09-03'),
(4910, 5, 41, 131, '09:00:00', 1, '2025-09-01'),
(4911, 13, 100, 363, '16:00:00', 1, '2025-09-04'),
(4912, 13, 98, 381, '12:00:00', 1, '2025-09-04'),
(4913, 4, 32, 103, '15:00:00', 1, '2025-09-05'),
(4914, 14, 110, 400, '09:00:00', 1, '2025-09-02'),
(4915, 9, 81, 248, '16:00:00', 1, '2025-09-05'),
(4916, 2, 13, 33, '09:00:00', 1, '2025-09-05'),
(4917, 3, 18, 63, '10:00:00', 1, '2025-09-01'),
(4918, 14, 111, 398, '12:00:00', 1, '2025-09-05'),
(4919, 15, 113, 444, '16:00:00', 1, '2025-09-05'),
(4920, 1, 4, 30, '10:00:00', 1, '2025-09-03'),
(4921, 15, 115, 425, '12:00:00', 1, '2025-09-01'),
(4922, 8, 73, 226, '09:00:00', 1, '2025-09-01'),
(4923, 13, 102, 373, '15:00:00', 1, '2025-09-03'),
(4924, 7, 72, 195, '09:00:00', 1, '2025-09-04'),
(4925, 9, 82, 258, '12:00:00', 1, '2025-09-04'),
(4926, 7, 70, 202, '10:00:00', 1, '2025-09-05'),
(4927, 4, 30, 98, '09:00:00', 0, '2025-09-02'),
(4928, 11, 56, 311, '12:00:00', 1, '2025-09-02'),
(4929, 10, 33, 282, '16:00:00', 1, '2025-09-05'),
(4930, 9, 83, 249, '12:00:00', 1, '2025-09-01'),
(4931, 3, 17, 88, '09:00:00', 0, '2025-09-01'),
(4932, 3, 23, 65, '12:00:00', 1, '2025-09-05'),
(4933, 6, 58, 158, '12:00:00', 0, '2025-09-04'),
(4934, 14, 105, 411, '16:00:00', 1, '2025-09-05'),
(4935, 3, 20, 87, '15:00:00', 0, '2025-09-01'),
(4936, 2, 14, 60, '10:00:00', 1, '2025-09-05'),
(4937, 4, 30, 94, '15:00:00', 1, '2025-09-03'),
(4938, 10, 38, 272, '10:00:00', 1, '2025-09-05'),
(4939, 2, 16, 38, '12:00:00', 1, '2025-09-02'),
(4940, 12, 89, 359, '15:00:00', 1, '2025-09-02'),
(4941, 4, 28, 98, '16:00:00', 1, '2025-09-04'),
(4942, 7, 68, 206, '16:00:00', 1, '2025-09-04'),
(4943, 5, 48, 144, '12:00:00', 1, '2025-09-02'),
(4944, 10, 33, 293, '10:00:00', 1, '2025-09-04'),
(4945, 9, 86, 248, '15:00:00', 1, '2025-09-03'),
(4946, 3, 23, 84, '10:00:00', 1, '2025-09-02'),
(4947, 15, 118, 425, '10:00:00', 1, '2025-09-05'),
(4948, 7, 70, 195, '10:00:00', 1, '2025-09-05'),
(4949, 11, 49, 307, '09:00:00', 1, '2025-09-01'),
(4950, 3, 22, 78, '10:00:00', 1, '2025-09-05'),
(4951, 4, 28, 109, '15:00:00', 1, '2025-09-01'),
(4952, 13, 104, 389, '12:00:00', 0, '2025-09-02'),
(4953, 15, 117, 443, '12:00:00', 1, '2025-09-03'),
(4954, 8, 73, 228, '15:00:00', 1, '2025-09-02'),
(4955, 15, 113, 429, '15:00:00', 1, '2025-09-02'),
(4956, 11, 49, 304, '10:00:00', 1, '2025-09-04'),
(4957, 14, 111, 404, '16:00:00', 1, '2025-09-03'),
(4958, 7, 67, 198, '15:00:00', 1, '2025-09-04'),
(4959, 5, 46, 133, '09:00:00', 1, '2025-09-02'),
(4960, 13, 97, 373, '09:00:00', 1, '2025-09-01'),
(4961, 11, 53, 306, '09:00:00', 1, '2025-09-05'),
(4962, 15, 118, 445, '15:00:00', 1, '2025-09-03'),
(4963, 9, 81, 247, '16:00:00', 1, '2025-09-05'),
(4964, 5, 42, 136, '12:00:00', 1, '2025-09-04'),
(4965, 5, 41, 143, '10:00:00', 0, '2025-09-04'),
(4966, 2, 14, 35, '09:00:00', 1, '2025-09-02'),
(4967, 1, 6, 18, '10:00:00', 1, '2025-09-05'),
(4968, 12, 91, 346, '09:00:00', 1, '2025-09-03'),
(4969, 15, 116, 428, '10:00:00', 1, '2025-09-03'),
(4970, 13, 104, 363, '15:00:00', 0, '2025-09-05'),
(4971, 11, 50, 321, '16:00:00', 0, '2025-09-02'),
(4972, 1, 6, 9, '15:00:00', 1, '2025-09-03'),
(4973, 12, 92, 337, '16:00:00', 1, '2025-09-04'),
(4974, 6, 61, 160, '12:00:00', 1, '2025-09-03'),
(4975, 3, 17, 76, '10:00:00', 1, '2025-09-04'),
(4976, 3, 23, 88, '12:00:00', 0, '2025-09-05'),
(4977, 7, 69, 200, '12:00:00', 1, '2025-09-03'),
(4978, 4, 26, 105, '16:00:00', 0, '2025-09-02'),
(4979, 10, 39, 291, '10:00:00', 1, '2025-09-02'),
(4980, 11, 56, 301, '09:00:00', 1, '2025-09-04'),
(4981, 6, 59, 162, '09:00:00', 1, '2025-09-03'),
(4982, 6, 57, 173, '10:00:00', 1, '2025-09-04'),
(4983, 4, 31, 109, '16:00:00', 1, '2025-09-03'),
(4984, 14, 106, 408, '10:00:00', 0, '2025-09-01'),
(4985, 10, 33, 286, '10:00:00', 1, '2025-09-04'),
(4986, 8, 76, 222, '10:00:00', 1, '2025-09-03'),
(4987, 3, 24, 80, '12:00:00', 1, '2025-09-02'),
(4988, 2, 15, 41, '12:00:00', 1, '2025-09-05'),
(4989, 7, 65, 209, '09:00:00', 1, '2025-09-01'),
(4990, 8, 80, 237, '15:00:00', 1, '2025-09-05'),
(4991, 15, 113, 422, '09:00:00', 1, '2025-09-01'),
(4992, 11, 53, 307, '09:00:00', 1, '2025-09-05'),
(4993, 15, 117, 450, '09:00:00', 1, '2025-09-05'),
(4994, 11, 52, 327, '16:00:00', 0, '2025-09-04'),
(4995, 13, 97, 361, '10:00:00', 1, '2025-09-04'),
(4996, 14, 111, 395, '10:00:00', 1, '2025-09-02'),
(4997, 6, 64, 162, '12:00:00', 1, '2025-09-02'),
(4998, 14, 110, 404, '09:00:00', 0, '2025-09-02'),
(4999, 13, 97, 388, '15:00:00', 1, '2025-09-02'),
(5000, 12, 95, 332, '16:00:00', 1, '2025-09-03');

-- Shows all AttendanceIDs from Student No. 277
SELECT AttendanceID FROM AttendanceServer
WHERE StudentID = 277;

-- Shows the schedule on Monday for CourseID 3 (Chemical Engineering A BatchYr2023 students)
SELECT DayOfWeek, TimeOfRecord, SubjectID FROM Schedule
WHERE CourseID = 3;

-- Shows Subject with ID 17 (General Chemistry)
SELECT * FROM Subject
WHERE SubjectID = 17;

-- Mark {Student No. [1]}, Erika Huynh from {CS-A [1]} {2024 [1]} absent for Sept 8 [9:00-10:00] lecture on {Pre-Calc [1]}
INSERT INTO AttendanceServer
VALUES
(5001, 1, 1, 1, '09:00:00', 0, '2025-09-09');

-- Add Mathematics Divisions A and B
INSERT INTO CourseInfo
VALUES
(16, 'Mathematics', 'A', 2025),
(17, 'Mathematics', 'B', 2025); 

-- Add 4 subjects to FY Mathematics, both divisions
INSERT INTO Subject
VALUES
(121, 'History of Math', 16, 1),
(122, 'History of Math', 17, 1),
(123, 'Calculus', 16, 1),
(124, 'Calculus', 17, 1),
(125, 'Discrete Math and LA', 16, 1),
(126, 'Discrete Math and LA', 16, 1),
(127, 'Geometry and Space', 16, 1),
(128, 'Geometry and Space', 17, 1);

-- Get info of Subjects where Subject is Algorithms. It should be be there twice, one for CS-A 2024 and one for CS-B 2024
SELECT SubjectID, CourseID, Yr FROM Subject
WHERE SubjectName = 'Algorithms';

-- How many classes was Student 128 absent?
SELECT COUNT(*) FROM AttendanceServer
WHERE StudentID = 127 AND Attended = 0;

-- How many classes was Student 128 PRESENT?
SELECT COUNT(*) FROM AttendanceServer
WHERE StudentID = 127 AND Attended = 1;
